benchmark,dataset,method,pearson,spearman,rmse,mae,ccc
pseudo,cellxgene_Heart_Left_Ventricle,recide,0.03628931131460064,0.6293333333333334,0.1812713493237344,0.10736675724399208,0.07534862591544415
pseudo,cellxgene_Heart_Left_Ventricle,fardeep,0.7838023434574218,0.8950077856341038,0.06434532227024102,0.04048766434474664,0.7911737762761138
pseudo,cellxgene_Heart_Left_Ventricle,methylresolver,0.8102424737325833,0.8761976355608977,0.04633902079408949,0.035004835730378325,0.7983644492003018
pseudo,cellxgene_Heart_Left_Ventricle,deconrnaseq,0.523658199210128,0.7901924806882618,0.20452815105816885,0.12297046375611753,0.5699762772007638
pseudo,cellxgene_Heart_Left_Ventricle,cibersortx,0.8876737863153452,0.9544822164222196,0.0244479330394376,0.019130020896915574,0.911481688923502
pseudo,cellxgene_Heart_Left_Ventricle,scdc,0.6258892242918164,0.7142499299457179,0.1092454785270902,0.07078737559626992,0.5891263277579551
pseudo,cellxgene_Heart_Left_Ventricle,squid,0.0,0.0,0.10505916168468506,0.08497225974431302,0.0
pseudo,cellxgene_Heart_Left_Ventricle,momf,0.19318891311576739,-0.5518336416677778,0.22188659159338261,0.18647338135268163,0.3063758945553729
pseudo,cellxgene_Heart_Left_Ventricle,deconpeaker,0.5744731425630223,0.5995591015451532,0.12715378509723146,0.07560678120524797,0.6209871852705411
pseudo,cellxgene_Heart_Left_Ventricle,demixsc,0.6725803356303427,0.8060293363655014,0.09744056225289666,0.055876741349510005,0.6767404076020701
pseudo,cellxgene_Heart_Left_Ventricle,diffformer,0.6725803356303324,0.8060293363655014,0.09744056225290783,0.05587674134951596,0.6767404076020701
pseudo,cellxgene_Heart_Left_Ventricle,refactor,0.11133429571347651,0.1559382855380994,0.20046749039265463,0.13258174940702447,0.10657012623630967
pseudo,cellxgene_Heart_Left_Ventricle,cpm,0.6662145774514188,0.3746666666666667,0.07470345822357843,0.05756274778703404,0.7138941963488814
pseudo,cellxgene_Heart_Left_Ventricle,dwls,0.9806687884957328,0.9781666666666666,0.012864740444670944,0.008971796937702005,0.9762274824716974
pseudo,cellxgene_Heart_Left_Ventricle,deconica,0.029748287950309767,0.02251137197982273,0.24483055798957154,0.1457668620707068,-0.017688666798717265
pseudo,cellxgene_Heart_Left_Ventricle,bayice,0.7517879504259299,0.7111666666666666,0.07898806223268881,0.0574902358053072,0.7361766396212533
pseudo,cellxgene_Heart_Left_Ventricle,nnls,0.672580319180501,0.8060293363655014,0.09744056595603348,0.055876745236245605,0.6767404076020701
pseudo,cellxgene_Heart_Left_Ventricle,nitumid,0.8357446225880676,0.5569999999999999,0.06766061663482735,0.05093935492240694,0.8314055946585495
pseudo,cellxgene_Heart_Left_Ventricle,linseed,0.06635586844105851,0.32655065967370717,0.23607870708183235,0.16700871680403068,0.0664391989646417
pseudo,cellxgene_Heart_Left_Ventricle,emeth,0.6611353298878834,0.7226746481441162,0.08065284412729959,0.05058407839723069,0.6441640665435628
pseudo,cellxgene_Heart_Left_Ventricle,rna-sieve,0.758156877475145,0.8458333333333333,0.14965953919729474,0.09092528090457065,0.887119472806241
pseudo,cellxgene_Heart_Left_Ventricle,countbridges,0.7502965138972026,0.8760000000000001,0.14815094228883147,0.08932465840032924,0.8789883359469268
pseudo,cellxgene_Heart_Left_Ventricle,scgpt/da,0.7604419183329787,0.9308333333333334,0.026941028282358174,0.02037436724729728,0.7480026314373758
pseudo,cellxgene_Heart_Left_Ventricle,scgpt/mmd,0.7508571771328658,0.94,0.029070219986608255,0.021781471443066355,0.740581642801743
pseudo,cellxgene_Heart_Left_Ventricle,scgpt/lr_7e5,0.7535675758484293,0.9383333333333335,0.027964141247636402,0.021730582095273517,0.7422580417769
pseudo,cellxgene_Heart_Left_Ventricle,scgpt/finetune,0.7335439941097808,0.9388333333333333,0.02907430685535767,0.02217083446650768,0.719371039824058
pseudo,cellxgene_Heart_Left_Ventricle,scgpt/frozen,0.24828154102645433,0.3443333333333333,0.08549685759254672,0.06956616935940775,0.26027445985161457
pseudo,cellxgene_Heart_Left_Ventricle,nusvr,0.8933795901136787,0.956461130633184,0.02501667579571521,0.019459100721475074,0.9004334792677129
pseudo,cellxgene_Heart_Left_Ventricle,immucellai,0.7793577587259676,0.927846612281901,0.04178392604025311,0.029948231860595968,0.7702015341792458
pseudo,cellxgene_Heart_Left_Ventricle,deseq2,0.974981041346489,0.9768333333333333,0.012196571533442991,0.008545298651081322,0.9696915733200906
pseudo,cellxgene_Heart_Left_Ventricle,mixture,0.855891217298912,0.9481922959244252,0.03475556729862316,0.024405935215750116,0.8608088529938245
pseudo,cellxgene_Heart_Left_Ventricle,hspe,0.7222468365309137,0.2551666666666666,0.15037635279206035,0.10948406076381628,0.7311698328826025
pseudo,cellxgene_Heart_Left_Ventricle,prede,0.8166225283593117,0.8011257925630565,0.05158991769551776,0.04003363768243172,0.7969112623775974
pseudo,cellxgene_Heart_Left_Ventricle,bisqueref,0.6982048465520116,0.8296666666666667,0.06839273739495651,0.04777819975476926,0.7198297232956148
pseudo,cellxgene_Heart_Left_Ventricle,dsa,0.22928242789879866,-0.09922426389474776,0.18129861172130526,0.1327598285550446,0.23625142216169281
pseudo,cellxgene_Heart_Left_Ventricle,demixt,0.0,0.4313315140353183,0.26336190714177915,0.1570874987782317,0.0
pseudo,cellxgene_Heart_Left_Ventricle,decompress,-0.12116798811094862,-0.15971079868213756,0.21686889529301945,0.1539980425557191,-0.09740312152990299
pseudo,cellxgene_Heart_Left_Ventricle,aric,0.5152281965910829,0.8088473448788719,0.07390259932648668,0.04915423016007649,0.44920431348862855
pseudo,cellxgene_Heart_Left_Ventricle,deconvseq,0.3056001200471664,0.2645,0.16673804967005973,0.11795298357719597,0.11591024636115711
pseudo,cellxgene_Heart_Left_Ventricle,scgpt_lora/default,0.6964072701003816,0.9430789661045459,0.014791215769946575,0.010704189538955688,0.6704682451246784
pseudo,cellxgene_Heart_Left_Ventricle,bayesprism,0.491964316455048,0.7078333333333332,0.1952693593337852,0.1172482178614074,0.5336254576040181
pseudo,cellxgene_Heart_Left_Ventricle,sweetwater,0.16558446780535505,-0.29266666666666663,0.1060237481533581,0.08639257120138527,0.18810128348283886
pseudo,cellxgene_Heart_Left_Ventricle,toast,0.6557487554469281,0.28950000000000004,0.11344810322031497,0.09014212840211513,0.6618451248456764
pseudo,cellxgene_Heart_Left_Ventricle,geneformer/longer,0.305635689040037,0.6265,0.07454660684670121,0.060747532430696305,0.2587775926416488
pseudo,cellxgene_Heart_Left_Ventricle,geneformer/wider,0.2997128599869528,0.5651666666666666,0.08251795560312587,0.06459607852437578,0.24270683447666894
pseudo,cellxgene_Heart_Left_Ventricle,geneformer/finetune_pb5k,0.7883975188023835,0.9216666666666669,0.03604072102832075,0.025663394064180854,0.7659281311852373
pseudo,cellxgene_Heart_Left_Ventricle,geneformer/realbulk,0.23145532927045429,0.6115,0.07002079824140027,0.0561048502679832,0.176356262789186
pseudo,cellxgene_Heart_Left_Ventricle,geneformer/finetune,0.7506295853900755,0.9175000000000001,0.03303645657439663,0.0243639051007069,0.72386237402074
pseudo,cellxgene_Heart_Left_Ventricle,geneformer/default,0.14538923680317214,0.4243333333333333,0.0897218593941618,0.0738612301438809,0.10103682884269682
pseudo,cellxgene_Heart_Left_Ventricle,dtangle,0.9195941368215568,0.6763333333333332,0.08220424987177713,0.06178281395028037,0.9213127904565693
pseudo,cellxgene_Heart_Left_Ventricle,transcriptformer/progressive4,0.32264206127965367,0.18716666666666665,0.212982902378808,0.1390469183625433,0.3717593382825593
pseudo,cellxgene_Heart_Left_Ventricle,transcriptformer/longer,0.35126760900041964,0.2045,0.2585364131433833,0.15442761987963416,0.41455420878815996
pseudo,cellxgene_Heart_Left_Ventricle,transcriptformer/progressive3,0.324910613180754,0.16933333333333334,0.2577351800149165,0.1540787361862648,0.42690463391239436
pseudo,cellxgene_Heart_Left_Ventricle,transcriptformer/finetune,0.36374161677867917,0.12616666666666668,0.2410249644373866,0.1466048296908402,0.44156415669402554
pseudo,cellxgene_Heart_Left_Ventricle,transcriptformer/default,0.39948095810678796,0.09833333333333334,0.2555995140984251,0.1526645551317406,0.44359682889928087
pseudo,cellxgene_Heart_Left_Ventricle,ols,0.8103382630426091,0.8753608081521419,0.04636502091604761,0.03507501765108517,0.7985620513856976
pseudo,cellxgene_Heart_Left_Ventricle,epic,0.5724829421519544,0.8015000000000001,0.19878276988044713,0.1189116496731414,0.5718865227708443
pseudo,cellxgene_Heart_Left_Ventricle,bisquemarker,0.6605916485427603,0.3660484654339999,0.1401113177271511,0.101816128247057,0.7977833890296314
pseudo,cellxgene_Heart_Left_Ventricle,baycount,-0.02653772232809806,0.6004999999999999,0.08088797945894709,0.058332385120469024,-0.07845862028267757
pseudo,cellxgene_Heart_Left_Ventricle,deconf,0.024130318761526763,-0.2225661861586326,0.2474462810439613,0.17815929460502222,0.013959746380703063
pseudo,cellxgene_Heart_Left_Ventricle,adroit,0.8858162609230044,0.9403496949311075,0.023332668277397713,0.016966660684291392,0.8734249690379009
pseudo,cellxgene_Heart_Left_Ventricle,mcpcounter,0.7086800144797507,0.6558333333333334,0.08157164544010635,0.0684042988261359,0.7530089660809729
pseudo,cellxgene_Heart_Left_Ventricle,music,0.9738237114574013,0.9586666666666668,0.016346186399287,0.011702540216133393,0.9678995720936757
pseudo,cellxgene_Heart_Left_Ventricle,stack/progressive4,0.31354957079814594,0.3621666666666667,0.13501591740935212,0.09849509658444876,0.3441982806823133
pseudo,cellxgene_Heart_Left_Ventricle,stack/longer,0.24897121837878095,0.29083333333333333,0.1255712516279831,0.09371164295525758,0.3081042410877996
pseudo,cellxgene_Heart_Left_Ventricle,stack/wider,0.25046322368426027,0.2821666666666667,0.12160905154246164,0.09539692295303563,0.2827043247977648
pseudo,cellxgene_Heart_Left_Ventricle,stack/progressive3,0.3069511478755805,0.36650000000000005,0.12118722121758119,0.08891382802270367,0.36223908304352803
pseudo,cellxgene_Heart_Left_Ventricle,stack/default,0.23893213739001867,0.35783333333333334,0.10895393915547678,0.08047649236961088,0.22370558651529476
pseudo,cellxgene_Heart_Left_Ventricle,ridge,0.810242481711531,0.8761976355608977,0.046339021415521334,0.03500483780953782,0.7983644492003018
pseudo,cellxgene_Heart_Left_Ventricle,mysort,0.860417636128719,0.9568470566772642,0.030168884794760393,0.021824214726605194,0.8696979691855596
pseudo,cellxgene_Heart_Left_Ventricle,lindeconseq,0.8615322009364643,0.9508684586104651,0.03593346427531724,0.02491093094263794,0.8802690936392508
pseudo,cellxgene_Heart_Left_Ventricle,quantiseq,0.5583275306342818,0.8078520499197407,0.20142989157895688,0.12032545810477625,0.5950302800811076
pseudo,cellxgene_Heart_Left_Ventricle,scaden,0.6580080097451689,0.728,0.05612869997888041,0.045951638412141255,0.6783791558082959
pseudo,cellxgene_Heart_Left_Ventricle,mixupvi,0.6725803356303324,0.8060293363655014,0.09744056225290783,0.05587674134951596,0.6767404076020701
pseudo,cellxgene_Heart_Left_Ventricle,scfoundation/default,0.3309714890504545,0.19983333333333334,0.10029361934142701,0.08393034640868093,0.34025223937837074
pseudo,cellxgene_Heart_Left_Ventricle,autogenes,0.8754338058105092,0.8873913364473077,0.029430622359265527,0.02229400161515527,0.8693679238484673
pseudo,cellxgene_Heart_Left_Ventricle,tape,0.1695527464966228,-0.6555320317288333,0.1853939465702877,0.15645414901659088,0.20267998978261273
pseudo,tabula_sapiens_Eye,recide,0.7764756452768042,0.6182142857142859,0.1316058038011301,0.09923856037021137,0.8279763728826481
pseudo,tabula_sapiens_Eye,fardeep,0.846311735218477,0.8334752764052092,0.06487769696531935,0.052394144159912115,0.8266622701782247
pseudo,tabula_sapiens_Eye,methylresolver,0.613506389546876,0.25196904062744624,0.1575652289673978,0.11451664932168586,0.6016676853722623
pseudo,tabula_sapiens_Eye,deconrnaseq,0.4509926448165441,0.6178391220390443,0.20079797853184864,0.13821136223593117,0.5126593601370902
pseudo,tabula_sapiens_Eye,cibersortx,0.9211055686018675,0.6978005878979893,0.080557787837006,0.06153603779656454,0.9128270964070649
pseudo,tabula_sapiens_Eye,scdc,0.5181187628067101,0.4683451241400776,0.13321200589144447,0.10987004347806721,0.5032886436441801
pseudo,tabula_sapiens_Eye,squid,nan,nan,0.10583515587429759,0.08100581081330561,nan
pseudo,tabula_sapiens_Eye,momf,0.8374237212922956,0.24808502971573165,0.18477489073886944,0.13469715099275198,0.8290018957061681
pseudo,tabula_sapiens_Eye,deconpeaker,0.4531340575604026,0.435027173864417,0.12533526037983383,0.10014005867888241,0.4538782220819461
pseudo,tabula_sapiens_Eye,demixsc,0.483373261997189,0.3628538136022392,0.16303982332794226,0.1317345880307001,0.46657092222943536
pseudo,tabula_sapiens_Eye,diffformer,0.4833732619971887,0.3628538136022392,0.16303982332794245,0.13173458803070032,0.4665709222294354
pseudo,tabula_sapiens_Eye,refactor,-0.060663133748510616,0.057264047654826566,0.2741026364993013,0.1959715260364776,-0.03398784646745586
pseudo,tabula_sapiens_Eye,cpm,0.7575216709825191,0.4628571428571429,0.0779582203361837,0.061037367785200934,0.7555198991491412
pseudo,tabula_sapiens_Eye,dwls,0.9451546363592874,0.8139285714285717,0.0687852258699381,0.048588147526831806,0.9313561997660403
pseudo,tabula_sapiens_Eye,deconica,-0.020526969331042522,0.034399146687106835,0.22546087393930264,0.16826823800878837,0.006891505211280166
pseudo,tabula_sapiens_Eye,bayice,0.549299120564992,0.6032142857142858,0.13251280617015407,0.09514030118672004,0.5247954830013513
pseudo,tabula_sapiens_Eye,nnls,0.48337326166070166,0.3628538136022392,0.16303982010669024,0.13173458619421888,0.4665709222294354
pseudo,tabula_sapiens_Eye,nitumid,0.9090232846495653,0.6596428571428572,0.1024430900330376,0.06920704908951014,0.896723699617831
pseudo,tabula_sapiens_Eye,linseed,-0.1975817080914431,-0.012142857142857146,0.15397281596375084,0.11522442703988933,-0.16076555717943172
pseudo,tabula_sapiens_Eye,emeth,0.8719134657712164,0.7132142857142858,0.08598090227546405,0.06287676029812847,0.8643637870779328
pseudo,tabula_sapiens_Eye,rna-sieve,0.9415033174611132,0.8321428571428574,0.11107872923987056,0.07562627025793704,0.9449542488382155
pseudo,tabula_sapiens_Eye,countbridges,0.9138185716274094,0.7985714285714287,0.12210451923232718,0.08104550814568082,0.9159411771082857
pseudo,tabula_sapiens_Eye,debcam,0.3325071161371377,-0.4114285714285716,0.25131177266281857,0.18721605747464867,0.31559527006794547
pseudo,tabula_sapiens_Eye,nusvr,0.934283667380298,0.716574017185663,0.07857275317861226,0.059626745045275306,0.931654005876366
pseudo,tabula_sapiens_Eye,daism,0.6953852637406461,0.22500000000000003,0.6727590362086142,0.5915506597821623,0.6612060186688177
pseudo,tabula_sapiens_Eye,immucellai,-0.07942988460644303,0.07449822305760707,0.12051121004304592,0.09488664823843278,-0.07435017769135362
pseudo,tabula_sapiens_Eye,deseq2,0.9544118216606242,0.8275000000000001,0.071109272534666,0.04904193563513713,0.9420092938670637
pseudo,tabula_sapiens_Eye,mixture,0.878850871235582,0.8564647847373099,0.06073145867388585,0.04911339475078071,0.8712812639826578
pseudo,tabula_sapiens_Eye,hspe,0.6721689021875125,-0.11892857142857145,0.29469065995344507,0.20851310446094765,0.7146334249787515
pseudo,tabula_sapiens_Eye,prede,0.6749395440489299,0.7090126067548913,0.12019635072870481,0.09537749146115708,0.6905620301340653
pseudo,tabula_sapiens_Eye,bisqueref,0.5114582274081643,0.2207142857142858,0.1525529769778672,0.12171136577000706,0.5070244129051031
pseudo,tabula_sapiens_Eye,dsa,0.4840714829056002,-0.0488308104780993,0.15325380524361104,0.12067933113247477,0.4794653286475503
pseudo,tabula_sapiens_Eye,demixt,0.04959713001871828,-0.22071428571428575,0.1675670581456615,0.1410577207808043,0.040353216297405924
pseudo,tabula_sapiens_Eye,decompress,-0.23895243726347148,0.32726157330587624,0.20880265778270157,0.15227073727129042,-0.23526482079676034
pseudo,tabula_sapiens_Eye,aric,0.940018583341212,0.7600000000000002,0.07609802508404659,0.05661782227732149,0.9361397241178165
pseudo,tabula_sapiens_Eye,deconvseq,0.2342065785156872,0.6342857142857145,0.16819805929653436,0.1333634148643122,0.3472875082431952
pseudo,tabula_sapiens_Eye,bayesprism,0.9035446160241155,0.8310714285714289,0.10854001665178943,0.07673350684968842,0.9221881244637462
pseudo,tabula_sapiens_Eye,sweetwater,0.5517976756375192,0.3667857142857144,0.1018016486042909,0.0775764172379593,0.5280081166107493
pseudo,tabula_sapiens_Eye,toast,0.760313773488215,0.405,0.1337280202717555,0.09983465725321793,0.7480447452453072
pseudo,tabula_sapiens_Eye,geneformer/longer,0.41708680703849804,0.5664285714285715,0.08223007793117598,0.06172395162217043,0.3898069662203754
pseudo,tabula_sapiens_Eye,geneformer/wider,0.26701187407553334,0.3492857142857143,0.09925440155775714,0.07332664083891871,0.26457213267256746
pseudo,tabula_sapiens_Eye,geneformer/finetune,0.8330309271367072,0.8089285714285717,0.06718004319805382,0.04861843965354614,0.7905516838792105
pseudo,tabula_sapiens_Eye,geneformer/default,0.20654471257637846,0.2953571428571429,0.10074577359552517,0.07545055935684253,0.16922006374032614
pseudo,tabula_sapiens_Eye,dtangle,0.9265309172971824,0.6385714285714287,0.07382902872441158,0.05496645298259022,0.8962111836444591
pseudo,tabula_sapiens_Eye,ols,0.6135052376744659,0.25196904062744624,0.1575706072987146,0.11451898204541307,0.6016676853722623
pseudo,tabula_sapiens_Eye,epic,0.6151676849924524,0.6239285714285716,0.11521274309787675,0.09004677632413026,0.6380112064835154
pseudo,tabula_sapiens_Eye,bisquemarker,-0.020722036407736656,-0.060029478969376465,0.23866620713123582,0.17703834850529995,0.009831409450533398
pseudo,tabula_sapiens_Eye,baycount,0.04734696697165003,0.11714285714285717,0.10467621366768948,0.07992063019459641,0.05935367462952955
pseudo,tabula_sapiens_Eye,deconf,0.1333086179513639,0.24483559063134475,0.14436656842308587,0.10672888035316994,0.15347028491233172
pseudo,tabula_sapiens_Eye,adroit,0.8932681277868089,0.6205939144276962,0.11638607389086346,0.09362647527420635,0.908191768137743
pseudo,tabula_sapiens_Eye,mcpcounter,0.5766161425462041,0.5489285714285715,3.439587591589583,3.3298900704502468,0.5395486286448865
pseudo,tabula_sapiens_Eye,music,0.9443572781704418,0.7710714285714287,0.08742516522903,0.059883120237414204,0.9341794720278728
pseudo,tabula_sapiens_Eye,ridge,0.6135063873073593,0.25196904062744624,0.1575652245674042,0.11451664772823208,0.6016676853722623
pseudo,tabula_sapiens_Eye,mysort,0.8613112136193145,0.8413694442429319,18.659681495109368,14.147833973993253,0.8507264779149027
pseudo,tabula_sapiens_Eye,lindeconseq,0.9235382305651021,0.8620959985675097,0.060269390894685776,0.04860957059493036,0.9286083910242457
pseudo,tabula_sapiens_Eye,quantiseq,0.6161240487419704,0.6004362061892639,0.12928067208834396,0.10060348149291676,0.6372956318613027
pseudo,tabula_sapiens_Eye,scaden,0.8837465933679833,0.8842857142857145,0.04401563575102137,0.03394737564317969,0.9039387985360763
pseudo,tabula_sapiens_Eye,mixupvi,0.48337326199718866,0.3628538136022392,0.16303982332794245,0.13173458803070032,0.4665709222294354
pseudo,tabula_sapiens_Eye,autogenes,0.7779151077311944,0.9097036061920817,0.04151275184340147,0.034134902804128044,0.7576081199273581
pseudo,tabula_sapiens_Eye,tape,0.5103396057028752,-0.12607142857142858,0.12997920043049707,0.11164179024220873,0.485535872532532
pseudo,tabula_sapiens_Pancreas,recide,0.6413910670508686,0.6878600868940826,0.19121867042284438,0.12704195078387676,0.6283929500262454
pseudo,tabula_sapiens_Pancreas,fardeep,0.6388842467366682,0.6252053599932736,0.13898417584164827,0.09817535840293298,0.6398586747347855
pseudo,tabula_sapiens_Pancreas,methylresolver,0.6614631923114036,0.34197278512961155,0.18007946181762566,0.12331492617881422,0.6464469084802802
pseudo,tabula_sapiens_Pancreas,deconrnaseq,0.39060224913674463,0.4709817379530438,0.21873905675216773,0.1365795553483499,0.5085259669388
pseudo,tabula_sapiens_Pancreas,cibersortx,0.7016651075360159,0.6680490187197239,0.07934315934930289,0.06209237683605952,0.703452950470897
pseudo,tabula_sapiens_Pancreas,scdc,0.5169067310523434,0.6193592452920061,0.13808638072767696,0.09509421526043964,0.42650421957480317
pseudo,tabula_sapiens_Pancreas,squid,nan,nan,0.16294018777150895,0.13105966107186465,nan
pseudo,tabula_sapiens_Pancreas,momf,0.5576550620670011,0.7931488658061037,0.12693802587055306,0.0854645208706106,0.5329690497787004
pseudo,tabula_sapiens_Pancreas,deconpeaker,0.5676712246177601,0.4135235966936945,0.14604893703759617,0.10663240979748013,0.5898234601715197
pseudo,tabula_sapiens_Pancreas,demixsc,0.5766446369601133,0.7687360982384064,0.10795240294057556,0.07598267853945263,0.49683149015351935
pseudo,tabula_sapiens_Pancreas,diffformer,0.5766446369601133,0.7687360982384064,0.10795240294057554,0.07598267853945259,0.49683149015351935
pseudo,tabula_sapiens_Pancreas,refactor,-0.34993988523278746,-0.04338095225211646,0.31287983406810455,0.20536555653649066,-0.28340948003628086
pseudo,tabula_sapiens_Pancreas,cpm,0.6032925449508895,0.25142857142857145,0.11008477236741453,0.08029029311612206,0.6201445487073423
pseudo,tabula_sapiens_Pancreas,dwls,0.9119491586070624,0.7285714285714288,0.08457900928619061,0.06258996953470393,0.888915913182563
pseudo,tabula_sapiens_Pancreas,deconica,-0.0717532043653297,-0.041607156061593376,0.3188720094010697,0.22332285191090986,-0.05858531036216958
pseudo,tabula_sapiens_Pancreas,bayice,0.7523528426792712,0.7885714285714287,0.03802196867176995,0.030118148636600433,0.7319497556640456
pseudo,tabula_sapiens_Pancreas,nnls,0.576644645999734,0.7687360982384064,0.1079523963969136,0.07598267458042555,0.49683149015351935
pseudo,tabula_sapiens_Pancreas,nitumid,0.5887010548300318,0.5582142857142859,0.09484938787465712,0.06837322374258689,0.6516036179128415
pseudo,tabula_sapiens_Pancreas,linseed,-0.00012737737526619903,0.1553571428571429,0.20979819084266924,0.146703427454215,-0.014248414791282301
pseudo,tabula_sapiens_Pancreas,emeth,0.6435092117875092,0.5514797273748523,0.10798791343980646,0.0833615083391277,0.5974777677550233
pseudo,tabula_sapiens_Pancreas,rna-sieve,0.7392379756130899,0.7505476680617127,0.17905462067865305,0.1174659174699108,0.7750219475023455
pseudo,tabula_sapiens_Pancreas,countbridges,0.7237989161254531,0.8221428571428572,0.20053589540451797,0.13087082686486565,0.8134483600190423
pseudo,tabula_sapiens_Pancreas,debcam,0.17764454679192407,0.22714285714285715,0.20494769904485174,0.1388909249123676,0.17584756469462715
pseudo,tabula_sapiens_Pancreas,nusvr,0.7143683026649922,0.682012991864324,0.08000764145792098,0.06431361098521408,0.6879481891249413
pseudo,tabula_sapiens_Pancreas,daism,0.728664172262823,0.13607142857142857,0.11705373882001509,0.09063368830266678,0.6820854344093955
pseudo,tabula_sapiens_Pancreas,immucellai,-0.1945025876542926,0.22059874078045394,0.17967753767248976,0.12924227955560266,-0.144248621396074
pseudo,tabula_sapiens_Pancreas,deseq2,0.9236334503906157,0.7398428169568372,0.06129495918064411,0.049667362033899085,0.9073260325721952
pseudo,tabula_sapiens_Pancreas,mixture,0.7717282390934462,0.6876457537891644,0.10967683650057235,0.08207188085474869,0.780214367461974
pseudo,tabula_sapiens_Pancreas,hspe,0.5817829444440287,-0.16678571428571426,0.3215011111064809,0.2216663593288437,0.679781760438746
pseudo,tabula_sapiens_Pancreas,prede,0.6953615939712448,0.6327167988129496,0.14307577162930155,0.09043712116232869,0.6651679404093943
pseudo,tabula_sapiens_Pancreas,bisqueref,0.3242485146899071,0.5310714285714287,0.14410653522011832,0.11450477450687317,0.42269574953401834
pseudo,tabula_sapiens_Pancreas,dsa,0.6124183682146539,0.07857142857142858,0.39963335714904813,0.25846124232981144,0.6565500232423662
pseudo,tabula_sapiens_Pancreas,demixt,-0.0755247231292089,-0.13607142857142862,0.20771856102499642,0.1630357598104684,-0.0758689220951427
pseudo,tabula_sapiens_Pancreas,decompress,-0.05867936171541343,0.48632604236306276,0.2757269039188824,0.18259783641541957,-0.06154320760009589
pseudo,tabula_sapiens_Pancreas,aric,0.8411701563136704,0.7417578864473132,0.06128579004687609,0.04970733200340841,0.8490240833139637
pseudo,tabula_sapiens_Pancreas,deconvseq,0.39153069127277274,0.3400000000000001,0.24783769977969877,0.15766191420170703,0.3952573760778799
pseudo,tabula_sapiens_Pancreas,bayesprism,0.7558735130555811,0.5921428571428572,0.14972184096123461,0.11069805349025581,0.7612729865706831
pseudo,tabula_sapiens_Pancreas,sweetwater,-0.07962020208105458,0.1028571428571429,0.1629623188885927,0.13126386890822891,-0.02547327030004002
pseudo,tabula_sapiens_Pancreas,toast,0.6878651905028824,0.7450000000000001,0.08293752282076226,0.06547062796416606,0.6923212346868025
pseudo,tabula_sapiens_Pancreas,geneformer/longer,0.24404837258454323,0.4921428571428572,0.13998585000182825,0.10730307410547259,0.1857460864648011
pseudo,tabula_sapiens_Pancreas,geneformer/wider,0.15281772533020613,0.3153571428571429,0.15320849527120253,0.11555507777140823,0.12994613980995387
pseudo,tabula_sapiens_Pancreas,geneformer/finetune,0.7879905939490451,0.8228571428571431,0.08386290428883054,0.054896103605816635,0.7448909930666842
pseudo,tabula_sapiens_Pancreas,geneformer/default,0.08884856420277285,0.3228571428571429,0.1525207616648833,0.11838996771156236,0.09250694379696475
pseudo,tabula_sapiens_Pancreas,dtangle,0.8991760215136796,0.5989285714285716,0.08959385753683632,0.06827583874602104,0.8612448674791174
pseudo,tabula_sapiens_Pancreas,ols,0.6614418199600094,0.34197278512961155,0.18010646681970607,0.12333287123535419,0.6464469084802802
pseudo,tabula_sapiens_Pancreas,epic,0.5502027061153033,0.5821428571428572,0.20662237752837032,0.13558106758217933,0.5224784682239803
pseudo,tabula_sapiens_Pancreas,bisquemarker,-0.039221426508764375,-0.03535908563637114,0.2698925661918314,0.19319461301671778,0.0021400889191648714
pseudo,tabula_sapiens_Pancreas,baycount,-0.19727779417637148,-0.5157142857142858,0.18736076080197075,0.15077733157994483,-0.081120345230362
pseudo,tabula_sapiens_Pancreas,deconf,-0.017686956736167252,-0.12642561415577686,0.326422419341705,0.2353336888640234,-0.028625417591818088
pseudo,tabula_sapiens_Pancreas,adroit,0.8210313074538828,0.8148962578473131,0.09479584715709435,0.06382312783782858,0.7942290962014972
pseudo,tabula_sapiens_Pancreas,mcpcounter,0.6426520007984894,0.265,0.15166955933244275,0.12272736453269938,0.650653586616602
pseudo,tabula_sapiens_Pancreas,music,0.8036549927543041,0.6570958441341068,0.12740889913764344,0.09602308268444207,0.8102098681559283
pseudo,tabula_sapiens_Pancreas,ridge,0.6614631939817911,0.34197278512961155,0.18007946660030114,0.123314929376054,0.6464469084802802
pseudo,tabula_sapiens_Pancreas,mysort,0.6533568277033414,0.628115941402805,0.11706465871494341,0.08650197534944436,0.6172521388541968
pseudo,tabula_sapiens_Pancreas,lindeconseq,0.7906726221963313,0.6978934544176191,0.10638752010185987,0.08002489276718262,0.8058677877326098
pseudo,tabula_sapiens_Pancreas,quantiseq,0.5427940887280709,0.6195409894564688,0.21868825531158187,0.14241454595106393,0.5430082762405698
pseudo,tabula_sapiens_Pancreas,scaden,0.7559863311324307,0.3521428571428573,0.1521959813021747,0.10047412552681316,0.7523517278640092
pseudo,tabula_sapiens_Pancreas,mixupvi,0.5766446369601133,0.7687360982384064,0.10795240294057554,0.07598267853945259,0.49683149015351935
pseudo,tabula_sapiens_Pancreas,autogenes,0.7735447749907977,0.7352695834613376,0.06551463006677538,0.050723983482947085,0.7336074596835778
pseudo,tabula_sapiens_Pancreas,tape,0.6644986775267541,0.20107142857142862,0.12071168660993195,0.09849836045938552,0.6490130700630415
pseudo,cellxgene_Fimbria_Of_Uterine_Tube,recide,0.13212931425691077,0.5191599604837057,0.09535678804240764,0.06673398006603058,0.1140056261981313
pseudo,cellxgene_Fimbria_Of_Uterine_Tube,fardeep,0.833647326407085,0.7455444398180656,0.048218130961510536,0.03917961137408384,0.8289205635522461
pseudo,cellxgene_Fimbria_Of_Uterine_Tube,methylresolver,0.7251796563001464,0.6616524648220415,0.06108180521803733,0.0490288576399365,0.7351299866808844
pseudo,cellxgene_Fimbria_Of_Uterine_Tube,deconrnaseq,0.5835498878767524,0.620766627996893,0.09900586650202484,0.07069650125038635,0.5922420918453934
pseudo,cellxgene_Fimbria_Of_Uterine_Tube,cibersortx,0.8159876748620568,0.8462138990096162,0.03329768989059173,0.02761929775636566,0.8300330873764381
pseudo,cellxgene_Fimbria_Of_Uterine_Tube,scdc,0.7768643597382702,0.6674605946890927,0.04960645863437615,0.03939448234125952,0.7400043641704716
pseudo,cellxgene_Fimbria_Of_Uterine_Tube,squid,nan,nan,0.07355667454670071,0.05395007569012151,nan
pseudo,cellxgene_Fimbria_Of_Uterine_Tube,momf,0.786648022275611,0.04263832578664938,0.13506119782701775,0.09800541518112536,0.7789756694298887
pseudo,cellxgene_Fimbria_Of_Uterine_Tube,deconpeaker,0.7387401638508636,0.42214582226575553,0.08935351721212005,0.07199560518607788,0.7533374778509092
pseudo,cellxgene_Fimbria_Of_Uterine_Tube,demixsc,0.6047462790728353,0.6200882410347056,0.06929420204155944,0.0557607315762805,0.5866913275929689
pseudo,cellxgene_Fimbria_Of_Uterine_Tube,diffformer,0.6047462790728354,0.6200882410347056,0.06929420204155945,0.05576073157628052,0.5866913275929689
pseudo,cellxgene_Fimbria_Of_Uterine_Tube,refactor,0.06279432426394269,0.03441006959935197,0.17904612940138825,0.11990512258783315,0.1327818800225018
pseudo,cellxgene_Fimbria_Of_Uterine_Tube,cpm,0.6737111006035454,0.014910956776549866,0.0765417075066766,0.054998997817582225,0.6573201386581489
pseudo,cellxgene_Fimbria_Of_Uterine_Tube,dwls,0.9113139323165508,0.7205462328757026,0.04572798591403351,0.03803840262932518,0.8978173939177662
pseudo,cellxgene_Fimbria_Of_Uterine_Tube,deconica,0.0731059067322346,0.022552515926853,0.15980624796019902,0.11114277730539919,0.016958186614917086
pseudo,cellxgene_Fimbria_Of_Uterine_Tube,bayice,0.5661702882687707,0.4453931279667022,0.09079615019688766,0.06369860535593636,0.555200614068961
pseudo,cellxgene_Fimbria_Of_Uterine_Tube,nnls,0.6047462804552318,0.6200882410347056,0.0692942017404093,0.0557607322171138,0.5866913275929689
pseudo,cellxgene_Fimbria_Of_Uterine_Tube,nitumid,0.6996404331286453,0.4654757962020325,0.076252555243006,0.053992442090067747,0.685874343775195
pseudo,cellxgene_Fimbria_Of_Uterine_Tube,linseed,-0.027813913308246195,0.056088473156313705,0.10007059444825957,0.07514736403912996,-0.01107252412696927
pseudo,cellxgene_Fimbria_Of_Uterine_Tube,emeth,0.85977777163373,0.730869838309424,0.037197203028344034,0.03086119655927175,0.8444975849638873
pseudo,cellxgene_Fimbria_Of_Uterine_Tube,rna-sieve,0.8647776010501147,0.7082588710842996,0.1003723870265551,0.06080282539002419,0.8529100825967177
pseudo,cellxgene_Fimbria_Of_Uterine_Tube,countbridges,0.8678585857475354,0.7876580811458731,0.08248510674393719,0.04963764042356514,0.8720474653724768
pseudo,cellxgene_Fimbria_Of_Uterine_Tube,scgpt/da,0.6807336952056243,0.683136416351489,0.0546917880492313,0.03901983631347856,0.6646903604837792
pseudo,cellxgene_Fimbria_Of_Uterine_Tube,scgpt/mmd,0.6592747274960243,0.7084273357729092,0.05450543284757049,0.039530169613959,0.6438739639926975
pseudo,cellxgene_Fimbria_Of_Uterine_Tube,scgpt/lr_7e5,0.6852682177869138,0.6926151661943176,0.05648786211556499,0.040450212932239,0.6718544575683347
pseudo,cellxgene_Fimbria_Of_Uterine_Tube,scgpt/finetune,0.6958430043506403,0.7192544322911729,0.05218578926299375,0.037917215042160515,0.6845584031337512
pseudo,cellxgene_Fimbria_Of_Uterine_Tube,scgpt/frozen,0.10810603202039344,0.4212323006167026,0.07200158398040878,0.05207821494606874,0.09031170850118969
pseudo,cellxgene_Fimbria_Of_Uterine_Tube,nusvr,0.8338754147843688,0.8493152606245654,0.03208672277265956,0.0264725695538942,0.8395169678664083
pseudo,cellxgene_Fimbria_Of_Uterine_Tube,daism,0.7850978907345987,0.19022924249016124,0.08331162483354713,0.055318474315592996,0.7636412711968845
pseudo,cellxgene_Fimbria_Of_Uterine_Tube,immucellai,0.721768341171893,0.5992196110252429,0.05633699051260509,0.04724077085835255,0.7120218087846125
pseudo,cellxgene_Fimbria_Of_Uterine_Tube,deseq2,0.9278627917478012,0.8220847424842335,0.03488413558930873,0.028614123493685754,0.920368248949087
pseudo,cellxgene_Fimbria_Of_Uterine_Tube,mixture,0.8526826590949004,0.8498777884958103,0.03553854727396382,0.029994252313175332,0.847453861369937
pseudo,cellxgene_Fimbria_Of_Uterine_Tube,hspe,0.6734021523132584,0.22325738593196884,0.15810792580466454,0.11739731234039542,0.7419304759236082
pseudo,cellxgene_Fimbria_Of_Uterine_Tube,prede,0.583269980455584,0.2886964102697783,0.11256986781611107,0.08699553438216687,0.5519851790228131
pseudo,cellxgene_Fimbria_Of_Uterine_Tube,bisqueref,0.821307415347201,0.526988442518969,0.08109873797428624,0.060313434239819476,0.8016282023553366
pseudo,cellxgene_Fimbria_Of_Uterine_Tube,dsa,0.4257185275507027,0.05782691477523984,0.13182130181731905,0.11109989757458352,0.4152181710811851
pseudo,cellxgene_Fimbria_Of_Uterine_Tube,demixt,-0.030830552984996918,0.08142342215071538,0.14405044791118843,0.10716625114183884,-0.01003517675477686
pseudo,cellxgene_Fimbria_Of_Uterine_Tube,decompress,-0.05277266545272688,-0.22059289989236894,0.1801954818873435,0.12953025982909103,-0.03279959657223314
pseudo,cellxgene_Fimbria_Of_Uterine_Tube,aric,0.8663733893363368,0.8548507872527854,0.03341733839893051,0.026402045818262443,0.8460561498963077
pseudo,cellxgene_Fimbria_Of_Uterine_Tube,deconvseq,0.018729301026890473,0.20786162783134315,0.10424419876564993,0.0698125889870126,0.04779201484274367
pseudo,cellxgene_Fimbria_Of_Uterine_Tube,scgpt_lora/default,0.66660982912237,0.8738277194185884,0.026057953014969826,0.018996315076947212,0.6731578738607916
pseudo,cellxgene_Fimbria_Of_Uterine_Tube,bayesprism,0.696961094253595,0.5085996689513831,0.10956401122204913,0.07515317421827743,0.7211183104738373
pseudo,cellxgene_Fimbria_Of_Uterine_Tube,sweetwater,0.2234713800243218,0.035941639930319284,0.07382706002242147,0.054525969842323656,0.1934729284665474
pseudo,cellxgene_Fimbria_Of_Uterine_Tube,toast,0.7533885095452875,-0.10646263088020094,0.1216381898807883,0.10553063343343448,0.7212745586517483
pseudo,cellxgene_Fimbria_Of_Uterine_Tube,geneformer/longer,0.2787350358249811,0.26443770123098426,0.07282310163677029,0.05298186477434663,0.2725349837414457
pseudo,cellxgene_Fimbria_Of_Uterine_Tube,geneformer/wider,0.14042519300482395,0.24543640543066178,0.07007494440189228,0.052507684679242154,0.12602721064283337
pseudo,cellxgene_Fimbria_Of_Uterine_Tube,geneformer/finetune_pb5k,0.8160848401488181,0.7482199138612452,0.04775762075957103,0.034884166377435605,0.7960958196013972
pseudo,cellxgene_Fimbria_Of_Uterine_Tube,geneformer/finetune,0.7270871446117174,0.6971707793514931,0.05298409022453721,0.03930661967451452,0.712895493078481
pseudo,cellxgene_Fimbria_Of_Uterine_Tube,geneformer/default,0.13247991637133513,0.060704001390782185,0.07543582410565153,0.055541834431253045,0.13408259461779173
pseudo,cellxgene_Fimbria_Of_Uterine_Tube,dtangle,0.9051675575038586,0.6789221526896825,0.05573019696680592,0.04194805867614829,0.8927040923185529
pseudo,cellxgene_Fimbria_Of_Uterine_Tube,transcriptformer/progressive4,0.2298812036917561,-0.16342733506453047,0.30519281046152935,0.17060607476738526,0.21878183825608008
pseudo,cellxgene_Fimbria_Of_Uterine_Tube,transcriptformer/longer,0.23989237190857648,-0.06839680734068439,0.2843957967647848,0.15894618568847646,0.2845779994988688
pseudo,cellxgene_Fimbria_Of_Uterine_Tube,transcriptformer/progressive3,0.21060233644984283,-0.28612553153432924,0.23018098013642355,0.16020688051678736,0.23677222990291139
pseudo,cellxgene_Fimbria_Of_Uterine_Tube,transcriptformer/finetune,0.24281916149240465,-0.14326184316394655,0.2590481726973236,0.15032289685698763,0.2904798632281078
pseudo,cellxgene_Fimbria_Of_Uterine_Tube,transcriptformer/default,0.1791463549519027,-0.13894003327015012,0.2967468409171579,0.16603283258047635,0.18866747488747473
pseudo,cellxgene_Fimbria_Of_Uterine_Tube,ols,0.725091561000011,0.6609235335459164,0.06110216338923113,0.049048470070693864,0.7351441928242294
pseudo,cellxgene_Fimbria_Of_Uterine_Tube,epic,0.6095603214849006,0.6401826481646233,0.07888004421436802,0.06211335612352984,0.6563241398700232
pseudo,cellxgene_Fimbria_Of_Uterine_Tube,bisquemarker,0.6595089890476588,0.4501548217332608,0.10525203746247755,0.07807287955025503,0.8037703858178061
pseudo,cellxgene_Fimbria_Of_Uterine_Tube,baycount,0.06418649061293415,-0.4337156114688753,0.17027488260747392,0.110838631882266,0.07336746456580727
pseudo,cellxgene_Fimbria_Of_Uterine_Tube,deconf,-0.04559234194467973,-0.0005349101151862997,0.14540471817658376,0.11538161932398984,-0.03188906154220464
pseudo,cellxgene_Fimbria_Of_Uterine_Tube,adroit,0.853645221823119,0.677749153069107,0.045561218661162646,0.03986254128106998,0.8618603494923808
pseudo,cellxgene_Fimbria_Of_Uterine_Tube,mcpcounter,0.736433760673211,0.5634362502368648,0.07111050966649034,0.05110997441654818,0.7016696296656689
pseudo,cellxgene_Fimbria_Of_Uterine_Tube,music,0.9138384590226999,0.7030206297774018,0.04603474916625379,0.03661779268133457,0.9154108537652498
pseudo,cellxgene_Fimbria_Of_Uterine_Tube,stack/progressive4,0.358891280484975,0.47716036129635603,0.10403134821920675,0.06965272664800498,0.42394056671098335
pseudo,cellxgene_Fimbria_Of_Uterine_Tube,stack/longer,0.286591027030799,0.40028827664047106,0.0982770006177316,0.06753600275368603,0.32618289985885185
pseudo,cellxgene_Fimbria_Of_Uterine_Tube,stack/wider,0.35227310398734546,0.47673893493017533,0.08464146625324524,0.06261819391873023,0.4005391138076535
pseudo,cellxgene_Fimbria_Of_Uterine_Tube,stack/progressive3,0.3629394248666864,0.517921634275103,0.09772327160110422,0.06621759358416347,0.44627299528995584
pseudo,cellxgene_Fimbria_Of_Uterine_Tube,stack/default,0.31506882263231745,0.31325634957506243,0.09015197567124683,0.06548067030177947,0.3506357522959014
pseudo,cellxgene_Fimbria_Of_Uterine_Tube,ridge,0.7251796985351319,0.6616524648220415,0.06108180242497309,0.049028854965586614,0.7351299866808841
pseudo,cellxgene_Fimbria_Of_Uterine_Tube,mysort,0.8457741574416154,0.8611402763892978,0.03479472103353282,0.028908599948492732,0.8389218792255789
pseudo,cellxgene_Fimbria_Of_Uterine_Tube,lindeconseq,0.8743890930431344,0.8579378269925961,0.03400278808801255,0.029082406056600417,0.8742494874091591
pseudo,cellxgene_Fimbria_Of_Uterine_Tube,quantiseq,0.6136289758372495,0.6283962989555874,0.08294630298618631,0.06353582949627543,0.6167706384885314
pseudo,cellxgene_Fimbria_Of_Uterine_Tube,scaden,0.7137015541425549,0.597299472081351,0.06321601879739978,0.044000583035778855,0.7181742258699502
pseudo,cellxgene_Fimbria_Of_Uterine_Tube,mixupvi,0.6047462790728353,0.6200882410347056,0.06929420204155945,0.05576073157628052,0.5866913275929689
pseudo,cellxgene_Fimbria_Of_Uterine_Tube,scfoundation/default,0.3300843449921285,0.04460246716225584,0.07766990352082352,0.054663276600168655,0.2998817140665123
pseudo,cellxgene_Fimbria_Of_Uterine_Tube,autogenes,0.8220434865788584,0.8575323577558248,0.030076796409452693,0.024245327946419096,0.8105901414041656
pseudo,cellxgene_Fimbria_Of_Uterine_Tube,tape,0.18843207108154794,-0.18769045349442762,0.14281807983222927,0.12056313174073328,0.1724407598943146
pseudo,cellxgene_Liver,recide,0.12773937635494056,0.41314285714285726,0.12490050339407524,0.09659681904837349,0.12921874120135754
pseudo,cellxgene_Liver,fardeep,0.9155061461712443,0.8245714285714287,0.07100203758264066,0.05309775456858209,0.9049526930647755
pseudo,cellxgene_Liver,methylresolver,0.888648107106332,0.8436809460852973,0.06974825456289202,0.059340400833907514,0.8836029203555363
pseudo,cellxgene_Liver,deconrnaseq,0.7057684770677821,0.4831784788692972,0.19566616042260607,0.1338104886888515,0.6906363789869644
pseudo,cellxgene_Liver,cibersortx,0.9282813515263909,0.8674285714285714,0.06028114687681667,0.04723707845247174,0.9145949157876107
pseudo,cellxgene_Liver,scdc,0.6310327790906304,0.36483010541818284,0.17389300944227462,0.13036909746687741,0.6867557414491808
pseudo,cellxgene_Liver,squid,nan,0.0,0.1338130854921135,0.11620504102113434,nan
pseudo,cellxgene_Liver,momf,0.5325687167205615,-0.15657142857142856,0.3161992835431215,0.227086024433342,0.6633325372097824
pseudo,cellxgene_Liver,deconpeaker,0.6844324270209188,0.6211574715692025,0.10073903571641951,0.07821986264695632,0.6832535695802324
pseudo,cellxgene_Liver,demixsc,0.8743850125346389,0.8311095175138686,0.0719832325816327,0.061395727807165644,0.8664618536268535
pseudo,cellxgene_Liver,diffformer,0.8743850125346393,0.8311095175138686,0.07198323258163275,0.0613957278071657,0.8664618536268535
pseudo,cellxgene_Liver,cpm,0.785338124595515,0.2114285714285714,0.13280488729045775,0.11319029059355747,0.7315819904601217
pseudo,cellxgene_Liver,deconica,0.01080268140887651,-0.049371322235240454,0.31719670816683193,0.24645369315632856,0.023954581998533578
pseudo,cellxgene_Liver,bayice,0.8286208270038647,0.30457142857142855,0.1582084090864052,0.11604723087489781,0.8108788213594513
pseudo,cellxgene_Liver,nnls,0.8743850214620447,0.8311095175138686,0.07198323200307014,0.06139572739596713,0.8664618536268534
pseudo,cellxgene_Liver,nitumid,0.9526942901193921,0.3142857142857143,0.11921961362941205,0.10505620400498626,0.929157753878895
pseudo,cellxgene_Liver,linseed,-0.07791961836856295,0.02857142857142857,0.27018404654279,0.1992334799264275,-0.04523520930657005
pseudo,cellxgene_Liver,emeth,0.8236095464820338,0.8560000000000001,0.05804974174701654,0.04144456525765327,0.7908940905959277
pseudo,cellxgene_Liver,rna-sieve,0.974152835585751,0.7439999999999999,0.07824857031948365,0.06157550978606524,0.9616404939830803
pseudo,cellxgene_Liver,countbridges,0.931841541960497,0.7297142857142856,0.08462332795074869,0.061790994633484676,0.9103079779611806
pseudo,cellxgene_Liver,scgpt/da,0.8358013321212793,0.8342857142857144,0.06816344946757175,0.04682039226678078,0.8450860678779152
pseudo,cellxgene_Liver,scgpt/mmd,0.8201316141182668,0.8588571428571429,0.0623817013991279,0.045745278463956186,0.8268057930397085
pseudo,cellxgene_Liver,scgpt/lr_7e5,0.85525984913612,0.8817142857142858,0.056590750636987555,0.04113593262944606,0.8436022037979513
pseudo,cellxgene_Liver,scgpt/finetune,0.8343345282272353,0.854857142857143,0.060128966884783544,0.04480190263582375,0.8297124397259031
pseudo,cellxgene_Liver,scgpt/frozen,0.28106441365022844,0.42057142857142865,0.11693459924402196,0.09108317511066448,0.2592418590956648
pseudo,cellxgene_Liver,nusvr,0.927886512043559,0.8731428571428572,0.05715208804419616,0.043592361085192675,0.9139103336102338
pseudo,cellxgene_Liver,daism,0.7990003801319472,0.19371428571428573,0.14278364003528096,0.11571574593267749,0.7973380042472223
pseudo,cellxgene_Liver,immucellai,0.7362399567548178,0.6596204481057206,0.10647439472185903,0.0878633197133371,0.6618288875712924
pseudo,cellxgene_Liver,deseq2,0.9613608512440162,0.9165714285714287,0.04717297248713136,0.035549780373112516,0.9449207687039817
pseudo,cellxgene_Liver,mixture,0.9440770983688983,0.8942857142857144,0.050969602381029065,0.03735345488076803,0.9301912585079312
pseudo,cellxgene_Liver,hspe,0.6025035468473511,0.6525714285714286,0.16192668821113784,0.1233385446567941,0.6979420360872614
pseudo,cellxgene_Liver,prede,0.9212366120833665,0.7084504930680895,0.0880323280590229,0.0643024719018897,0.9312347818785591
pseudo,cellxgene_Liver,bisqueref,0.8754351506563705,0.7748571428571427,0.10013844663675761,0.0741360959644593,0.8570361227454164
pseudo,cellxgene_Liver,dsa,0.3662965884124405,0.31694625865527437,0.21877008330102718,0.16884977364774348,0.35133288665626505
pseudo,cellxgene_Liver,demixt,-0.043614986440991155,0.18342857142857144,0.18900719886468184,0.1385792803850555,-0.09100661752105903
pseudo,cellxgene_Liver,decompress,0.07310627562743743,-0.435952899836182,0.2947534808318367,0.23341096482420468,0.06212178282443186
pseudo,cellxgene_Liver,aric,0.8660798485421228,0.8725714285714286,0.061800807086449354,0.04489220537189253,0.8475091648159786
pseudo,cellxgene_Liver,deconvseq,0.06142663316957226,0.3719745316227676,0.1338130941941054,0.11620505651609354,0.08256102046879808
pseudo,cellxgene_Liver,scgpt_lora/default,0.9429712196191152,0.9497142857142856,0.021757787093520164,0.015050426125526428,0.9521277866277558
pseudo,cellxgene_Liver,bayesprism,0.8262423142215171,0.7428571428571429,0.10396720543643621,0.07813376915413135,0.80245268512629
pseudo,cellxgene_Liver,sweetwater,-0.37135726335883673,0.08857142857142856,0.133856662956652,0.11579805399298299,-0.38723460977112173
pseudo,cellxgene_Liver,toast,0.43082712467926093,-0.7365714285714285,0.35946932653217983,0.2947354135055116,0.4142374425792317
pseudo,cellxgene_Liver,geneformer/longer,0.401705727177424,0.6868571428571428,0.09690830568400693,0.07454663007908185,0.38918112348361156
pseudo,cellxgene_Liver,geneformer/wider,0.31182393721258445,0.5834285714285715,0.10774790259470202,0.08298445806949603,0.30442250595175463
pseudo,cellxgene_Liver,geneformer/finetune_pb5k,0.9314048270329095,0.9108571428571429,0.06244749302444181,0.046406830775126306,0.9200790369179153
pseudo,cellxgene_Liver,geneformer/realbulk,0.3593450343450007,0.7011428571428572,0.09369274139650122,0.06953175000305716,0.3215513296784544
pseudo,cellxgene_Liver,geneformer/finetune,0.9066797526452476,0.8805714285714287,0.06414591592171813,0.04902144562028073,0.9002731257591957
pseudo,cellxgene_Liver,geneformer/default,0.23958929819577227,0.5805714285714286,0.11433425281432934,0.09396251823671968,0.2271022529130445
pseudo,cellxgene_Liver,dtangle,0.9105778872693399,0.8388571428571427,0.07735004726580837,0.06178347691101301,0.8932464354909119
pseudo,cellxgene_Liver,transcriptformer/progressive4,0.3922492540752263,-0.011428571428571432,0.42979807996256403,0.3069687546920257,0.5588876330671949
pseudo,cellxgene_Liver,transcriptformer/longer,0.4731003089505501,-0.23142857142857146,0.42141010413901864,0.30008125414850845,0.6734731652935767
pseudo,cellxgene_Liver,transcriptformer/progressive3,0.4345635974897292,-0.07942857142857142,0.4092182358351881,0.2923936978339248,0.5558266005385791
pseudo,cellxgene_Liver,transcriptformer/finetune,0.4513609884567951,-0.42914285714285727,0.42194306823664723,0.2999849861594499,0.6249671587102548
pseudo,cellxgene_Liver,transcriptformer/default,0.5214684569017186,-0.12285714285714289,0.40107444201248516,0.2862751486577367,0.6237186883533715
pseudo,cellxgene_Liver,ols,0.8881664924529074,0.8442523746567258,0.06963940784761509,0.0592456670929038,0.8830292919237671
pseudo,cellxgene_Liver,epic,0.9196640578557599,0.6920000000000001,0.08617352979974957,0.06322560196487913,0.9164031735269803
pseudo,cellxgene_Liver,bisquemarker,0.6499920341218376,0.3409477474988071,0.21260988263461753,0.1596480682057671,0.7723595676780564
pseudo,cellxgene_Liver,baycount,-0.1116440112795456,0.20799999999999996,0.13916339866435692,0.11841264084889458,-0.12165469649253896
pseudo,cellxgene_Liver,deconf,0.08984911667648716,-0.20978623553181372,0.2560650298785318,0.22034177301061864,0.07601049613301904
pseudo,cellxgene_Liver,adroit,0.9558786182820089,0.7935703933203775,0.07051355156668747,0.05472946902134231,0.9595511984737769
pseudo,cellxgene_Liver,mcpcounter,0.7446146930449968,0.672,0.1249711561410225,0.10756630483749602,0.6930481421303943
pseudo,cellxgene_Liver,music,0.9718000888719415,0.9022857142857142,0.037986842865881214,0.02824439178702812,0.9603698379120934
pseudo,cellxgene_Liver,stack/progressive4,-0.016161658887440672,-0.35314285714285726,0.24319639419327677,0.20462673324277522,-0.01466668886935322
pseudo,cellxgene_Liver,stack/longer,-0.032059068143733556,-0.4508571428571429,0.24278201503814498,0.2037408717059607,-0.04520733721910248
pseudo,cellxgene_Liver,stack/wider,-0.05522223238318563,-0.4137142857142858,0.2506920509306811,0.20968609191255586,-0.05044315256817058
pseudo,cellxgene_Liver,stack/progressive3,0.06920100925438483,-0.3057142857142857,0.25051722786639474,0.2040157596351815,0.04847635395974272
pseudo,cellxgene_Liver,stack/default,0.01607489042566453,-0.42000000000000015,0.24418550732895136,0.20352666371588393,0.001501744289476323
pseudo,cellxgene_Liver,ridge,0.8886481166307841,0.8436809460852973,0.06974825350856584,0.059340400589054244,0.8836029203555363
pseudo,cellxgene_Liver,mysort,0.9018885502842658,0.8742857142857144,0.052987726360769656,0.03948461630772012,0.8866806993742874
pseudo,cellxgene_Liver,lindeconseq,0.9541082003695766,0.8668571428571429,0.06559133761168606,0.04913073431609238,0.9391448401790822
pseudo,cellxgene_Liver,quantiseq,0.8936687221423645,0.5411428571428573,0.12480603308533958,0.09045298044407662,0.8779289367381419
pseudo,cellxgene_Liver,scaden,0.872024294289237,0.7142857142857143,0.08440539013897023,0.06408186428160649,0.89798827620793
pseudo,cellxgene_Liver,mixupvi,0.8743850125346393,0.8311095175138686,0.07198323258163275,0.0613957278071657,0.8664618536268535
pseudo,cellxgene_Liver,scfoundation/default,0.7152862339009701,0.6662857142857141,0.11500586646984201,0.08838353276167628,0.6673695578447031
pseudo,cellxgene_Liver,autogenes,0.9319855603241577,0.8097142857142856,0.08231327692131121,0.06921546615997211,0.9305824578700613
pseudo,cellxgene_Liver,tape,0.46634513974445,0.5491428571428573,0.11698413359654856,0.0953650144318751,0.4262877524743893
pseudo,tabula_sapiens_Salivary_Gland,recide,0.5964573089443155,0.5535607360429272,0.11343495067610376,0.08495796663901424,0.6006396321669265
pseudo,tabula_sapiens_Salivary_Gland,fardeep,0.7139778814704459,0.22984526729870022,0.1366792747715286,0.09617348447182061,0.7088626400253466
pseudo,tabula_sapiens_Salivary_Gland,methylresolver,0.5246474079342318,0.3667318111985915,0.14614592198408302,0.10601538983119681,0.5129086762891917
pseudo,tabula_sapiens_Salivary_Gland,deconrnaseq,0.4197922137489128,0.3035582009732494,0.14273981625253873,0.10089308726077786,0.4361632146312674
pseudo,tabula_sapiens_Salivary_Gland,cibersortx,0.6887292218297318,0.2986723227890653,0.12244750511394155,0.08392359499577304,0.6737487172276251
pseudo,tabula_sapiens_Salivary_Gland,scdc,0.5955536179922412,0.4409476813529777,0.1634641202451183,0.1078016897049281,0.5723491946084207
pseudo,tabula_sapiens_Salivary_Gland,squid,nan,0.0,0.10102923100131753,0.0721667030329488,nan
pseudo,tabula_sapiens_Salivary_Gland,momf,0.4259868643267012,0.20718418594011545,0.16751625262608,0.12640098868771826,0.3994981732037692
pseudo,tabula_sapiens_Salivary_Gland,deconpeaker,0.6899359495311571,0.3158464318120693,0.10212140691155533,0.08357695168499397,0.6657143707460534
pseudo,tabula_sapiens_Salivary_Gland,demixsc,0.5156362725760266,0.3926373398553978,0.14932786895336822,0.10569525402871871,0.5044932135717004
pseudo,tabula_sapiens_Salivary_Gland,diffformer,0.515636272576028,0.3926373398553978,0.14932786895336797,0.1056952540287186,0.5044932135717003
pseudo,tabula_sapiens_Salivary_Gland,refactor,-0.20580993811594578,-0.03104593601222817,0.20634993932757797,0.13403234128313032,-0.26462074112555833
pseudo,tabula_sapiens_Salivary_Gland,cpm,0.5967299111057769,0.6069434078703579,0.07460372728500707,0.05168918790295411,0.5786391458480145
pseudo,tabula_sapiens_Salivary_Gland,dwls,0.7256000091113963,0.3739050792212172,0.13028120009257985,0.08825129031798526,0.7448373549016732
pseudo,tabula_sapiens_Salivary_Gland,deconica,0.008832264967156039,-0.024247573019666246,0.19405266878359015,0.13329197433086418,0.006997229440661978
pseudo,tabula_sapiens_Salivary_Gland,bayice,0.40491991096999114,0.40725640055614704,0.1045133199987146,0.07907969000983553,0.3924998536415297
pseudo,tabula_sapiens_Salivary_Gland,nnls,0.5156362634830417,0.3926373398553978,0.1493278660722829,0.10569525178802508,0.5044932135717003
pseudo,tabula_sapiens_Salivary_Gland,nitumid,0.6842751177697711,0.5089344600630968,0.08707419657659347,0.06049831633694226,0.6625058190272458
pseudo,tabula_sapiens_Salivary_Gland,linseed,-0.04750600774472336,0.12633826833117565,0.13331430339187755,0.09188523487053177,-0.023020576816329203
pseudo,tabula_sapiens_Salivary_Gland,emeth,0.3569970116004813,0.11153168978002073,0.15711365036424443,0.10732044315411578,0.35803712905327123
pseudo,tabula_sapiens_Salivary_Gland,rna-sieve,0.8218326006018059,0.5357249217636427,0.10036079883753647,0.0675481563384977,0.8198461466288351
pseudo,tabula_sapiens_Salivary_Gland,countbridges,0.8167547399305629,0.5819959425391686,0.08809408768056179,0.05638636686850146,0.8146841945677552
pseudo,tabula_sapiens_Salivary_Gland,daism,0.6901535497207731,0.6414359129865204,0.08036636325881316,0.05445388093967245,0.6621817652601327
pseudo,tabula_sapiens_Salivary_Gland,immucellai,0.6984972367547091,0.7468269049724242,0.05304597729656284,0.037511974857317526,0.693005602678364
pseudo,tabula_sapiens_Salivary_Gland,deseq2,0.7252235497477819,0.2247653048378088,0.12153585635649793,0.08762284153934818,0.7170832541906746
pseudo,tabula_sapiens_Salivary_Gland,mixture,0.7876422702541059,0.3326663965236373,0.13089128152886997,0.08906856199929805,0.7714936538052914
pseudo,tabula_sapiens_Salivary_Gland,hspe,0.5512580367296444,-0.12518647685959705,0.2568947736065219,0.17064936867608563,0.5689435735067188
pseudo,tabula_sapiens_Salivary_Gland,prede,0.695001544295857,0.29853673909452094,0.10297522245608853,0.08179022974706471,0.6759012397042369
pseudo,tabula_sapiens_Salivary_Gland,bisqueref,0.5759165076161787,0.23161634648377194,0.09635997418746735,0.07143497715324762,0.5741165275379749
pseudo,tabula_sapiens_Salivary_Gland,dsa,0.5355331697748911,0.20902836795040694,0.2685036407868641,0.15455312539004978,0.5420341464503533
pseudo,tabula_sapiens_Salivary_Gland,demixt,-0.09009294659590297,-0.01037454941873709,0.1438819804919224,0.11399419065185379,-0.09571640024671217
pseudo,tabula_sapiens_Salivary_Gland,decompress,0.19658781223000985,0.07362328339331459,0.1439181827887208,0.10288134588800588,0.18546484266546828
pseudo,tabula_sapiens_Salivary_Gland,aric,0.6449547937747616,0.4353746487017792,0.1048465358527106,0.071964370315866,0.6306598589789801
pseudo,tabula_sapiens_Salivary_Gland,deconvseq,0.3048951617914985,0.46578202216238557,0.12821245820993066,0.09473497546452607,0.37494130156893896
pseudo,tabula_sapiens_Salivary_Gland,bayesprism,0.7647547538138033,0.5761829265463213,0.13554629407540789,0.08243368914594311,0.752932808866359
pseudo,tabula_sapiens_Salivary_Gland,sweetwater,0.1800092452798399,0.2253074123803594,0.10000506205812953,0.07122695345970667,0.18875021984447632
pseudo,tabula_sapiens_Salivary_Gland,toast,0.7122137230525388,0.6548663824257113,0.0726772671894866,0.05180628610455994,0.6963421302898858
pseudo,tabula_sapiens_Salivary_Gland,geneformer/longer,0.129366162279633,0.0071939487167627,0.1051486635048555,0.07474779051704901,0.09895225872959232
pseudo,tabula_sapiens_Salivary_Gland,geneformer/wider,0.086097709898096,0.13833559359220687,0.10330610520041762,0.0724362976870071,0.07157784862182628
pseudo,tabula_sapiens_Salivary_Gland,geneformer/finetune,0.5568581304244526,0.38428587350471455,0.10289036860368918,0.07482127630961703,0.5305265969784496
pseudo,tabula_sapiens_Salivary_Gland,geneformer/default,0.07763212419587577,0.18090051208935357,0.10105206203217497,0.06968190021393326,0.060696185474763256
pseudo,tabula_sapiens_Salivary_Gland,dtangle,0.7575514789028158,0.47358129351016115,0.09896437464249423,0.06626476051125782,0.7460387929884227
pseudo,tabula_sapiens_Salivary_Gland,ols,0.5246428471086363,0.3667318111985915,0.1461467114118447,0.10601652545686205,0.5129086762891917
pseudo,tabula_sapiens_Salivary_Gland,epic,0.6530541054352521,0.598177668614299,0.0988036616869247,0.06869104222091801,0.6483494565229331
pseudo,tabula_sapiens_Salivary_Gland,bisquemarker,0.6075097838399611,0.4371224223997163,0.13021289818292645,0.08853569066257119,0.773621252778625
pseudo,tabula_sapiens_Salivary_Gland,baycount,-0.1258528592707918,-0.02470522586291336,0.1195046424565998,0.09031006351778022,-0.10137310632609275
pseudo,tabula_sapiens_Salivary_Gland,deconf,-0.027531111875896498,-0.3975757232653507,0.1804093281103699,0.13319771916268042,-0.015112847877269136
pseudo,tabula_sapiens_Salivary_Gland,adroit,0.49030806908382696,0.190722536404385,0.14712820811203248,0.09896956458589833,0.5034455060158953
pseudo,tabula_sapiens_Salivary_Gland,mcpcounter,0.6623136834214782,0.3367705372154148,0.09383082575222525,0.06596590119806482,0.6489799215992493
pseudo,tabula_sapiens_Salivary_Gland,music,0.7104159847071057,0.3274636530423111,0.11115116715248395,0.07952408585238835,0.6961251547706434
pseudo,tabula_sapiens_Salivary_Gland,ridge,0.524647407869544,0.3667318111985915,0.14614591872188953,0.10601538715206402,0.5129086762891917
pseudo,tabula_sapiens_Salivary_Gland,mysort,0.7523166791480406,0.31477685942642175,0.13501690762723684,0.09145489090430148,0.7271044028619397
pseudo,tabula_sapiens_Salivary_Gland,lindeconseq,0.8126649047932505,0.30548683382729713,0.13161203228459148,0.09127215032523389,0.7995652014488444
pseudo,tabula_sapiens_Salivary_Gland,quantiseq,0.6494499939059513,0.6182247464942985,0.09205212666032314,0.06897731486581585,0.6513694167488875
pseudo,tabula_sapiens_Salivary_Gland,scaden,0.6650296005683708,0.4276021413052611,0.08596813022417232,0.06151642484636767,0.6571608375657652
pseudo,tabula_sapiens_Salivary_Gland,mixupvi,0.515636272576028,0.3926373398553978,0.149327868953368,0.1056952540287186,0.5044932135717003
pseudo,tabula_sapiens_Salivary_Gland,autogenes,0.6765345074813646,0.21637557838120736,0.11754584195491981,0.08772413942721739,0.6440206672397928
pseudo,tabula_sapiens_Salivary_Gland,tape,0.3804499148573237,0.4939160564598597,0.0954511278831566,0.0690587450664292,0.37876688749338977
pseudo,tabula_sapiens_Bladder,recide,0.8737789304841899,0.534,0.06674844052318629,0.04994700800282333,0.8607566851306637
pseudo,tabula_sapiens_Bladder,fardeep,0.871845362695638,0.7366925228247924,0.041069566487536846,0.033213039830594426,0.8677842925477411
pseudo,tabula_sapiens_Bladder,methylresolver,0.6933287141975809,0.07328804301766062,0.12496851868927263,0.09498035230040301,0.6912783700589888
pseudo,tabula_sapiens_Bladder,deconrnaseq,0.5833021713919284,0.469397908644094,0.09491143226356173,0.06972082409790686,0.6400433539906895
pseudo,tabula_sapiens_Bladder,cibersortx,0.7793429817070122,0.15063784164090394,0.103928917214486,0.07955336402209433,0.7726551817457935
pseudo,tabula_sapiens_Bladder,scdc,0.7403469820175208,0.4859399738993026,0.11040072690682193,0.07065498283832729,0.7400260947025799
pseudo,tabula_sapiens_Bladder,squid,0.0,0.0,0.06619983172753435,0.054018588081269456,0.0
pseudo,tabula_sapiens_Bladder,momf,0.653772496462492,-0.0012282795318755977,0.17174460233046915,0.13278348702101928,0.6757809750816843
pseudo,tabula_sapiens_Bladder,deconpeaker,0.8544671298157784,0.7208289668355272,0.05099419077913862,0.03786245090193645,0.8660298135139572
pseudo,tabula_sapiens_Bladder,demixsc,0.6974606228702993,0.20106077865548155,0.10048718032404275,0.07627569602684678,0.7033566125405607
pseudo,tabula_sapiens_Bladder,diffformer,0.6974606228702988,0.20106077865548155,0.1004871803240428,0.07627569602684685,0.7033566125405607
pseudo,tabula_sapiens_Bladder,refactor,0.15250474359042104,0.18425114601232712,0.18463032825890224,0.12901516242036984,0.17734496515698306
pseudo,tabula_sapiens_Bladder,cpm,0.685366539661864,0.31449999999999995,0.06266414344079414,0.049899111459271096,0.6703251726100778
pseudo,tabula_sapiens_Bladder,dwls,0.9670124175735604,0.8598333333333333,0.02861051668443149,0.023748337011852066,0.9608001831549634
pseudo,tabula_sapiens_Bladder,deconica,0.05544742703991232,-0.02431470360015121,0.2114974198509413,0.14369791509838115,0.022528222387509116
pseudo,tabula_sapiens_Bladder,bayice,0.6555900260258962,0.4771666666666665,0.06938203853939523,0.057641972117978356,0.6550419182649214
pseudo,tabula_sapiens_Bladder,nnls,0.6974606147857644,0.20106077865548155,0.10048718733193743,0.07627570321825522,0.7033566125405607
pseudo,tabula_sapiens_Bladder,nitumid,0.8934415621802096,0.594,0.04733796846060225,0.038245277503194154,0.8664227643377623
pseudo,tabula_sapiens_Bladder,linseed,-0.04777693305150012,-0.38466666666666655,0.10750085622814325,0.08448421615234405,-0.020782312198769547
pseudo,tabula_sapiens_Bladder,emeth,0.7623833742891983,0.17580800238299293,0.09990969377289276,0.07515714924662673,0.7587459603741982
pseudo,tabula_sapiens_Bladder,rna-sieve,0.9139327923487285,0.5796666666666667,0.08692032823529934,0.058653602399851984,0.9030870002668673
pseudo,tabula_sapiens_Bladder,countbridges,0.913352240466646,0.6134999999999999,0.07127599114188797,0.050271560478612504,0.9030039716115112
pseudo,tabula_sapiens_Bladder,nusvr,0.7743004569756142,0.14245090933678742,0.10663666037232561,0.08184313590371568,0.7677337844969687
pseudo,tabula_sapiens_Bladder,daism,0.5849983579126288,0.3001666666666667,0.6540557689990053,0.4676064440145422,0.5762045746919602
pseudo,tabula_sapiens_Bladder,immucellai,-0.12809405676738927,0.411175241018398,0.11547971557734145,0.08272537545062858,-0.09347034044325811
pseudo,tabula_sapiens_Bladder,deseq2,0.9528603441859558,0.7501666666666668,0.039330480273000595,0.03258669309252727,0.946695374923284
pseudo,tabula_sapiens_Bladder,mixture,0.8032038977896345,0.4858137679729305,0.06709899033113452,0.04749719182366593,0.8010774811052691
pseudo,tabula_sapiens_Bladder,hspe,0.716872283467012,0.08999999999999998,0.2583513120321892,0.18332514506495193,0.7871951361626672
pseudo,tabula_sapiens_Bladder,prede,0.6239631893066034,0.4632741091204145,0.09190813771664333,0.07764481431736397,0.6358240811379541
pseudo,tabula_sapiens_Bladder,bisqueref,0.7732777896090287,0.6168333333333333,0.09609498325026088,0.06909021239630492,0.7621246380153788
pseudo,tabula_sapiens_Bladder,dsa,0.35697448107748353,0.1021835840459946,0.24497182718794852,0.15631801341361332,0.3357536606003704
pseudo,tabula_sapiens_Bladder,demixt,0.008671625621410224,0.3086053460084944,0.09593409648362639,0.07455571553372543,0.034790284014674336
pseudo,tabula_sapiens_Bladder,decompress,-0.14185905134789373,-0.14988086177785584,0.17605639043203716,0.13743160674727525,-0.11169081969699114
pseudo,tabula_sapiens_Bladder,aric,0.8027308046697864,0.22536390758975122,0.09335510784956212,0.07086016511257348,0.7858909397115343
pseudo,tabula_sapiens_Bladder,deconvseq,0.35052807866481384,0.307,0.17433051422982743,0.13805277807114924,0.3993269677500296
pseudo,tabula_sapiens_Bladder,bayesprism,0.8223276515265717,0.6814999999999999,0.097666346166779,0.07126637115870693,0.8507460247256371
pseudo,tabula_sapiens_Bladder,sweetwater,0.3463542656083447,0.5333333333333334,0.06253624566833776,0.050174874611956195,0.325872722800457
pseudo,tabula_sapiens_Bladder,toast,0.7582509146661107,0.2878333333333334,0.07682636739418675,0.062126939064393066,0.7300506251291385
pseudo,tabula_sapiens_Bladder,geneformer/longer,0.3231669875126726,0.47566666666666657,0.05648555803665773,0.04574170751550102,0.3093829886371517
pseudo,tabula_sapiens_Bladder,geneformer/wider,0.2272728900508805,0.311,0.06376074838953824,0.050809421076392774,0.20260182371251398
pseudo,tabula_sapiens_Bladder,geneformer/finetune,0.7444246603652659,0.8566666666666667,0.034196693533021176,0.027025028602352022,0.7242717986348988
pseudo,tabula_sapiens_Bladder,geneformer/default,0.13579744129433627,0.3353333333333333,0.06097974986475244,0.04864405319882317,0.14290270566728566
pseudo,tabula_sapiens_Bladder,dtangle,0.9212588826940742,0.5175,0.05565146965887256,0.046124767688649704,0.9019864418492856
pseudo,tabula_sapiens_Bladder,ols,0.6933119402571215,0.07328804301766062,0.1249871222727552,0.09498989939392022,0.6912783700589888
pseudo,tabula_sapiens_Bladder,epic,0.6518493874861337,0.5163333333333333,0.07633027710330355,0.05680650913772194,0.7001138518682444
pseudo,tabula_sapiens_Bladder,bisquemarker,-0.03306564041676682,-0.04138924076381892,0.16746678681781735,0.13125459403901138,-0.06304037660222675
pseudo,tabula_sapiens_Bladder,baycount,-0.06274069424756608,-0.37549999999999994,0.0842875544071944,0.06934153601351624,-0.07812669507875733
pseudo,tabula_sapiens_Bladder,deconf,0.09671141820211182,0.057074948283300925,0.11603075030889555,0.0966974162995528,0.12551852756492018
pseudo,tabula_sapiens_Bladder,adroit,0.8552073703746873,0.41104497542996243,0.07833802188314622,0.05194227270837815,0.8366913548463613
pseudo,tabula_sapiens_Bladder,mcpcounter,0.567250595327468,0.7166666666666666,3.657634968932183,3.6441778079339704,0.5494049255883114
pseudo,tabula_sapiens_Bladder,music,0.9263315923607139,0.6509241792943155,0.048855622557529656,0.03817065345048314,0.9155871726918655
pseudo,tabula_sapiens_Bladder,ridge,0.6933287015810076,0.07328804301766062,0.12496852380659565,0.09498035723796307,0.6912783700589888
pseudo,tabula_sapiens_Bladder,mysort,0.8214870832246886,0.4091167021191077,13.424261130829057,11.023799044206166,0.8076057711929637
pseudo,tabula_sapiens_Bladder,lindeconseq,0.8817011235945468,0.40928004977961385,0.06978648180896777,0.05070269132010338,0.8642860546591822
pseudo,tabula_sapiens_Bladder,quantiseq,0.6428692046487883,0.5204080969345636,0.07838904245364524,0.0626667084450723,0.6706520978347804
pseudo,tabula_sapiens_Bladder,scaden,0.7995798681219145,0.7928333333333335,0.04718694446561099,0.03438232119730002,0.8100053994208865
pseudo,tabula_sapiens_Bladder,mixupvi,0.6974606228702988,0.20106077865548155,0.10048718032404277,0.07627569602684685,0.7033566125405607
pseudo,tabula_sapiens_Bladder,autogenes,0.6911913858444257,0.32438679130789433,0.08569524117689506,0.06373913900214773,0.6583314912557872
pseudo,tabula_sapiens_Bladder,tape,0.37465900970606764,0.1805,0.09123059227531312,0.06702199562317995,0.38479729341307695
pseudo,cellxgene_Primary_Visual_Cortex,recide,0.12427371351453853,0.4295727470063113,0.05315774160745577,0.039295306031663424,0.1194985418828437
pseudo,cellxgene_Primary_Visual_Cortex,fardeep,0.9337385867073059,0.9366377633562282,0.012031508287884409,0.009374576924271991,0.9272097071350273
pseudo,cellxgene_Primary_Visual_Cortex,methylresolver,0.775372771851161,0.33374299342506153,0.05328946900270873,0.042032044397713256,0.7875833078105985
pseudo,cellxgene_Primary_Visual_Cortex,deconrnaseq,0.6802926482817943,0.449771369679572,0.05790646787572415,0.04467865414182432,0.6753386560509888
pseudo,cellxgene_Primary_Visual_Cortex,cibersortx,0.9055369566652324,0.7896802755508144,0.024820107317610727,0.018425644041035333,0.9019008430687679
pseudo,cellxgene_Primary_Visual_Cortex,scdc,0.4212583577762794,0.37161658182326546,0.07062332701886292,0.05519414039328993,0.4010583408664933
pseudo,cellxgene_Primary_Visual_Cortex,squid,0.0,0.0,0.04906338757644884,0.039603646332018516,0.0
pseudo,cellxgene_Primary_Visual_Cortex,momf,0.6579667170238933,0.2561958467829532,0.1392670190927393,0.08206681470849464,0.6639640343831793
pseudo,cellxgene_Primary_Visual_Cortex,deconpeaker,0.7118470572047578,0.3902243712244518,0.0490548442452307,0.03861314101494701,0.7110657370071124
pseudo,cellxgene_Primary_Visual_Cortex,demixsc,0.7155108060964455,0.2885627788339748,0.06184936553818075,0.045603279135663914,0.7234339825793665
pseudo,cellxgene_Primary_Visual_Cortex,diffformer,0.7155108060964458,0.2885627788339748,0.06184936553818068,0.045603279135663845,0.7234339825793665
pseudo,cellxgene_Primary_Visual_Cortex,refactor,-0.11382392871871062,0.07124404809934107,0.11002803393780576,0.07323985053336257,-0.1057985950635476
pseudo,cellxgene_Primary_Visual_Cortex,cpm,0.7356685645623228,0.3188964844098399,0.04636149041301525,0.038389728225131654,0.7193561855051356
pseudo,cellxgene_Primary_Visual_Cortex,dwls,0.9823838356869503,0.9667340516286227,0.009159801565122559,0.006783490989567428,0.9781348004265965
pseudo,cellxgene_Primary_Visual_Cortex,deconica,-0.021468333015875866,-0.02116730003078798,0.12006865636476852,0.07675570777487353,-0.013849532254138916
pseudo,cellxgene_Primary_Visual_Cortex,bayice,0.6028814804304977,0.5431069898192551,0.04387381252230057,0.03400431659387928,0.6017167603046796
pseudo,cellxgene_Primary_Visual_Cortex,nnls,0.7155108046934556,0.2885627788339748,0.06184936727351548,0.04560327929777136,0.7234339825793666
pseudo,cellxgene_Primary_Visual_Cortex,nitumid,0.8449179188860689,0.47224964668631647,0.04476851447048811,0.034092177400668854,0.8347178494074987
pseudo,cellxgene_Primary_Visual_Cortex,linseed,-0.02734842673277178,0.263792372064256,0.07059648779354466,0.05228687488459335,-0.007096869405758907
pseudo,cellxgene_Primary_Visual_Cortex,emeth,0.7761485984919355,0.6497123175542314,0.03863260136506763,0.026251991055382264,0.7723604394060606
pseudo,cellxgene_Primary_Visual_Cortex,rna-sieve,0.9610508708127974,0.7562310158318677,0.03985043086414266,0.028245125752243118,0.9565619023181489
pseudo,cellxgene_Primary_Visual_Cortex,countbridges,0.909551378800006,0.6729168588394008,0.03955685894437448,0.029392519453180808,0.9095320990848016
pseudo,cellxgene_Primary_Visual_Cortex,scgpt/da,0.6072481966649043,0.8427646063715926,0.022539522457822668,0.017597257932002355,0.6069378887903617
pseudo,cellxgene_Primary_Visual_Cortex,scgpt/mmd,0.6191279708681431,0.7988859649097733,0.02466669974322044,0.019028649450710505,0.6296294224486386
pseudo,cellxgene_Primary_Visual_Cortex,scgpt/lr_7e5,0.644268748442764,0.8292392575964646,0.023927303978625507,0.018234220237456442,0.6446434481652253
pseudo,cellxgene_Primary_Visual_Cortex,scgpt/finetune,0.6444817133945849,0.8241900714695128,0.024266550164086943,0.018687750422419075,0.6463692131503267
pseudo,cellxgene_Primary_Visual_Cortex,scgpt/frozen,0.09393084867818041,0.305737772593534,0.04808100948251734,0.03889267190740481,0.08687056124266945
pseudo,cellxgene_Primary_Visual_Cortex,nusvr,0.8801451789424418,0.7277274452978924,0.028412376631772828,0.021092216767576468,0.8783728605117828
pseudo,cellxgene_Primary_Visual_Cortex,daism,0.6398075119072348,0.2949476235849474,0.05359969674534592,0.04335795788274959,0.6159073295078918
pseudo,cellxgene_Primary_Visual_Cortex,immucellai,0.7621283447125391,0.8179730127574594,0.026389124836221158,0.020263351093285694,0.7520285997732157
pseudo,cellxgene_Primary_Visual_Cortex,deseq2,0.9622399212707464,0.9387751069292672,0.011931788030902979,0.008940704489798725,0.9551309877683868
pseudo,cellxgene_Primary_Visual_Cortex,mixture,0.8910058834740943,0.7895566106371248,0.024139601872696863,0.017998274771863453,0.8883679513910804
pseudo,cellxgene_Primary_Visual_Cortex,hspe,0.5643962534449775,-0.07208481568358152,0.22111079605608264,0.1086708617058092,0.6169195775356748
pseudo,cellxgene_Primary_Visual_Cortex,prede,0.7980509419237913,0.8031917411331462,0.02794079063452037,0.02161663821700791,0.7491157581932041
pseudo,cellxgene_Primary_Visual_Cortex,bisqueref,0.7977978297575435,0.7770996419660965,0.03566349975141098,0.025719480214359533,0.7812103058061988
pseudo,cellxgene_Primary_Visual_Cortex,dsa,0.5020879843917292,-0.033538668748055535,0.07604101792209399,0.057582543832317985,0.4919283253927884
pseudo,cellxgene_Primary_Visual_Cortex,demixt,-0.010464604732479246,0.40322975590761007,0.09021679951637578,0.0574978688414231,0.10683736340297835
pseudo,cellxgene_Primary_Visual_Cortex,decompress,0.048010083220923816,0.11236868243518862,0.07977383829664754,0.06457529448568705,0.057806064984293325
pseudo,cellxgene_Primary_Visual_Cortex,aric,0.9266561563972648,0.9472538505485004,0.011731057912803673,0.009088634080733965,0.9177378801337881
pseudo,cellxgene_Primary_Visual_Cortex,deconvseq,0.132554092084077,0.24127275648487131,0.049063369193728924,0.03960363527670743,0.11627487830063915
pseudo,cellxgene_Primary_Visual_Cortex,scgpt_lora/default,0.6477252613095676,0.8956089276918289,0.015573311597108841,0.011106232181191444,0.6371413277748554
pseudo,cellxgene_Primary_Visual_Cortex,bayesprism,0.7499456368384747,0.6572573422372459,0.04690881033748208,0.0335076016552383,0.7627426598917187
pseudo,cellxgene_Primary_Visual_Cortex,sweetwater,0.04190521978431336,-0.16549301652749096,0.049535550228516245,0.039892030342763944,0.033913488299256785
pseudo,cellxgene_Primary_Visual_Cortex,toast,0.5894533165119915,0.22573085429032463,0.1870727829233009,0.10174895646068027,0.5604675393827854
pseudo,cellxgene_Primary_Visual_Cortex,geneformer/longer,0.1978363036433277,0.4134040696568731,0.04316454982351711,0.034950020449492844,0.1839868948278844
pseudo,cellxgene_Primary_Visual_Cortex,geneformer/wider,0.12159554422876327,0.18061912915368872,0.04772314772235679,0.03837879437516563,0.10535701759180138
pseudo,cellxgene_Primary_Visual_Cortex,geneformer/finetune_pb5k,0.7555626928437692,0.8870355236208582,0.017368901054708133,0.0139081019985994,0.752917627064628
pseudo,cellxgene_Primary_Visual_Cortex,geneformer/realbulk,0.17503392810881319,0.41340214102906636,0.04428399513528748,0.03533311583691038,0.17075750511094026
pseudo,cellxgene_Primary_Visual_Cortex,geneformer/finetune,0.6597795486983838,0.8610135239533324,0.02134228197368454,0.016976409157245693,0.6637755487103663
pseudo,cellxgene_Primary_Visual_Cortex,geneformer/default,0.03421976986203362,0.11909088415876164,0.04852352147242351,0.039198263881909313,0.035039981494868366
pseudo,cellxgene_Primary_Visual_Cortex,dtangle,0.8585683523891857,0.6221598689120585,0.04578854140061066,0.034725920572241976,0.8460915818065738
pseudo,cellxgene_Primary_Visual_Cortex,transcriptformer/progressive4,0.39887719528961685,0.2920971753710075,0.15502246114782187,0.08286919542630793,0.4068088830851072
pseudo,cellxgene_Primary_Visual_Cortex,transcriptformer/longer,0.28612318951994925,0.10035591804620488,0.14869061727005745,0.08677026201927467,0.32147836428008414
pseudo,cellxgene_Primary_Visual_Cortex,transcriptformer/progressive3,0.416022908830991,0.28391678784671015,0.19818062236770498,0.09367710057663724,0.4174381768817819
pseudo,cellxgene_Primary_Visual_Cortex,transcriptformer/finetune,0.4186101346052517,0.13706160991849806,0.11321805569189995,0.07735243773536316,0.42325502137516696
pseudo,cellxgene_Primary_Visual_Cortex,transcriptformer/default,0.4356195012921445,0.38652838157722,0.12515347123147827,0.06739641753993607,0.41624084824550356
pseudo,cellxgene_Primary_Visual_Cortex,ols,0.775369429001011,0.33354679473705007,0.05329707206898755,0.04203815249553482,0.7875698924503867
pseudo,cellxgene_Primary_Visual_Cortex,epic,0.07851250715796573,0.10762843705655467,0.055096078151582364,0.04399077555929333,0.054955260542556145
pseudo,cellxgene_Primary_Visual_Cortex,bisquemarker,0.5897371521638031,0.33625691012995984,0.08316671285210347,0.05916520679458316,0.722722557746723
pseudo,cellxgene_Primary_Visual_Cortex,deconf,0.015878939721405826,0.02713457405430423,0.1105637841831485,0.08305509302867703,0.015625351010815088
pseudo,cellxgene_Primary_Visual_Cortex,adroit,0.9470417267335437,0.7972357314730623,0.024517877393891746,0.015651248178324497,0.9442065076072385
pseudo,cellxgene_Primary_Visual_Cortex,mcpcounter,0.7014405195223652,0.5103706262900526,0.04553377115851442,0.03681505686574901,0.6760883686093043
pseudo,cellxgene_Primary_Visual_Cortex,music,0.9567100439498643,0.9004591277364287,0.014213495007564372,0.011412861331221677,0.9594375725020579
pseudo,cellxgene_Primary_Visual_Cortex,stack/progressive4,0.253944150570895,0.23101604350405439,0.15598769689019015,0.08610742419186225,0.2838399024990285
pseudo,cellxgene_Primary_Visual_Cortex,stack/longer,0.21509462919111755,0.06855796651327166,0.1632182175404295,0.08779938890105143,0.2725998426705957
pseudo,cellxgene_Primary_Visual_Cortex,stack/wider,0.24239735578165345,0.17317641992338184,0.16211240951019198,0.08446061589933876,0.2708741910745037
pseudo,cellxgene_Primary_Visual_Cortex,stack/progressive3,0.24527058066133775,0.1468676904729686,0.15872516497772232,0.08305489495905558,0.2930028715834492
pseudo,cellxgene_Primary_Visual_Cortex,stack/default,0.2663647588194684,0.0931586532174174,0.11781631971078056,0.07120817400702727,0.2809883822223092
pseudo,cellxgene_Primary_Visual_Cortex,ridge,0.7753727639433284,0.33374299342506153,0.053289469474117994,0.042032044039280264,0.7875833078105986
pseudo,cellxgene_Primary_Visual_Cortex,mysort,0.8381430261724686,0.76702486803106,0.026635117434912276,0.01991114546451665,0.8258363686655072
pseudo,cellxgene_Primary_Visual_Cortex,lindeconseq,0.8956694072406093,0.717629198348917,0.029128759318270005,0.021998049530833418,0.8900193320373867
pseudo,cellxgene_Primary_Visual_Cortex,quantiseq,0.536656914265685,0.320895639558913,0.07177470217346643,0.056265742309188856,0.5664381943437131
pseudo,cellxgene_Primary_Visual_Cortex,scaden,0.6085015306363362,0.6574405671720126,0.03597192917012521,0.02878518685938586,0.6104142901097349
pseudo,cellxgene_Primary_Visual_Cortex,mixupvi,0.7155108060964459,0.2885627788339748,0.061849365538180684,0.04560327913566385,0.7234339825793665
pseudo,cellxgene_Primary_Visual_Cortex,scfoundation/default,0.45066287252026554,0.521381906874546,0.051002107745310096,0.03890579918106288,0.4512927260999505
pseudo,cellxgene_Primary_Visual_Cortex,autogenes,0.6702053065322104,0.7389447825085845,0.035572406428287344,0.02752476866266754,0.6652066355133646
pseudo,cellxgene_Primary_Visual_Cortex,tape,0.15125752973935772,0.037925265658142124,0.07243314569322812,0.05634039448160787,0.12567297881469683
pseudo,tabula_sapiens_Thymus,recide,0.6608954553209901,0.31605577316832073,0.16086170707811825,0.09981617060096054,0.7007197460976444
pseudo,tabula_sapiens_Thymus,fardeep,0.6952821172458878,0.5379970325943256,0.08965362326581404,0.06664709043369875,0.6634868289242454
pseudo,tabula_sapiens_Thymus,methylresolver,0.5528064332115448,0.23858659784677358,0.10008457871829053,0.08537571044867485,0.5471501610829619
pseudo,tabula_sapiens_Thymus,deconrnaseq,0.3805352518353489,0.14525420320009588,0.2441066885327447,0.14831453301499758,0.42059659393808563
pseudo,tabula_sapiens_Thymus,cibersortx,0.7775366315508551,0.5491794506190151,0.09397535712104499,0.06845918202773565,0.7688017754834664
pseudo,tabula_sapiens_Thymus,scdc,0.5771061422134113,0.3520686589475407,0.09327007340693445,0.07138779496509264,0.5516024739231571
pseudo,tabula_sapiens_Thymus,squid,0.0,0.0,0.06677870313404226,0.055472138449267634,0.0
pseudo,tabula_sapiens_Thymus,momf,0.4469682929278505,0.21353642237851528,0.1499808021997691,0.11079875395200675,0.42867457271528486
pseudo,tabula_sapiens_Thymus,deconpeaker,0.6722848634591361,0.3772071331424847,0.10509245972702001,0.08532100143353312,0.7069845303894482
pseudo,tabula_sapiens_Thymus,demixsc,0.520976222189586,0.1151931742206622,0.11875406595695258,0.09719236167513262,0.5163432845288058
pseudo,tabula_sapiens_Thymus,diffformer,0.5209762221895864,0.1151931742206622,0.11875406595695248,0.09719236167513254,0.5163432845288058
pseudo,tabula_sapiens_Thymus,refactor,0.13676073491054164,0.16446089218018986,0.18180571261193154,0.1334383448919747,0.16170419486510285
pseudo,tabula_sapiens_Thymus,cpm,0.6837857199074302,-0.4111666666666667,0.08001027018913083,0.06777434211315936,0.652523844074113
pseudo,tabula_sapiens_Thymus,deconica,-0.13535854143493728,0.029226476362503463,0.20859609392965067,0.14514002344510532,-0.07292283159517263
pseudo,tabula_sapiens_Thymus,bayice,0.6731268313324487,0.3753333333333333,0.10050946630139786,0.0740104669719419,0.6583908405258945
pseudo,tabula_sapiens_Thymus,nnls,0.5209762370188642,0.1151931742206622,0.11875404756224288,0.09719234783797653,0.5163432845288058
pseudo,tabula_sapiens_Thymus,nitumid,0.874609287534366,0.5931666666666666,0.0521624003113553,0.045843134999042856,0.8621062756262652
pseudo,tabula_sapiens_Thymus,linseed,-0.1061299452431687,-0.338,0.11959080989822962,0.0942878224447779,-0.08908695189331205
pseudo,tabula_sapiens_Thymus,emeth,0.7752460846698956,0.5226419436226155,0.10515767136071547,0.07384682667893615,0.7669890232779427
pseudo,tabula_sapiens_Thymus,rna-sieve,0.9007718926373622,0.609,0.0909842964578107,0.06848728048003071,0.8925786228447588
pseudo,tabula_sapiens_Thymus,countbridges,0.8265466534196411,0.2991666666666667,0.10195088839601259,0.07289131615202267,0.8154770363127936
pseudo,tabula_sapiens_Thymus,nusvr,0.7719299245615361,0.5510274590691224,0.09949950728810932,0.07072073771691266,0.7606553294423285
pseudo,tabula_sapiens_Thymus,immucellai,0.8195795147073732,0.6647257945262415,0.05026195468651491,0.03836769272540069,0.8172143420886128
pseudo,tabula_sapiens_Thymus,deseq2,0.7928959144521434,0.5789446760382713,0.12288329477650284,0.08345524692413549,0.7869899342526202
pseudo,tabula_sapiens_Thymus,mixture,0.7131973673043002,0.4867478009968938,0.08808771892079445,0.06889337474333557,0.7079493810601967
pseudo,tabula_sapiens_Thymus,hspe,0.5996565716937171,0.4804999999999998,0.18590234859500782,0.147093115431616,0.6839394277186515
pseudo,tabula_sapiens_Thymus,prede,0.7932938131320191,0.41900995176803363,0.0958152558887616,0.07577276265828349,0.7832179676314475
pseudo,tabula_sapiens_Thymus,bisqueref,0.692901719075229,0.4108333333333334,0.08229969609171556,0.0627003708759813,0.677409987035007
pseudo,tabula_sapiens_Thymus,dsa,0.4735263396803068,0.1946042255391726,0.15878446617786415,0.1256015414041167,0.45471246310776586
pseudo,tabula_sapiens_Thymus,demixt,0.041725729852733845,0.4693764935710851,0.1108979408892653,0.08599539611522308,0.03183126292301321
pseudo,tabula_sapiens_Thymus,decompress,0.08616133603770994,-0.14274367788367223,0.18326943488715422,0.14543842332899215,0.08490346835171421
pseudo,tabula_sapiens_Thymus,deconvseq,0.17249438988670443,0.13966666666666666,0.23820246411619062,0.16391108682237177,0.19698231462398869
pseudo,tabula_sapiens_Thymus,bayesprism,0.869225111499531,0.6801666666666665,0.07130463925043476,0.05456256247526122,0.8804499261033607
pseudo,tabula_sapiens_Thymus,toast,0.800819059590935,0.19949999999999998,0.10286725529752112,0.08600754033534536,0.7771848311448408
pseudo,tabula_sapiens_Thymus,geneformer/longer,0.30250476286389283,0.32166666666666666,0.06492713218593733,0.05229922879617707,0.29364254854510136
pseudo,tabula_sapiens_Thymus,geneformer/wider,0.17660030502006385,0.27666666666666667,0.07267354883010212,0.05823789869148873,0.1541119243725143
pseudo,tabula_sapiens_Thymus,geneformer/finetune,0.6927476541616245,0.6703333333333333,0.06686700378490791,0.05238202529622639,0.6679428176695195
pseudo,tabula_sapiens_Thymus,geneformer/default,0.04371222242694191,0.07566666666666666,0.06938511505865107,0.0576424498701314,0.042459058459391956
pseudo,tabula_sapiens_Thymus,dtangle,0.8739024432612111,0.47666666666666674,0.059237193654395504,0.045728442095207544,0.8534978695273179
pseudo,tabula_sapiens_Thymus,ols,0.5527933235125383,0.23858659784677358,0.10008696016772041,0.08537754792150723,0.5471501610829618
pseudo,tabula_sapiens_Thymus,epic,0.4819114762582294,0.19999999999999996,0.1849431312546863,0.11506677968162204,0.5033717477598666
pseudo,tabula_sapiens_Thymus,bisquemarker,0.5767369898702362,0.4259076660554256,0.13264377122726928,0.10147307324877347,0.7111387642742787
pseudo,tabula_sapiens_Thymus,baycount,-0.19837898843434948,-0.11616666666666667,0.07488134408237991,0.06098429779941356,-0.18370625934153118
pseudo,tabula_sapiens_Thymus,deconf,-0.06394327015508677,-0.2257239997309573,0.13973794637153708,0.11987286273904613,-0.046175793517066396
pseudo,tabula_sapiens_Thymus,adroit,0.803108424722698,0.603532355815961,0.09530193544303699,0.07061525176119922,0.8248878135535577
pseudo,tabula_sapiens_Thymus,mcpcounter,0.7082293753795752,0.5448333333333333,0.06262504507419246,0.05208969367075818,0.6763883452787377
pseudo,tabula_sapiens_Thymus,music,0.8558221853935242,0.6812278137175398,0.1094338926359873,0.07094935597612406,0.8438827326335611
pseudo,tabula_sapiens_Thymus,ridge,0.5528064340704056,0.23858659784677358,0.10008457609303834,0.08537570640665376,0.5471501610829618
pseudo,tabula_sapiens_Thymus,mysort,0.7270544784768773,0.5052667752169341,0.08479839457565919,0.06711973881960288,0.7277352792507633
pseudo,tabula_sapiens_Thymus,lindeconseq,0.7366196832080774,0.4985552366032398,0.08930272508004686,0.06971763338668525,0.7321384262241524
pseudo,tabula_sapiens_Thymus,quantiseq,0.5336724347644408,0.2009628152254854,0.17774735708306771,0.11005394022548964,0.5422986853456401
pseudo,tabula_sapiens_Thymus,scaden,0.8389108495428133,0.7203333333333332,0.04785788369319831,0.03741811253123867,0.8395398573306861
pseudo,tabula_sapiens_Thymus,mixupvi,0.5209762221895864,0.1151931742206622,0.11875406595695248,0.09719236167513254,0.5163432845288058
pseudo,tabula_sapiens_Thymus,autogenes,0.7116492793292251,0.469020390991233,0.09951322664860682,0.08207463307441809,0.7206327271738002
pseudo,tabula_sapiens_Thymus,tape,0.5010412687360072,-0.5291666666666666,0.12379096407347544,0.10418884270864769,0.4624456359683603
pseudo,cellxgene_Anterior_Cingulate_Cortex,recide,0.11782833312541066,0.41747676448926724,0.052536990539251455,0.039578297244935695,0.11349178009196018
pseudo,cellxgene_Anterior_Cingulate_Cortex,fardeep,0.9141920308142311,0.9281297652910442,0.013840484112983466,0.011432677823111883,0.9079843348418651
pseudo,cellxgene_Anterior_Cingulate_Cortex,methylresolver,0.5426052148937661,0.639685928230356,0.03795737673405004,0.024794244940190724,0.5422132097299605
pseudo,cellxgene_Anterior_Cingulate_Cortex,deconrnaseq,0.5124843779399907,0.5603779358775227,0.061544979522250444,0.0472764656679983,0.5233008276402833
pseudo,cellxgene_Anterior_Cingulate_Cortex,cibersortx,0.9238315142905147,0.936340382953082,0.01224890867571726,0.010317920111831663,0.9195693406562627
pseudo,cellxgene_Anterior_Cingulate_Cortex,scdc,0.5490791446372953,0.39225966668904527,0.07849052789075937,0.05639999129805812,0.5698750697113709
pseudo,cellxgene_Anterior_Cingulate_Cortex,squid,0.0,0.0,0.03925104356879892,0.03167133386299337,0.0
pseudo,cellxgene_Anterior_Cingulate_Cortex,momf,0.9271011013255789,0.7298660484298435,0.024938395498416897,0.01598958984284299,0.9229622529367022
pseudo,cellxgene_Anterior_Cingulate_Cortex,deconpeaker,0.8389067136039398,0.796321401183135,0.022452401959642286,0.015159163202579968,0.8307280119829402
pseudo,cellxgene_Anterior_Cingulate_Cortex,demixsc,0.9144450390661306,0.8914229966219395,0.015806468867813995,0.012737417812493948,0.9088028632172649
pseudo,cellxgene_Anterior_Cingulate_Cortex,diffformer,0.9144450390661306,0.8914229966219395,0.015806468867813995,0.012737417812493948,0.9088028632172649
pseudo,cellxgene_Anterior_Cingulate_Cortex,refactor,-0.03665501554127265,0.09616840558015034,0.11503788861162098,0.07482808664211013,0.011807274653195636
pseudo,cellxgene_Anterior_Cingulate_Cortex,cpm,0.785012498352349,0.3324259573751064,0.036027563938117034,0.029425263749722156,0.763041672823728
pseudo,cellxgene_Anterior_Cingulate_Cortex,dwls,0.9597095908788029,0.962186178573659,0.009015793052783865,0.00702450882206323,0.9564259663626532
pseudo,cellxgene_Anterior_Cingulate_Cortex,deconica,0.0028924074007099813,0.055688951145922615,0.10350560133933517,0.07135443463853738,0.0057314309741232595
pseudo,cellxgene_Anterior_Cingulate_Cortex,bayice,0.5559744423692328,0.4760507035687896,0.04890424658645223,0.03682505112267245,0.5535780469385022
pseudo,cellxgene_Anterior_Cingulate_Cortex,nnls,0.9144450434688379,0.8914229966219395,0.01580646809981905,0.012737417555004129,0.9088028632172649
pseudo,cellxgene_Anterior_Cingulate_Cortex,nitumid,0.8009455821327054,0.4353645414889206,0.03784758906086283,0.029516869909083643,0.7829996699797904
pseudo,cellxgene_Anterior_Cingulate_Cortex,linseed,0.012181510365797357,-0.06689120249182143,0.06068555167090746,0.04958200611922297,0.0165210689916773
pseudo,cellxgene_Anterior_Cingulate_Cortex,emeth,0.9059348823853921,0.9371433244531029,0.011997486734286102,0.009775635771663712,0.8904724045086658
pseudo,cellxgene_Anterior_Cingulate_Cortex,rna-sieve,0.9399006045315526,0.7296582795196634,0.03821596193435332,0.026412885632090825,0.9298314909464678
pseudo,cellxgene_Anterior_Cingulate_Cortex,countbridges,0.9269845517022347,0.6984154623720622,0.03818124634969281,0.02800808010444389,0.9235375290711217
pseudo,cellxgene_Anterior_Cingulate_Cortex,scgpt/da,0.6864119463134309,0.8612359216997314,0.020781074818785543,0.01590813978195692,0.6759764851535103
pseudo,cellxgene_Anterior_Cingulate_Cortex,scgpt/mmd,0.26633546196126734,0.2617025588170491,0.03756948545543843,0.03081115372448501,0.2778649738669785
pseudo,cellxgene_Anterior_Cingulate_Cortex,scgpt/lr_7e5,0.5231667592500557,0.5199995885531559,0.03182368470945658,0.025992018238403886,0.5196482241970283
pseudo,cellxgene_Anterior_Cingulate_Cortex,scgpt/finetune,0.6948265753286088,0.8436461085257162,0.020720164791341807,0.015840242643149347,0.674416141241919
pseudo,cellxgene_Anterior_Cingulate_Cortex,scgpt/frozen,0.02104527233372071,0.2884820483883711,0.0386074729419735,0.031118355704211464,0.009972266516230266
pseudo,cellxgene_Anterior_Cingulate_Cortex,nusvr,0.9324999131718812,0.9353153099446968,0.012330172746229945,0.010425939931139253,0.9245093274801228
pseudo,cellxgene_Anterior_Cingulate_Cortex,daism,0.7910922994719585,0.4955377722480821,0.03689562322714358,0.031295350710934054,0.7760717870789747
pseudo,cellxgene_Anterior_Cingulate_Cortex,immucellai,0.8373081808402947,0.9023589981190727,0.0155133734218101,0.012315057885978453,0.8249731961019298
pseudo,cellxgene_Anterior_Cingulate_Cortex,deseq2,0.9652455499267243,0.9496823199381459,0.010148107882189374,0.008087724728038502,0.9598487924458676
pseudo,cellxgene_Anterior_Cingulate_Cortex,mixture,0.9320666697892582,0.9367421290642285,0.01247766529742797,0.010467262501188165,0.9251529644414932
pseudo,cellxgene_Anterior_Cingulate_Cortex,hspe,0.520970098204292,-0.06627289359558924,0.22772914900447608,0.10603882881283608,0.6497549084415432
pseudo,cellxgene_Anterior_Cingulate_Cortex,prede,0.7220259665768514,0.5803339150807206,0.04428830185029407,0.03426958338689431,0.6991151986481506
pseudo,cellxgene_Anterior_Cingulate_Cortex,bisqueref,0.824275773665314,0.7445878882601409,0.029657363778258373,0.021494290756117525,0.8003837291799061
pseudo,cellxgene_Anterior_Cingulate_Cortex,dsa,0.6183295249649061,0.03766479916066416,0.06920381627815252,0.054026351198458056,0.6036785244518592
pseudo,cellxgene_Anterior_Cingulate_Cortex,demixt,-0.048945443865262055,0.3083575665345878,0.08226852740967613,0.05510279019990163,0.05908921333832522
pseudo,cellxgene_Anterior_Cingulate_Cortex,decompress,0.0794938180311582,-0.1450760019241884,0.09891457594773065,0.07166338915169691,0.08064278275084279
pseudo,cellxgene_Anterior_Cingulate_Cortex,deconvseq,0.0,0.0,0.03925104356879892,0.03167133386299337,0.0
pseudo,cellxgene_Anterior_Cingulate_Cortex,scgpt_lora/default,0.7428690703476176,0.9139816572215794,0.01453747320920229,0.010461492463946342,0.7443363544464034
pseudo,cellxgene_Anterior_Cingulate_Cortex,bayesprism,0.7663795664304776,0.6502477378488113,0.04274580170568437,0.031830538261580464,0.7818260458664283
pseudo,cellxgene_Anterior_Cingulate_Cortex,sweetwater,0.10480821632621747,0.2689100654846402,0.0376913716409499,0.030193696237096477,0.08264398859267438
pseudo,cellxgene_Anterior_Cingulate_Cortex,geneformer/longer,0.19951231719476475,0.22633257695521752,0.03766818911453068,0.03070357895814603,0.2068616212144313
pseudo,cellxgene_Anterior_Cingulate_Cortex,geneformer/wider,0.15430760195184737,0.18021598196215063,0.0398483067405215,0.03217974812281173,0.16517969325140697
pseudo,cellxgene_Anterior_Cingulate_Cortex,geneformer/finetune_pb5k,0.7915433931080919,0.8816438215498306,0.01819293226560401,0.014770209224920394,0.7935465237171621
pseudo,cellxgene_Anterior_Cingulate_Cortex,geneformer/realbulk,0.1854638065595352,0.3010742588230359,0.03692627185677843,0.030172879823128447,0.16763720546034622
pseudo,cellxgene_Anterior_Cingulate_Cortex,geneformer/finetune,0.6906663513289047,0.8392903918523001,0.020264056945572987,0.016354598437182285,0.6860792361928125
pseudo,cellxgene_Anterior_Cingulate_Cortex,geneformer/default,0.08849777028942185,0.1434757269631322,0.03921081457054822,0.03151642438678664,0.081146364736755
pseudo,cellxgene_Anterior_Cingulate_Cortex,dtangle,0.8509538261030353,0.6498773728624633,0.028722337964045514,0.023808756589220284,0.8350850755024607
pseudo,cellxgene_Anterior_Cingulate_Cortex,transcriptformer/progressive4,0.33857467379879663,0.3258974646200234,0.12362361443060181,0.08110311352024031,0.3488009840881677
pseudo,cellxgene_Anterior_Cingulate_Cortex,transcriptformer/longer,0.34796494000521017,0.32539634735632333,0.16120534133975098,0.08326064120659664,0.39906013510861993
pseudo,cellxgene_Anterior_Cingulate_Cortex,transcriptformer/progressive3,0.34250681673555505,0.3718769715522346,0.2069463496600403,0.09699488847948964,0.4182282208171742
pseudo,cellxgene_Anterior_Cingulate_Cortex,transcriptformer/finetune,0.3661892775618525,0.30256808167905613,0.19109805845115962,0.09253762378663184,0.4264382377913118
pseudo,cellxgene_Anterior_Cingulate_Cortex,transcriptformer/default,0.3550828840883771,0.3827731678257452,0.145863002605247,0.08181904137241416,0.42253095264533547
pseudo,cellxgene_Anterior_Cingulate_Cortex,ols,0.9258766226075901,0.8904816152269984,0.0157950782161604,0.012774074650170547,0.9212334429243096
pseudo,cellxgene_Anterior_Cingulate_Cortex,epic,0.7610253318347745,0.6906002766014028,0.041470064256294764,0.030899006350018826,0.8655269024723142
pseudo,cellxgene_Anterior_Cingulate_Cortex,bisquemarker,0.617277200834483,0.5018319083957697,0.07420492052812956,0.0526471914359041,0.7475510321280052
pseudo,cellxgene_Anterior_Cingulate_Cortex,deconf,-0.014712009429511485,0.037875547578544846,0.08341548719551083,0.06550998844403572,-0.010773584814867706
pseudo,cellxgene_Anterior_Cingulate_Cortex,adroit,0.9230020412389335,0.9337335253923255,0.01259626759435289,0.010175127442831462,0.919589369915528
pseudo,cellxgene_Anterior_Cingulate_Cortex,mcpcounter,0.7629861655515933,0.4918116216678208,0.0360074736299089,0.028948282131202503,0.7418946672810919
pseudo,cellxgene_Anterior_Cingulate_Cortex,music,0.9576922534446479,0.9423795871433147,0.010509373610551551,0.008425874486943642,0.9580321009151305
pseudo,cellxgene_Anterior_Cingulate_Cortex,stack/progressive4,0.20268349276793213,-0.18069446129030964,0.14888016479697205,0.08793335766548376,0.2645783123277847
pseudo,cellxgene_Anterior_Cingulate_Cortex,stack/longer,0.16217256061512164,-0.21586476218364412,0.12862550516953405,0.08551477687339604,0.19656264563774595
pseudo,cellxgene_Anterior_Cingulate_Cortex,stack/wider,0.12420730535862019,-0.13586884094063537,0.13794402143635,0.08760620707885411,0.12892537835104895
pseudo,cellxgene_Anterior_Cingulate_Cortex,stack/progressive3,0.22059340496919763,-0.14756180765308569,0.12209546945302625,0.08157706299495186,0.28176119604508737
pseudo,cellxgene_Anterior_Cingulate_Cortex,stack/default,0.16616347619953434,-0.2644043094727904,0.1289984416325593,0.08424724180073889,0.19901463675027503
pseudo,cellxgene_Anterior_Cingulate_Cortex,ridge,0.9258807383517158,0.890653424867204,0.015789506973558524,0.012770256249795057,0.9212313207801155
pseudo,cellxgene_Anterior_Cingulate_Cortex,mysort,0.87360432292992,0.9225628118248472,0.014009540998760398,0.011368813653687691,0.8586065129018209
pseudo,cellxgene_Anterior_Cingulate_Cortex,lindeconseq,0.9455096144610771,0.9361977587531455,0.012341023385652858,0.010376305027674022,0.9372269937019226
pseudo,cellxgene_Anterior_Cingulate_Cortex,quantiseq,0.9060487661678401,0.6983476434521938,0.04147314716825214,0.0308835468889798,0.8985568456610933
pseudo,cellxgene_Anterior_Cingulate_Cortex,scaden,0.6446897156126558,0.6565442537597903,0.028750753409156768,0.0219178123448146,0.6541206489037594
pseudo,cellxgene_Anterior_Cingulate_Cortex,mixupvi,0.9144450390661306,0.8914229966219395,0.015806468867813995,0.01273741781249395,0.9088028632172649
pseudo,cellxgene_Anterior_Cingulate_Cortex,scfoundation/default,0.5097171682351798,0.5321307417590954,0.040360496375131956,0.029801378569779196,0.49936551376272703
pseudo,cellxgene_Anterior_Cingulate_Cortex,autogenes,0.6356841508968903,0.40844196479987827,0.05347433812249727,0.043866799587758236,0.6531462081900645
pseudo,cellxgene_Anterior_Cingulate_Cortex,tape,0.16840361145485788,-0.09589059860481008,0.059883488850536126,0.04615384962853733,0.15646203845794202
pseudo,cellxgene_Small_Intestine,recide,0.145573430817367,0.05374853584362671,0.11571568616930566,0.07889170862455154,0.14791920144135112
pseudo,cellxgene_Small_Intestine,fardeep,0.9118177636043354,0.6826295157415775,0.04709025137478429,0.033624380106527824,0.8912753919781158
pseudo,cellxgene_Small_Intestine,methylresolver,0.870463500167783,0.5468678974092508,0.07895017360173294,0.054087613180347424,0.8534909270370706
pseudo,cellxgene_Small_Intestine,deconrnaseq,0.6802945397108329,0.24321319726532742,0.11412975293529123,0.08639894150060959,0.6797274878639687
pseudo,cellxgene_Small_Intestine,cibersortx,0.9286238409005682,0.6819135170719386,0.04888759188768316,0.034952650306220655,0.9051935096086525
pseudo,cellxgene_Small_Intestine,scdc,0.761104797416522,0.3097991234161979,0.13148936952470505,0.07518951420844357,0.7672526593513714
pseudo,cellxgene_Small_Intestine,squid,nan,0.0,0.08109019948231076,0.05514770974030918,nan
pseudo,cellxgene_Small_Intestine,momf,0.8923876608713931,0.0028195895302739783,0.16617829435584427,0.10039951844139512,0.8755310106811068
pseudo,cellxgene_Small_Intestine,deconpeaker,0.692568343867936,0.40871711871962435,0.09586076091377844,0.06191531961484551,0.6881003177457043
pseudo,cellxgene_Small_Intestine,demixsc,0.8458768709620135,0.5340973054344333,0.08138859729026228,0.05503607333169715,0.831924467145918
pseudo,cellxgene_Small_Intestine,diffformer,0.8458768709620135,0.5340973054344333,0.08138859729026234,0.055036073331697175,0.831924467145918
pseudo,cellxgene_Small_Intestine,refactor,-0.04552644426894543,0.06844144505322088,0.1952314018096073,0.1286535957676992,0.06651355698962086
pseudo,cellxgene_Small_Intestine,cpm,0.700481496352126,-0.1822010979201347,0.08662004289886753,0.05861996798003155,0.6802397747776581
pseudo,cellxgene_Small_Intestine,dwls,0.9727665975944195,0.8062298561981518,0.04246026483700618,0.030245221493443285,0.9629520386751931
pseudo,cellxgene_Small_Intestine,deconica,-0.042421328449644365,-0.1154107762345884,0.22975631987732947,0.13542303825099614,-0.08395926262696592
pseudo,cellxgene_Small_Intestine,bayice,0.6840498907004796,0.3202403038259002,0.09418392419515927,0.06694453592852874,0.6774943851240218
pseudo,cellxgene_Small_Intestine,nnls,0.8458768718901384,0.5340973054344333,0.0813885915761012,0.05503607047045674,0.831924467145918
pseudo,cellxgene_Small_Intestine,nitumid,0.9338911303427541,0.4303350415128525,0.07923669828115172,0.04988754721678549,0.9134977174033528
pseudo,cellxgene_Small_Intestine,linseed,-0.010772541774556922,-0.040287809707862915,0.12217974482932252,0.08293872312279263,0.015951264390793547
pseudo,cellxgene_Small_Intestine,emeth,0.8950436912042775,0.6564165922486417,0.04876204873935801,0.03567950227885017,0.8712131630879514
pseudo,cellxgene_Small_Intestine,rna-sieve,0.8947131910963183,0.28330123282068626,0.10530728196935094,0.07212970067503689,0.8805120529828905
pseudo,cellxgene_Small_Intestine,countbridges,0.8940515441891466,0.31782095062654253,0.10094815082681859,0.06531895148777175,0.8789863295433719
pseudo,cellxgene_Small_Intestine,scgpt/da,0.8160692663012913,0.6996521399559072,0.057145871517899016,0.03742519348992947,0.7875049881136804
pseudo,cellxgene_Small_Intestine,scgpt/mmd,0.806005931463704,0.6877349773746346,0.059832229807175376,0.03887822779309584,0.7780109530062762
pseudo,cellxgene_Small_Intestine,scgpt/lr_7e5,0.8098019162377584,0.6986028340681238,0.05968939185787656,0.03871289156385761,0.7847488578330065
pseudo,cellxgene_Small_Intestine,scgpt/finetune,0.8064596383889141,0.6961048865261772,0.06131123438299188,0.03886934762715048,0.7811841923933429
pseudo,cellxgene_Small_Intestine,scgpt/frozen,0.18303966940339758,0.17084783954089752,0.07973909635286162,0.053958520215887984,0.1789591424788976
pseudo,cellxgene_Small_Intestine,nusvr,0.9293443080295845,0.6802813990386043,0.048126444509627817,0.03480197509312227,0.9072249332750622
pseudo,cellxgene_Small_Intestine,daism,0.7856147155968178,0.15515603594964855,0.08837106169138385,0.059242518129926494,0.7688701962075306
pseudo,cellxgene_Small_Intestine,immucellai,0.883983845191605,0.5951009936239402,0.059700508043136126,0.041193180788758645,0.8649381250779072
pseudo,cellxgene_Small_Intestine,deseq2,0.9613096520869405,0.7744410524145724,0.04293292350192762,0.027975655167014148,0.9426890320756925
pseudo,cellxgene_Small_Intestine,mixture,0.9210788624150374,0.6910025789787236,0.047218329052606284,0.03343632077147147,0.8957725487922519
pseudo,cellxgene_Small_Intestine,hspe,0.35739818599985623,0.25936884880308736,0.24761817076727458,0.14464819273566276,0.48808600276310476
pseudo,cellxgene_Small_Intestine,prede,0.6889130979664747,0.16481259240933574,0.11957181084725359,0.08004351638946547,0.6887237421227679
pseudo,cellxgene_Small_Intestine,bisqueref,0.7779952865292842,0.5474301012928259,0.07335098192527381,0.05196587806685675,0.7551105276323298
pseudo,cellxgene_Small_Intestine,dsa,0.3812153793771373,0.2219871955824296,0.12872425938912996,0.10192747961844503,0.35942677054934213
pseudo,cellxgene_Small_Intestine,demixt,-0.014409753731939774,-0.27106158364380717,0.1673858440402399,0.12713051506648312,0.016209750465526244
pseudo,cellxgene_Small_Intestine,aric,0.9270592788997332,0.7216637043734043,0.04694745555522382,0.03245816573278455,0.9097583177703132
pseudo,cellxgene_Small_Intestine,deconvseq,0.2208753066601886,0.30381624533464713,0.22335333743531344,0.14253214438010106,0.22416152445011767
pseudo,cellxgene_Small_Intestine,scgpt_lora/default,0.906936240196228,0.9295740022136676,0.014863796532154083,0.010523123666644096,0.9094546022979568
pseudo,cellxgene_Small_Intestine,bayesprism,0.8095868278855392,0.28417914428400837,0.12119526235762025,0.08572998558190181,0.8445112871872638
pseudo,cellxgene_Small_Intestine,sweetwater,0.09142153689583274,0.2438478858746277,0.0805723911885603,0.053530214714282945,0.0805885581163624
pseudo,cellxgene_Small_Intestine,toast,0.8643646129247256,-0.12283095794110001,0.13479490596989907,0.09907467064671956,0.8450528012905878
pseudo,cellxgene_Small_Intestine,geneformer/longer,0.36989081113743305,0.467399936702941,0.07615937295260193,0.049966117060869585,0.36665802214353105
pseudo,cellxgene_Small_Intestine,geneformer/wider,0.2702302582283227,0.24296158008533028,0.08320158025706426,0.05721586281338226,0.2377147080994803
pseudo,cellxgene_Small_Intestine,geneformer/finetune_pb5k,0.8274783996993801,0.6610123169914105,0.062475350345737805,0.03928915272233678,0.8092292811038293
pseudo,cellxgene_Small_Intestine,geneformer/realbulk,0.23953827741885622,0.2426317057997437,0.0797789626981057,0.05416936978720286,0.22315157373995373
pseudo,cellxgene_Small_Intestine,geneformer/finetune,0.7908386225277815,0.5523372557183821,0.06997786159933662,0.04568324629753878,0.7758459582022158
pseudo,cellxgene_Small_Intestine,geneformer/default,0.10425348923561761,0.22153710683359568,0.08289610053769939,0.054940093980221816,0.11870396092069227
pseudo,cellxgene_Small_Intestine,dtangle,0.9481135169667508,0.48024261013811764,0.05186870130950102,0.04015434133340697,0.9291753692544138
pseudo,cellxgene_Small_Intestine,transcriptformer/progressive4,0.3111574719074502,-0.39659139405295163,0.23603590806047162,0.16050913078776743,0.42246337517938376
pseudo,cellxgene_Small_Intestine,transcriptformer/longer,0.39219985759403564,-0.353343296557251,0.22728414842439534,0.15291847383917828,0.5247798776788263
pseudo,cellxgene_Small_Intestine,transcriptformer/progressive3,0.4045616591016007,-0.380252018478818,0.263162196562683,0.16749996146552737,0.5174205289877097
pseudo,cellxgene_Small_Intestine,transcriptformer/finetune,0.3567215286561671,-0.4386911127910902,0.24333932259699462,0.1495961763062279,0.4813578218158212
pseudo,cellxgene_Small_Intestine,transcriptformer/default,0.41581742396049615,-0.3846348421936967,0.2009433512841327,0.156019536373126,0.5034052739451156
pseudo,cellxgene_Small_Intestine,ols,0.8704411400176453,0.5468678974092508,0.0789626434121549,0.05409492593516402,0.8534596826700694
pseudo,cellxgene_Small_Intestine,epic,0.8136201851546764,0.261433606674303,0.10558278808400715,0.07137474267388824,0.8013383600946687
pseudo,cellxgene_Small_Intestine,bisquemarker,0.6204605195390683,0.5209703102077249,0.1331017552653322,0.09396457589749935,0.8003218257172721
pseudo,cellxgene_Small_Intestine,baycount,-0.25891072097497897,-0.08595544517706952,0.08605636393557242,0.06030913819091195,-0.2630278507831802
pseudo,cellxgene_Small_Intestine,deconf,-0.20242393894341784,-0.07623222693854059,0.13084160175070897,0.10306608404377324,-0.18409079514421894
pseudo,cellxgene_Small_Intestine,adroit,0.9347319774956502,0.6065359103832622,0.06433849779704409,0.04214594724565175,0.9206250045598428
pseudo,cellxgene_Small_Intestine,mcpcounter,0.7605350845994868,-0.0023635436961759308,0.08257676048270621,0.05550350057479264,0.7361447759073335
pseudo,cellxgene_Small_Intestine,music,0.9662336194348224,0.7882786771230392,0.041686184253768736,0.028491621000463253,0.9517758279543458
pseudo,cellxgene_Small_Intestine,stack/progressive4,0.29754723715367004,-0.3141315440522674,0.1707332905410773,0.12769094126302288,0.29086701538608517
pseudo,cellxgene_Small_Intestine,stack/longer,0.15259786086691327,-0.41757511254855634,0.15485179118890358,0.11579847387363065,0.13948784380225496
pseudo,cellxgene_Small_Intestine,stack/wider,0.11034168495479049,-0.43077579514743713,0.15655740040672086,0.12212285160911396,0.14483290710599583
pseudo,cellxgene_Small_Intestine,stack/progressive3,0.3455417254523757,-0.23248641682201815,0.18482072094764568,0.1280523379908725,0.36415956422458934
pseudo,cellxgene_Small_Intestine,stack/default,0.2620294142920538,-0.3084681522199718,0.15031673531497,0.1065285470156184,0.26110169102411873
pseudo,cellxgene_Small_Intestine,ridge,0.8704635012286163,0.5468678974092508,0.07895016772210178,0.05408761018815479,0.8534909270370706
pseudo,cellxgene_Small_Intestine,mysort,0.8747113320316704,0.663198812385524,0.0505976088374454,0.0342563774126617,0.8500203874781989
pseudo,cellxgene_Small_Intestine,lindeconseq,0.9285455632479174,0.6876646355478461,0.046320105336046524,0.03305869231124518,0.9074389250047432
pseudo,cellxgene_Small_Intestine,quantiseq,0.809666311109841,0.24880046078276885,0.10771725375719621,0.0730429026593546,0.7976264800613598
pseudo,cellxgene_Small_Intestine,scaden,0.8431231077165144,0.6756074924655162,0.0583961861680904,0.04043607734366217,0.8444731913967166
pseudo,cellxgene_Small_Intestine,mixupvi,0.8458768709620135,0.5340973054344333,0.08138859729026234,0.055036073331697175,0.831924467145918
pseudo,cellxgene_Small_Intestine,scfoundation/default,0.7335655499849787,0.6488585415810216,0.07332588763053967,0.04783144979108456,0.7348469627339755
pseudo,cellxgene_Small_Intestine,autogenes,0.8080037930225787,0.35831117891684733,0.10203806296208433,0.06713500443532383,0.8148241710472872
pseudo,cellxgene_Small_Intestine,tape,0.29730138494433084,0.336353636351499,0.1709627794545883,0.10233882765699043,0.2852343341944451
pseudo,tabula_sapiens_Liver,recide,0.9819774612861546,0.9999999999999999,0.17579046993423536,0.16720533539275562,0.9856465646564655
pseudo,tabula_sapiens_Liver,fardeep,0.9692844186298686,0.9999999999999999,0.1055671482967067,0.10428006585739329,0.9734078307079839
pseudo,tabula_sapiens_Liver,methylresolver,0.1516849488883181,0.9999999999999999,0.21649524540885617,0.20577171680326525,0.12448844884488448
pseudo,tabula_sapiens_Liver,deconrnaseq,nan,0.9999999999999999,0.20641754009700614,0.19554607661502,nan
pseudo,tabula_sapiens_Liver,cibersortx,0.7365031342484798,0.9999999999999999,0.096926497507344,0.08444675164768052,0.6819681968196819
pseudo,tabula_sapiens_Liver,scdc,0.4319592599157035,0.9999999999999999,0.1818959918366224,0.17070232079840741,0.44446444644464445
pseudo,tabula_sapiens_Liver,squid,0.0,0.0,0.31154794854833995,0.3044539233849799,0.0
pseudo,tabula_sapiens_Liver,momf,0.982828868530919,0.9999999999999999,0.16416707584719084,0.15458018611639435,0.9827902790279026
pseudo,tabula_sapiens_Liver,deconpeaker,0.9871728510259494,0.9999999999999999,0.08778461333068914,0.08335514194299787,0.9894509450945094
pseudo,tabula_sapiens_Liver,demixsc,0.15168491639406723,0.9999999999999999,0.2164965583242131,0.20577308238893063,0.12448844884488448
pseudo,tabula_sapiens_Liver,diffformer,0.15168491639406806,0.9999999999999999,0.21649655832421302,0.20577308238893055,0.12448844884488448
pseudo,tabula_sapiens_Liver,refactor,0.46840148023870076,-0.08,0.538894230918683,0.4485316385832135,0.3543037153813323
pseudo,tabula_sapiens_Liver,cpm,0.7635422556507363,0.9999999999999999,0.06410038918788574,0.05105889311834734,0.7293009300930092
pseudo,tabula_sapiens_Liver,dwls,0.9823477471428106,0.9999999999999999,0.09517102675479537,0.09278544053236487,0.9828982898289828
pseudo,tabula_sapiens_Liver,deconica,-0.006493402654700192,0.43999999999999984,0.4406644337922473,0.30233175955982794,0.05789440200156359
pseudo,tabula_sapiens_Liver,bayice,0.9818989042336042,0.9999999999999999,0.10409479056434012,0.08485949278227078,0.9832283228322831
pseudo,tabula_sapiens_Liver,nnls,0.15168490942495239,0.9999999999999999,0.2164965598461912,0.20577308392342897,0.12448844884488448
pseudo,tabula_sapiens_Liver,nitumid,0.9802060898970788,0.9999999999999999,0.07137513607033283,0.0587953448709789,0.9866666666666666
pseudo,tabula_sapiens_Liver,linseed,-0.8514029719375866,0.2799999999999999,0.32781948547680595,0.2726648169841635,-0.8445484548454845
pseudo,tabula_sapiens_Liver,emeth,0.8559173974495726,0.9999999999999999,0.07589886091986987,0.06542553620902797,0.822058205820582
pseudo,tabula_sapiens_Liver,rna-sieve,0.9831566946118784,0.9999999999999999,0.038989853080556976,0.030577730552784982,0.9838223822382237
pseudo,tabula_sapiens_Liver,countbridges,0.9832582295828347,0.9999999999999999,0.10302795058883625,0.0943499878449556,0.9826942694269426
pseudo,tabula_sapiens_Liver,debcam,-0.9767594679077973,-0.9999999999999999,0.6359842175000894,0.6233673112073937,-0.9778217821782178
pseudo,tabula_sapiens_Liver,nusvr,0.8049195502323927,0.9999999999999999,0.08410351498857321,0.07256276969315138,0.763156315631563
pseudo,tabula_sapiens_Liver,daism,0.934824658583185,-0.9999999999999999,1.45538844275091,1.3953093894167357,0.9418421842184217
pseudo,tabula_sapiens_Liver,immucellai,0.9877901758113065,0.35999999999999993,0.3894561972534013,0.2922282470892226,0.9882817853112364
pseudo,tabula_sapiens_Liver,deseq2,0.9861447025470519,0.9999999999999999,0.03116660791693423,0.02850271948910612,0.986198619861986
pseudo,tabula_sapiens_Liver,mixture,0.977516260029306,0.9999999999999999,0.09482211053427667,0.09293329077581809,0.9806540654065405
pseudo,tabula_sapiens_Liver,hspe,0.884820521081584,0.36,0.3735631824869669,0.27537004617076366,0.9433903390339032
pseudo,tabula_sapiens_Liver,prede,0.9832904417820612,0.9999999999999999,0.03544957873358654,0.028840518313139232,0.9834743474347434
pseudo,tabula_sapiens_Liver,bisqueref,-0.1822713012639142,-0.9999999999999999,0.6560762779936383,0.6520302018946196,-0.15951995199519947
pseudo,tabula_sapiens_Liver,dsa,0.988238274332192,0.9999999999999999,0.027153682663658477,0.025253171007867527,0.9868826882688267
pseudo,tabula_sapiens_Liver,demixt,0.14764636547667956,-0.5199999999999999,0.33705169690474795,0.3276517647911792,0.054653465346534646
pseudo,tabula_sapiens_Liver,aric,0.8674524479308876,0.9999999999999999,0.05310306864985537,0.04380977790515917,0.8584578457845783
pseudo,tabula_sapiens_Liver,deconvseq,0.38484561399989015,0.8799999999999999,0.303462027380998,0.296548361420891,0.9567356735673567
pseudo,tabula_sapiens_Liver,bayesprism,0.9824743300809098,0.9999999999999999,0.11565582310193799,0.11263407816062714,0.9834023402340233
pseudo,tabula_sapiens_Liver,sweetwater,0.981408510503408,0.9999999999999999,0.29645187044752247,0.2892750966356551,0.9837623762376236
pseudo,tabula_sapiens_Liver,toast,0.985016790185218,0.9999999999999999,0.012778424365990457,0.010273257820073744,0.986150615061506
pseudo,tabula_sapiens_Liver,geneformer/longer,0.26019141488891795,0.9799999999999999,0.1430922025732506,0.11507018952127274,0.18259825982598257
pseudo,tabula_sapiens_Liver,geneformer/wider,0.4295493073462018,0.9599999999999999,0.14188923799834463,0.1162655287790961,0.4126612661266126
pseudo,tabula_sapiens_Liver,geneformer/finetune,0.5887993734914754,0.9999999999999999,0.06247843949111671,0.05223025886778092,0.5867626762676267
pseudo,tabula_sapiens_Liver,geneformer/default,0.3476176556121598,0.9599999999999999,0.12701087148764645,0.1044326117200164,0.3192679267926793
pseudo,tabula_sapiens_Liver,dtangle,0.9851165957836424,0.9999999999999999,0.1103956936308118,0.10598927133737686,0.9849864986498649
pseudo,tabula_sapiens_Liver,ols,0.15168490942495214,0.9999999999999999,0.21649655984619148,0.20577308392342925,0.12448844884488448
pseudo,tabula_sapiens_Liver,epic,0.3940496106292116,0.9999999999999999,0.15188595968403001,0.12121339195097082,0.37120423403777647
pseudo,tabula_sapiens_Liver,bisquemarker,0.7981345696456563,-9.992007221626408e-18,0.529957912244298,0.4368385411000866,0.8551468699801947
pseudo,tabula_sapiens_Liver,baycount,0.6849999776358422,0.9999999999999999,0.2813540160173051,0.2743307298906684,0.6793159315931592
pseudo,tabula_sapiens_Liver,deconf,-0.6451067754488571,-0.9999999999999999,0.657016069779662,0.6527201110979342,-0.6282988298829882
pseudo,tabula_sapiens_Liver,adroit,0.9660363761391524,0.9999999999999999,0.0775048379562451,0.06915602685066918,0.9637083708370836
pseudo,tabula_sapiens_Liver,mcpcounter,0.9586356717482001,0.9999999999999999,2.925674655281936,2.704970754933881,0.9601500150015001
pseudo,tabula_sapiens_Liver,music,0.9730342978749121,0.9999999999999999,0.0802782534543016,0.07473338079816122,0.9726732673267325
pseudo,tabula_sapiens_Liver,ridge,0.15168494191919996,0.9999999999999999,0.2164952469308395,0.20577171833777003,0.12448844884488448
pseudo,tabula_sapiens_Liver,mysort,0.9790196102500911,0.9999999999999999,63.55484095539876,49.50078418961211,0.9814701470147014
pseudo,tabula_sapiens_Liver,lindeconseq,0.9721052428966916,0.9999999999999999,0.13423179625108667,0.13281251115591938,0.9819933363998742
pseudo,tabula_sapiens_Liver,quantiseq,0.41510894227986544,0.9999999999999999,0.33677878336945904,0.31022206845823697,0.4046564656465646
pseudo,tabula_sapiens_Liver,scaden,0.9709110404016669,0.9999999999999999,0.045799112607311475,0.038695526932520534,0.9806420642064204
pseudo,tabula_sapiens_Liver,mixupvi,0.15168491639406798,0.9999999999999999,0.216496558324213,0.20577308238893055,0.12448844884488448
pseudo,tabula_sapiens_Liver,autogenes,0.9585412604360599,0.9999999999999999,0.054523736175157024,0.04983015569860162,0.9746174617461746
pseudo,tabula_sapiens_Liver,tape,0.9871739597794931,0.9999999999999999,0.0273210897792321,0.02218811712291839,0.9871347134713471
pseudo,cellxgene_Basal_Zone_Of_Heart,recide,0.06284586357361334,0.4228693637208431,0.17326046119633653,0.09744280456862842,0.05272327361492388
pseudo,cellxgene_Basal_Zone_Of_Heart,fardeep,0.7983355647535844,0.6921484633645154,0.04654305866797244,0.03334235664802202,0.8073315450667666
pseudo,cellxgene_Basal_Zone_Of_Heart,methylresolver,0.5926269033404072,0.6047058476582737,0.1551963520269941,0.08240017483831655,0.6047729322270554
pseudo,cellxgene_Basal_Zone_Of_Heart,deconrnaseq,0.4819739642316658,0.6757960466778421,0.07263971152610724,0.06110470400808649,0.4913215183617972
pseudo,cellxgene_Basal_Zone_Of_Heart,cibersortx,0.7112200947231917,0.5578603101023593,0.15051653455958766,0.07992781077756451,0.7318617023595633
pseudo,cellxgene_Basal_Zone_Of_Heart,scdc,0.3782474315169004,0.6160453899664503,0.19457649042838096,0.10205358213006405,0.3971498717469561
pseudo,cellxgene_Basal_Zone_Of_Heart,squid,0.0,nan,0.04661417915755786,0.03698013898146129,0.0
pseudo,cellxgene_Basal_Zone_Of_Heart,momf,0.4272939154278253,0.48157799779548993,0.10216640819469028,0.07203143632120476,0.48717440237974563
pseudo,cellxgene_Basal_Zone_Of_Heart,deconpeaker,0.5847545080318731,0.5870749217693656,0.07032632448014049,0.05437605476055541,0.5823875404362955
pseudo,cellxgene_Basal_Zone_Of_Heart,demixsc,0.38607109160856246,0.5004500926341813,0.19838257363384024,0.10411338722956755,0.38600635103795694
pseudo,cellxgene_Basal_Zone_Of_Heart,diffformer,0.3860710916085625,0.5004500926341813,0.19838257363384018,0.10411338722956749,0.38600635103795694
pseudo,cellxgene_Basal_Zone_Of_Heart,cpm,0.6959716789526424,-0.011500570987109522,0.047053035590787794,0.03736731919953252,0.6745505037972876
pseudo,cellxgene_Basal_Zone_Of_Heart,deconica,-0.016373533450712012,-0.089266668987072,0.13219815800952045,0.10127660340196346,-0.007716862713189591
pseudo,cellxgene_Basal_Zone_Of_Heart,bayice,0.5830793075931612,0.42424183021234435,0.07159028159033778,0.05562101208839802,0.5822821827223754
pseudo,cellxgene_Basal_Zone_Of_Heart,nnls,0.3860710876689747,0.5004500926341813,0.19838258168338582,0.1041133911356881,0.3860063510379569
pseudo,cellxgene_Basal_Zone_Of_Heart,nitumid,0.8276850069307685,0.633860391333151,0.04023390732556088,0.03105565854568248,0.8178101749815578
pseudo,cellxgene_Basal_Zone_Of_Heart,linseed,0.05009118681017602,0.13119267725625278,0.22502969379391388,0.1252912413880037,0.05603125374151715
pseudo,cellxgene_Basal_Zone_Of_Heart,emeth,0.7392357953405865,0.6458623532410535,0.11466124929681618,0.06107409316918434,0.7279341500708074
pseudo,cellxgene_Basal_Zone_Of_Heart,rna-sieve,0.9076738462447234,0.810983709118273,0.03715753781914775,0.030437780461147,0.9131650666256769
pseudo,cellxgene_Basal_Zone_Of_Heart,countbridges,0.8802318996823868,0.7600842518011671,0.0359034086609661,0.029642151903707076,0.8796723337161926
pseudo,cellxgene_Basal_Zone_Of_Heart,scgpt/da,0.6940668258389184,0.7471999011210022,0.031133108947143474,0.024343748514881306,0.6985817621909207
pseudo,cellxgene_Basal_Zone_Of_Heart,scgpt/mmd,0.6900174397995855,0.7266435682558372,0.03607797195300383,0.027477442131507917,0.684588896229809
pseudo,cellxgene_Basal_Zone_Of_Heart,scgpt/lr_7e5,0.7032218088751898,0.7522312685853904,0.03522396035834184,0.026686380766051874,0.6913382638928751
pseudo,cellxgene_Basal_Zone_Of_Heart,scgpt/finetune,0.6978693228436078,0.6930918601529718,0.036711409707050224,0.02858591354999395,0.6789862368090126
pseudo,cellxgene_Basal_Zone_Of_Heart,scgpt/frozen,0.15345887241755793,-0.14969944715989159,0.04647417598287594,0.03726603421167366,0.13949077789607764
pseudo,cellxgene_Basal_Zone_Of_Heart,nusvr,0.753850110853176,0.558485061327473,0.15524882383334412,0.08135783325583089,0.7664001660365891
pseudo,cellxgene_Basal_Zone_Of_Heart,daism,0.6555196545136565,0.1703795502077119,0.06476284959588005,0.05271867236610191,0.6400884231153655
pseudo,cellxgene_Basal_Zone_Of_Heart,immucellai,0.7863310369654456,0.760953643961328,0.028177899633142357,0.0226718041559583,0.7820064102480738
pseudo,cellxgene_Basal_Zone_Of_Heart,deseq2,0.8888441933718114,0.827077448158968,0.03411668729001666,0.024250572412588225,0.8818868219988392
pseudo,cellxgene_Basal_Zone_Of_Heart,mixture,0.694653213235723,0.7160066445393318,0.054135006135670065,0.03979739526957607,0.6902019144432272
pseudo,cellxgene_Basal_Zone_Of_Heart,hspe,0.537173120127603,-0.3534833199083427,0.14481512101480248,0.10456851118161288,0.6032759950860253
pseudo,cellxgene_Basal_Zone_Of_Heart,prede,0.5351846453749929,0.5239035201847302,0.0895787795417004,0.07475000971917661,0.4696614839108149
pseudo,cellxgene_Basal_Zone_Of_Heart,bisqueref,0.7702050552727363,0.5879321488449822,0.07227831506898814,0.05234631581340918,0.7443246241604633
pseudo,cellxgene_Basal_Zone_Of_Heart,dsa,0.4873381411953821,0.06281569613979814,0.09715324729765086,0.07785935717458158,0.4839583237446189
pseudo,cellxgene_Basal_Zone_Of_Heart,demixt,0.05368344197928309,0.12533680441044354,0.116513105892369,0.07258560288218338,0.08331094234517322
pseudo,cellxgene_Basal_Zone_Of_Heart,aric,0.7679185343335639,0.7338995502589383,0.03153790239666001,0.02415812908903807,0.7386364960884066
pseudo,cellxgene_Basal_Zone_Of_Heart,deconvseq,0.12963287383689556,nan,0.06421312484495792,0.045850398405512055,0.15011969261233057
pseudo,cellxgene_Basal_Zone_Of_Heart,scgpt_lora/default,0.6946949752477499,0.9032215136733371,0.019153768196702003,0.013646120205521584,0.6977035261646691
pseudo,cellxgene_Basal_Zone_Of_Heart,bayesprism,0.6720104935797541,0.5771044751795782,0.03795781691194615,0.03091730799754916,0.6945819030182387
pseudo,cellxgene_Basal_Zone_Of_Heart,sweetwater,0.10836575242718748,0.2260107735153507,0.04614189036588578,0.036546143910653514,0.1200839878606643
pseudo,cellxgene_Basal_Zone_Of_Heart,toast,0.5959418082559165,0.1935172752669,0.15714947671265656,0.10609943162486478,0.6037856462286513
pseudo,cellxgene_Basal_Zone_Of_Heart,geneformer/longer,0.28938369058092966,0.2381215636567832,0.044340707132966735,0.03585234854671508,0.2986582573676896
pseudo,cellxgene_Basal_Zone_Of_Heart,geneformer/wider,0.17065423691547416,0.23977925556474008,0.04603897102711761,0.03633958509572705,0.16897591016671035
pseudo,cellxgene_Basal_Zone_Of_Heart,geneformer/finetune_pb5k,0.7597223379423252,0.7589007020394795,0.028549904434431173,0.02259909981412819,0.7600680956251643
pseudo,cellxgene_Basal_Zone_Of_Heart,geneformer/realbulk,0.2435728134748427,0.32190999306426493,0.04318863514065018,0.03456931588803808,0.23862494635378234
pseudo,cellxgene_Basal_Zone_Of_Heart,geneformer/finetune,0.6972009953187788,0.7217939581206559,0.032073592731979746,0.02481405592666149,0.6993761630617438
pseudo,cellxgene_Basal_Zone_Of_Heart,geneformer/default,0.13146393344267587,0.2319181043259173,0.04496530071669852,0.03590022035191293,0.1345659004163738
pseudo,cellxgene_Basal_Zone_Of_Heart,dtangle,0.875164312631553,0.3851279657464015,0.04518646018821286,0.03706190238416701,0.8546910344114003
pseudo,cellxgene_Basal_Zone_Of_Heart,transcriptformer/progressive4,0.3737171494074744,0.04361414051226923,0.21935526763042695,0.1188684001857718,0.5272932410063798
pseudo,cellxgene_Basal_Zone_Of_Heart,transcriptformer/longer,0.428876894590902,0.07392734245662615,0.18398012504481168,0.11250333028196519,0.5738583300807658
pseudo,cellxgene_Basal_Zone_Of_Heart,transcriptformer/progressive3,0.3528667283216847,0.02794700997909771,0.23220351591674993,0.12899868349381596,0.5085712846121189
pseudo,cellxgene_Basal_Zone_Of_Heart,transcriptformer/finetune,0.43519073823603954,0.13126687492822905,0.14179772715102537,0.1053692314392941,0.5552130249175276
pseudo,cellxgene_Basal_Zone_Of_Heart,transcriptformer/default,0.3578981527596907,0.16968261954582758,0.1997561967183318,0.10901772065391081,0.5364718324888773
pseudo,cellxgene_Basal_Zone_Of_Heart,ols,0.5938901026072391,0.6052743606423386,0.15498148582904453,0.08227800189116612,0.6068745882840181
pseudo,cellxgene_Basal_Zone_Of_Heart,epic,0.5224394691514105,0.6373349002867594,0.07141108432556988,0.060236852428273334,0.5146625022823031
pseudo,cellxgene_Basal_Zone_Of_Heart,deconf,0.049418338728785025,-0.10834516474780871,0.15121266491982444,0.10823137693576575,0.034259346721779
pseudo,cellxgene_Basal_Zone_Of_Heart,adroit,0.7140600266891296,0.6500935300232209,0.07439877725869005,0.04687817827605579,0.7359233721047066
pseudo,cellxgene_Basal_Zone_Of_Heart,mcpcounter,0.6788601708832412,0.08596586830906253,0.04582248375069532,0.03698823022334005,0.6599594284396442
pseudo,cellxgene_Basal_Zone_Of_Heart,music,0.8860102512328161,0.7946951980541398,0.04629105864125416,0.03038650814338503,0.8889359959636608
pseudo,cellxgene_Basal_Zone_Of_Heart,stack/progressive4,0.20404171849226363,0.16035574375706207,0.1330895866486915,0.08938710516929343,0.1963753407014095
pseudo,cellxgene_Basal_Zone_Of_Heart,stack/longer,0.1242292688681176,0.0908260287813373,0.12357229697244414,0.09015741268031187,0.12717733010560983
pseudo,cellxgene_Basal_Zone_Of_Heart,stack/wider,0.15211385217279366,0.10687588395304873,0.12306298033310219,0.08572564295728488,0.1249688980154085
pseudo,cellxgene_Basal_Zone_Of_Heart,stack/progressive3,0.18718801966510143,0.14580897427774425,0.15880073850288723,0.0919075321618341,0.19781623428325576
pseudo,cellxgene_Basal_Zone_Of_Heart,stack/default,0.15317010892041272,0.13626296109685662,0.10452518044033156,0.07119683737334385,0.14463803081117976
pseudo,cellxgene_Basal_Zone_Of_Heart,ridge,0.5926268648163323,0.6047058476582737,0.1551963686413586,0.08240018326041351,0.6047729322270553
pseudo,cellxgene_Basal_Zone_Of_Heart,mysort,0.6782109052483949,0.7099044468085229,0.05115230525531749,0.037504168325769714,0.6668122827263507
pseudo,cellxgene_Basal_Zone_Of_Heart,lindeconseq,0.8521543950396564,0.7820339998655238,0.05667530789879065,0.03707578101683224,0.869468846600647
pseudo,cellxgene_Basal_Zone_Of_Heart,quantiseq,0.505455644386887,0.6821709384246799,0.0717467603039868,0.06139159221666905,0.5146965174450702
pseudo,cellxgene_Basal_Zone_Of_Heart,scaden,0.5856494322288035,0.4650630753931071,0.04739953949361707,0.037893403185394595,0.6247699888775794
pseudo,cellxgene_Basal_Zone_Of_Heart,mixupvi,0.38607109160856246,0.5004500926341813,0.19838257363384018,0.10411338722956749,0.38600635103795694
pseudo,cellxgene_Basal_Zone_Of_Heart,scfoundation/default,0.6395035069110071,0.675193499031384,0.04988878755461946,0.039630954686596026,0.6468603831631027
pseudo,cellxgene_Basal_Zone_Of_Heart,autogenes,0.6333735582224178,0.6945633029828718,0.059693735717182964,0.04697532117543479,0.6318739984125775
pseudo,cellxgene_Basal_Zone_Of_Heart,tape,0.1410557714795761,0.19092178368396323,0.07602599028888553,0.0595182941134828,0.11672289095623306
pseudo,tabula_sapiens_Spleen,recide,0.5852430944208992,0.7163809754358589,0.06760765098544581,0.04925492130186858,0.5683515072773256
pseudo,tabula_sapiens_Spleen,fardeep,0.57713540432951,0.6666921026537177,0.05899053738865043,0.04327011614405791,0.5840974194904116
pseudo,tabula_sapiens_Spleen,methylresolver,0.47458060761566945,0.6774019505066007,0.08192323507832447,0.05370230100820123,0.4590630668770545
pseudo,tabula_sapiens_Spleen,deconrnaseq,0.2143507307662251,0.599338177998504,0.12758815394602527,0.08342769138521687,0.23378128960089523
pseudo,tabula_sapiens_Spleen,cibersortx,0.5697759219349182,0.6559708810211695,0.06194007914991131,0.04646526284929676,0.5676443941398488
pseudo,tabula_sapiens_Spleen,scdc,0.39638510366922464,0.7031216536175904,0.0919279605112272,0.06629367180179303,0.4017912757549692
pseudo,tabula_sapiens_Spleen,squid,0.0,nan,0.06376906116193641,0.05284676445012842,0.0
pseudo,tabula_sapiens_Spleen,momf,0.5483637014467168,0.6613321792249759,0.07369349624788812,0.048223014602793275,0.5197171024872885
pseudo,tabula_sapiens_Spleen,deconpeaker,0.5493686394576174,0.586964599443324,0.06875532277110485,0.048958026486991865,0.5699904985348994
pseudo,tabula_sapiens_Spleen,demixsc,0.4378225851134157,0.7307097299058459,0.08561334326848037,0.06466157897759041,0.4344159219288994
pseudo,tabula_sapiens_Spleen,diffformer,0.4378225851134166,0.7307097299058459,0.08561334326848019,0.06466157897759031,0.43441592192889933
pseudo,tabula_sapiens_Spleen,refactor,-0.1087512308715041,0.07736471543428694,0.16077861554733253,0.09988365753809364,-0.04719692596743495
pseudo,tabula_sapiens_Spleen,cpm,0.4234310172711485,0.4915643270488038,0.053027381834490885,0.04154396896944286,0.4358535022225142
pseudo,tabula_sapiens_Spleen,dwls,0.7921792246474738,0.8983499070116361,0.03201389052550683,0.02384006570264666,0.7882689047450865
pseudo,tabula_sapiens_Spleen,deconica,-0.003860748350600059,0.016398137859840393,0.13725127308012203,0.09860232560824088,0.023542061495739508
pseudo,tabula_sapiens_Spleen,bayice,0.5455838426496167,0.6107277290619235,0.06357885708530388,0.045253161062372094,0.5322444384770483
pseudo,tabula_sapiens_Spleen,nnls,0.4378225770194642,0.7307097299058459,0.08561334533317627,0.06466158069740723,0.43441592192889933
pseudo,tabula_sapiens_Spleen,nitumid,0.7439310227033297,0.6253015551045773,0.04771006982254024,0.039375672576455426,0.7238807154436068
pseudo,tabula_sapiens_Spleen,linseed,0.045482341873470306,-0.14063685972751483,0.10367276423990879,0.08105656360966222,0.048234119813825874
pseudo,tabula_sapiens_Spleen,emeth,0.544263599897783,0.6621154625370131,0.05844328542936926,0.04160141378059325,0.5205755826314541
pseudo,tabula_sapiens_Spleen,rna-sieve,0.6346598035454369,0.7219425369660567,0.10679271267488173,0.05786096657338634,0.6832079432330678
pseudo,tabula_sapiens_Spleen,countbridges,0.7555054964678536,0.7790034829441258,0.04931013334926738,0.038086735910234606,0.7467828956579498
pseudo,tabula_sapiens_Spleen,nusvr,0.5922296914206883,0.6456040556027276,0.06444396971367657,0.047645346087106535,0.5864014628542792
pseudo,tabula_sapiens_Spleen,daism,0.5748880277476914,0.5092412818829788,0.05755720347412204,0.043917012810442954,0.5389172343193562
pseudo,tabula_sapiens_Spleen,immucellai,0.6732613997532564,0.6779799586406325,0.04855595933199908,0.032903690517838424,0.6512114079836876
pseudo,tabula_sapiens_Spleen,deseq2,0.7860550127333454,0.8212049588048057,0.03354828241543002,0.02667612630783995,0.7979429681172905
pseudo,tabula_sapiens_Spleen,mixture,0.5889742909225147,0.7584485185150107,0.06639907297902252,0.044014677063184876,0.5850838528101961
pseudo,tabula_sapiens_Spleen,hspe,0.4934781245692403,0.0018106343189887165,0.1935617917523411,0.13119303323090015,0.5421755421061835
pseudo,tabula_sapiens_Spleen,prede,0.5110083647159098,0.7338435647438106,0.0640464256480548,0.04948021972703161,0.46011547697377186
pseudo,tabula_sapiens_Spleen,bisqueref,0.4888548693267247,0.7388062592860146,0.04722367059331134,0.033418131696788374,0.4579485966117868
pseudo,tabula_sapiens_Spleen,dsa,0.4295644936828738,0.09642108897039665,0.15956173401604914,0.10468601274647107,0.4144596545616324
pseudo,tabula_sapiens_Spleen,demixt,0.010657717437031887,-0.0010887477794721658,0.08124959820614028,0.06649843723575835,0.0017563911729175364
pseudo,tabula_sapiens_Spleen,aric,0.6196467709871457,0.720062701831655,0.04575344737236033,0.03596261937810889,0.6151384387750357
pseudo,tabula_sapiens_Spleen,deconvseq,0.18429647486051237,0.25735569838955924,0.14560449918276838,0.10064050556321616,0.15985852704144102
pseudo,tabula_sapiens_Spleen,bayesprism,0.628620345789912,0.7643690396083008,0.08449283414233928,0.054411017871995586,0.6416990538448348
pseudo,tabula_sapiens_Spleen,sweetwater,0.1411933311534362,0.011054166072763476,0.06143237691229579,0.05036112467699382,0.11970069376491171
pseudo,tabula_sapiens_Spleen,toast,0.6630179983172872,0.0738403681891705,0.13116577368114443,0.0892815374005708,0.6443032800490303
pseudo,tabula_sapiens_Spleen,geneformer/longer,0.22042134939170366,0.46300777863598525,0.05486255951960511,0.04432657202347264,0.207160924596843
pseudo,tabula_sapiens_Spleen,geneformer/wider,0.19061576018233756,0.27814776937138147,0.060803335566444315,0.049620332385068425,0.17310701695054742
pseudo,tabula_sapiens_Spleen,geneformer/finetune,0.5729335886103949,0.8138843849138522,0.03302702847745974,0.025844176905851075,0.5429057591891292
pseudo,tabula_sapiens_Spleen,geneformer/default,0.10209705138198143,0.11328647439944638,0.06358623419861438,0.05203759280321096,0.0943109633311569
pseudo,tabula_sapiens_Spleen,dtangle,0.7411413572076977,0.70581544075936,0.0455157534799642,0.03530124184701869,0.7208151247966319
pseudo,tabula_sapiens_Spleen,ols,0.4745503530201728,0.6771193518539735,0.0819345680220801,0.05370712504198541,0.45909261325743994
pseudo,tabula_sapiens_Spleen,epic,0.42416671387433735,0.6895172929170506,0.08500831565668795,0.06767170492683983,0.4153814255095242
pseudo,tabula_sapiens_Spleen,bisquemarker,0.5530894468231524,0.3217014346176611,0.10347351349848345,0.07335016808638094,0.6461638461281518
pseudo,tabula_sapiens_Spleen,deconf,-0.0910646733043828,0.17872254518172365,0.08866461186390161,0.06897978245958156,-0.10170905178452506
pseudo,tabula_sapiens_Spleen,adroit,0.740905200172689,0.7290817063389176,0.036543102841242445,0.02789662568848785,0.7548063281365833
pseudo,tabula_sapiens_Spleen,mcpcounter,0.5928156071229856,0.3481514374447754,0.062151505828004015,0.05099443447152888,0.5699888173758245
pseudo,tabula_sapiens_Spleen,music,0.6794129021269453,0.7609433942312637,0.041342223541847536,0.034054650134035074,0.693784187543715
pseudo,tabula_sapiens_Spleen,ridge,0.4745806080619934,0.6774019505066007,0.08192323662822566,0.053702301551412195,0.4590630668770545
pseudo,tabula_sapiens_Spleen,mysort,0.4950171762303389,0.7365471349748581,0.06248118279439043,0.043126236796162294,0.539702037386776
pseudo,tabula_sapiens_Spleen,lindeconseq,0.5399998142032483,0.7239367983655562,0.0736134407525116,0.0496619199443737,0.523189145651906
pseudo,tabula_sapiens_Spleen,quantiseq,0.382651851481452,0.7338474412736226,0.08464208603547663,0.06789750402580776,0.3983787783451099
pseudo,tabula_sapiens_Spleen,scaden,0.5985440905864355,0.3528926889873914,0.056828423461698696,0.045537513236099995,0.6044149956830365
pseudo,tabula_sapiens_Spleen,mixupvi,0.4378225851134166,0.7307097299058459,0.08561334326848019,0.06466157897759031,0.43441592192889933
pseudo,tabula_sapiens_Spleen,autogenes,0.6426541942428945,0.5022482226667474,0.06743866562948142,0.048745783262456564,0.6470679116679302
pseudo,tabula_sapiens_Spleen,tape,0.22519824412484973,-0.06145248167590447,0.08181958665535076,0.06652473721967082,0.2327393340563197
pseudo,tabula_sapiens_Blood,recide,0.6617077380342689,0.6142857142857143,0.17308338224442238,0.12631439935011124,0.7948503571883463
pseudo,tabula_sapiens_Blood,fardeep,0.8755491711434246,0.9487883326412494,0.04208145992541679,0.028869284594841237,0.885610279855192
pseudo,tabula_sapiens_Blood,methylresolver,0.8076544220607124,0.8930428684837985,0.057672636924502564,0.04625024568982041,0.8045786251729301
pseudo,tabula_sapiens_Blood,deconrnaseq,0.3497479191805968,0.4084118766930061,0.2710735594297086,0.18520851000592564,0.4380301126031461
pseudo,tabula_sapiens_Blood,cibersortx,0.9717479509003347,0.9605714285714285,0.03156789226627549,0.025199792453306166,0.9639083466969628
pseudo,tabula_sapiens_Blood,scdc,0.7469374233211322,0.8916830165873998,0.06021233693808236,0.03632555200517545,0.7903227495699997
pseudo,tabula_sapiens_Blood,squid,nan,0.0,0.1375348601868966,0.11740066036938834,nan
pseudo,tabula_sapiens_Blood,momf,0.9231299990065692,0.6089405674993817,0.10940159450386736,0.08546033564616597,0.9173565660976465
pseudo,tabula_sapiens_Blood,deconpeaker,0.7898647849040913,0.83830252012579,0.07438391365306497,0.059087485602836796,0.79910605288008
pseudo,tabula_sapiens_Blood,demixsc,0.7432791022411026,0.8747350116838294,0.06488743591800683,0.04420545207605392,0.7834515662552907
pseudo,tabula_sapiens_Blood,diffformer,0.7432791022411033,0.8747350116838294,0.06488743591800662,0.0442054520760537,0.7834515662552907
pseudo,tabula_sapiens_Blood,refactor,-0.10360723657627045,-0.011929820045279234,0.30916548795707804,0.2259744209666461,-0.10867302922031803
pseudo,tabula_sapiens_Blood,cpm,0.4939258941729953,0.7725714285714284,0.16950202815500054,0.1237039145916986,0.6058942744842004
pseudo,tabula_sapiens_Blood,dwls,0.9775184398301473,0.9731428571428572,0.02758731925114325,0.02228145802793573,0.974359258289249
pseudo,tabula_sapiens_Blood,deconica,0.014079289174503018,-0.03931007440500546,0.29395956006450635,0.21700781040089667,-0.022573897171714
pseudo,tabula_sapiens_Blood,bayice,0.8503876689828118,0.688,0.11977483899132212,0.09651968412265173,0.877985652558758
pseudo,tabula_sapiens_Blood,nnls,0.7432790935857074,0.8747350116838294,0.06488743943693695,0.044205455983076014,0.7834515662552907
pseudo,tabula_sapiens_Blood,nitumid,0.9171583453656328,0.8257142857142857,0.06448721117144539,0.05422052101382177,0.8968520997410216
pseudo,tabula_sapiens_Blood,linseed,-0.14189142116669673,0.010857142857142857,0.20412571489770154,0.16777397922331172,-0.12882010746410874
pseudo,tabula_sapiens_Blood,emeth,0.914041627436263,0.9480000000000001,0.03868351006628671,0.028248067247649344,0.9064751213095436
pseudo,tabula_sapiens_Blood,rna-sieve,0.9107281897087391,0.7777142857142857,0.13769615050633752,0.1026832390828558,0.9320286090349462
pseudo,tabula_sapiens_Blood,countbridges,0.8079253580452214,0.688,0.15985864934238925,0.1149442752552901,0.8844009498628518
pseudo,tabula_sapiens_Blood,debcam,-0.06334508133979637,-0.2548571428571429,0.21540705158501067,0.17793184493078437,-0.004835648893088
pseudo,tabula_sapiens_Blood,nusvr,0.9747125869500768,0.9582857142857144,0.032602639157499794,0.02659792606992982,0.9705094139220417
pseudo,tabula_sapiens_Blood,daism,0.7491561360100221,0.7679999999999998,0.3410111479494239,0.22992594635565652,0.734608381532171
pseudo,tabula_sapiens_Blood,immucellai,0.8708489428158374,0.8467716779407085,0.12438198548993205,0.10873341766884426,0.876789953720705
pseudo,tabula_sapiens_Blood,deseq2,0.9828166884812544,0.9782857142857143,0.03167784568948272,0.025326291716271848,0.9838482424877605
pseudo,tabula_sapiens_Blood,mixture,0.8982721901807329,0.9070845203491039,0.04300469391847797,0.03078141488018327,0.8862748044258622
pseudo,tabula_sapiens_Blood,hspe,0.48285920018903794,0.40742857142857153,0.3182540842884785,0.22881422699504594,0.6309494086031734
pseudo,tabula_sapiens_Blood,prede,0.8286509656479627,0.8042252465340447,0.0990297617532359,0.0811388579647039,0.8504292217471598
pseudo,tabula_sapiens_Blood,bisqueref,0.5648434390138436,0.7422857142857144,0.08832520617377493,0.059458334155755965,0.6074431023027823
pseudo,tabula_sapiens_Blood,dsa,0.5420374781786537,0.2545194846514249,0.19658189163451326,0.15840948858516277,0.53589144941888
pseudo,tabula_sapiens_Blood,demixt,0.4001229951451372,0.5849092983724957,0.11904025438880496,0.08791409506573955,0.44876707563111123
pseudo,tabula_sapiens_Blood,decompress,-0.14252487283054194,0.48526835684109926,0.21904553963766749,0.15776793677577455,-0.1348531431045778
pseudo,tabula_sapiens_Blood,aric,0.4265305646316868,0.5102857142857143,0.14607429369142755,0.10748732141904054,0.4221444727756117
pseudo,tabula_sapiens_Blood,deconvseq,0.3540576259744259,0.6800000000000002,0.21164416454882012,0.16719243620911248,0.40236280794178914
pseudo,tabula_sapiens_Blood,bayesprism,0.8790386242652204,0.7234285714285714,0.13031555117193414,0.10293864185286829,0.9168988978060293
pseudo,tabula_sapiens_Blood,sweetwater,0.513060731053831,-0.13085714285714287,0.13846348363149139,0.1185384951488271,0.5062835735311797
pseudo,tabula_sapiens_Blood,toast,0.8714491284044544,0.7902857142857143,0.07565622068744679,0.05761441761710793,0.8614175563071519
pseudo,tabula_sapiens_Blood,geneformer/longer,0.4368752632947663,0.7377142857142859,0.08453799901571046,0.06452208125978753,0.42388357012512096
pseudo,tabula_sapiens_Blood,geneformer/wider,0.31295751077360956,0.5840000000000001,0.1022954573482268,0.08062468952721015,0.3376766720962849
pseudo,tabula_sapiens_Blood,geneformer/finetune,0.8850878073352196,0.9205714285714285,0.05078124786354448,0.03709854156929862,0.8783134064447958
pseudo,tabula_sapiens_Blood,geneformer/default,0.22622719493745147,0.4971428571428572,0.1141807329408922,0.09355994740357199,0.22686485851913615
pseudo,tabula_sapiens_Blood,dtangle,0.8818514284490006,0.7062857142857142,0.11323743547150876,0.07971857800168734,0.8737801691474214
pseudo,tabula_sapiens_Blood,ols,0.8076535319206172,0.8930428684837985,0.05767280840314786,0.0462503994524782,0.8045786251729301
pseudo,tabula_sapiens_Blood,epic,0.6505316943148436,0.48742857142857154,0.1507355799192575,0.11395848032152707,0.7439874916284591
pseudo,tabula_sapiens_Blood,bisquemarker,0.7365232617613707,0.5132202901045066,0.17430782420629534,0.13221225859727562,0.8787658196794391
pseudo,tabula_sapiens_Blood,baycount,0.2352061975959445,-0.11428571428571431,0.17576368713485424,0.13767022652231084,0.2192317776080652
pseudo,tabula_sapiens_Blood,deconf,-0.12573241715992026,0.202172567252317,0.2090247027984927,0.14900885459150354,-0.1212014969498152
pseudo,tabula_sapiens_Blood,adroit,0.9583272580937628,0.9585318472082257,0.036320897728427504,0.03006108117618513,0.9660097708401026
pseudo,tabula_sapiens_Blood,mcpcounter,0.7102184740049324,0.3914285714285716,2.860809181936103,2.8347215659617024,0.6888133304028908
pseudo,tabula_sapiens_Blood,music,0.981755396222065,0.9480000000000001,0.03825516658752905,0.031104589212185504,0.9821560860346343
pseudo,tabula_sapiens_Blood,ridge,0.8076544172188399,0.8930428684837985,0.05767264721623896,0.04625025336167815,0.8045786251729301
pseudo,tabula_sapiens_Blood,mysort,0.7722407172104916,0.8819729625610399,22.517422888131104,16.51123827319555,0.7076466109239945
pseudo,tabula_sapiens_Blood,lindeconseq,0.9268450111038243,0.9144817924228822,0.04213447326036243,0.030597307087892017,0.9268853161893098
pseudo,tabula_sapiens_Blood,quantiseq,0.6652382386228578,0.5331260673326459,0.1606283065566194,0.1165190154923098,0.7786553689300314
pseudo,tabula_sapiens_Blood,scaden,0.8804951750985172,0.9114285714285714,0.048778918813116356,0.036599018144935914,0.8932593097222581
pseudo,tabula_sapiens_Blood,mixupvi,0.7432791022411033,0.8747350116838294,0.06488743591800662,0.0442054520760537,0.7834515662552907
pseudo,tabula_sapiens_Blood,autogenes,0.9553116269883161,0.9364275361775202,0.032584719737942885,0.024444896786923093,0.9505308818071206
pseudo,tabula_sapiens_Blood,tape,0.21695111935460018,-0.27574369593441833,0.19670310291160903,0.16728255220154561,0.28148037659333863
pseudo,tabula_sapiens_Small_Intestine,recide,0.7609819625087251,0.10200000000000001,0.14388739833271644,0.12016357588116698,0.7575007500750075
pseudo,tabula_sapiens_Small_Intestine,fardeep,0.6444371352867815,-0.17999999999999997,0.22692038644676596,0.1819416509495731,0.6743744374437443
pseudo,tabula_sapiens_Small_Intestine,methylresolver,0.5965340323470626,-0.40199999999999997,0.16165735857702454,0.13022058005690723,0.5885028502850285
pseudo,tabula_sapiens_Small_Intestine,deconrnaseq,0.640120331381163,-0.814,0.2819506459606129,0.23412260609090108,0.643042304230423
pseudo,tabula_sapiens_Small_Intestine,cibersortx,0.5871209118652859,0.24799999999999997,0.14651948183974667,0.11918429090098238,0.5725712571257126
pseudo,tabula_sapiens_Small_Intestine,scdc,0.5001423670525574,0.03799999999999999,0.1558125647206171,0.13219544217545964,0.4821692169216921
pseudo,tabula_sapiens_Small_Intestine,squid,0.0,0.0,0.14427621113603306,0.11637875590554222,0.0
pseudo,tabula_sapiens_Small_Intestine,momf,0.8129796206674973,-0.0059999999999999975,0.20862765088166668,0.1758080540260058,0.8148964896489648
pseudo,tabula_sapiens_Small_Intestine,deconpeaker,0.9579717953619209,-0.15200000000000002,0.14708393370849454,0.11570992981871739,0.9594869486948694
pseudo,tabula_sapiens_Small_Intestine,demixsc,0.5965368731006965,-0.40199999999999997,0.16165796243620814,0.13022055486108547,0.5885028502850285
pseudo,tabula_sapiens_Small_Intestine,diffformer,0.596536873100697,-0.40199999999999997,0.161657962436208,0.13022055486108544,0.5885028502850285
pseudo,tabula_sapiens_Small_Intestine,refactor,0.311517097537984,0.046307850201609824,0.3161219797467126,0.2521313861437964,0.18982681459833584
pseudo,tabula_sapiens_Small_Intestine,cpm,0.8404098612257731,-0.17,0.14701281140947495,0.12242678423719883,0.828139813981398
pseudo,tabula_sapiens_Small_Intestine,dwls,0.9715736426674085,0.624,0.13929885018592392,0.11413509266641923,0.9705550555055504
pseudo,tabula_sapiens_Small_Intestine,deconica,-0.015426928225582826,-0.080506070251374,0.30484767247587935,0.2477166619786308,0.001019442907567337
pseudo,tabula_sapiens_Small_Intestine,bayice,0.8231134184107837,0.26399999999999996,0.1410686797949711,0.11399956308557213,0.8175787578757874
pseudo,tabula_sapiens_Small_Intestine,nnls,0.5965368682936958,-0.40199999999999997,0.16165796585134648,0.13022055788135112,0.5885028502850285
pseudo,tabula_sapiens_Small_Intestine,nitumid,0.9167155649248586,-0.276,0.19666876320368776,0.1540318884085866,0.9229162916291628
pseudo,tabula_sapiens_Small_Intestine,linseed,0.6340714542318462,0.204,0.1357109999547662,0.10988514726854706,0.5866696669666966
pseudo,tabula_sapiens_Small_Intestine,emeth,0.5476554405569156,0.13999999999999999,0.15830405863112962,0.13234154222876937,0.5416051605160516
pseudo,tabula_sapiens_Small_Intestine,rna-sieve,0.9689854786142851,0.462,0.13981057456394202,0.12322161246654335,0.9685088508850884
pseudo,tabula_sapiens_Small_Intestine,countbridges,0.8952732696396462,0.42999999999999994,0.0944352692059355,0.08018963783539684,0.8963156315631562
pseudo,tabula_sapiens_Small_Intestine,debcam,0.34499290950662587,-0.22800000000000004,0.3009658329896236,0.28240534294403963,0.3557845784578457
pseudo,tabula_sapiens_Small_Intestine,nusvr,0.5690315141901479,0.236,0.15005527874246455,0.12228892522078821,0.5571407140714071
pseudo,tabula_sapiens_Small_Intestine,daism,0.528899654401931,0.38799999999999996,0.20809536173285734,0.17013562470596305,0.5152895289528951
pseudo,tabula_sapiens_Small_Intestine,immucellai,0.9242607817516929,0.4137032031940629,0.13339168572860588,0.11208817983423733,0.9264476447644765
pseudo,tabula_sapiens_Small_Intestine,deseq2,0.9649772967204783,0.78,0.1435069723957896,0.11876004027014564,0.9611851185118512
pseudo,tabula_sapiens_Small_Intestine,mixture,0.6453562558198759,-0.30399999999999994,0.194969474615114,0.16362994201277478,0.6572997299729972
pseudo,tabula_sapiens_Small_Intestine,hspe,0.7597128011299423,0.8860000000000001,0.1820236786216296,0.15573400214850738,0.7393369336933692
pseudo,tabula_sapiens_Small_Intestine,prede,0.9053838916177506,0.39264911064067354,0.1734490254450725,0.17103564752102496,0.9143990193187734
pseudo,tabula_sapiens_Small_Intestine,bisqueref,0.5237272887972844,0.29799999999999993,0.26452468242147437,0.21200427743553685,0.509003900390039
pseudo,tabula_sapiens_Small_Intestine,dsa,0.9361465782377134,0.5099999999999999,0.23085262639826815,0.1897344294315973,0.9316981698169816
pseudo,tabula_sapiens_Small_Intestine,demixt,0.055688330428730684,0.36199999999999993,0.1543669864168135,0.1173702751679297,0.009168916891689166
pseudo,tabula_sapiens_Small_Intestine,decompress,0.6672077987910462,0.034,0.14860873790086016,0.12308336263167399,0.6567986798679868
pseudo,tabula_sapiens_Small_Intestine,aric,0.5667156922831954,0.72,0.09014636813144772,0.07230386026208574,0.5714011401140113
pseudo,tabula_sapiens_Small_Intestine,deconvseq,0.3087761819263938,-0.292,0.47434716847821656,0.39844721042009923,0.31924992499249916
pseudo,tabula_sapiens_Small_Intestine,bayesprism,0.9134359852009308,0.44799999999999995,0.12028647201966397,0.1135593931898623,0.9128622862286228
pseudo,tabula_sapiens_Small_Intestine,sweetwater,0.7257826767070608,-0.29799999999999993,0.1455716995695298,0.11756812776809202,0.716099609960996
pseudo,tabula_sapiens_Small_Intestine,toast,0.5496091284490893,0.374,0.19939387628357694,0.16798280636272708,0.5537143714371435
pseudo,tabula_sapiens_Small_Intestine,geneformer/longer,0.30900723987015116,0.47400000000000014,0.10408805591401965,0.08462373182735872,0.31158415841584153
pseudo,tabula_sapiens_Small_Intestine,geneformer/wider,0.02419461892435941,0.20800000000000002,0.14914461304221574,0.12157889519512753,0.03862586258625862
pseudo,tabula_sapiens_Small_Intestine,geneformer/finetune,0.8193775627374029,0.8959999999999999,0.046480142954268035,0.036361778288300145,0.8235943594359435
pseudo,tabula_sapiens_Small_Intestine,geneformer/default,0.11680961755403328,0.412,0.12516093386223498,0.09945837642079372,0.1145154515451545
pseudo,tabula_sapiens_Small_Intestine,dtangle,0.9728882005624124,0.9359999999999999,0.059336056919384685,0.04860912550604016,0.969141914191419
pseudo,tabula_sapiens_Small_Intestine,ols,0.5965368682936945,-0.40199999999999997,0.1616579658513465,0.1302205578813511,0.5885028502850285
pseudo,tabula_sapiens_Small_Intestine,epic,0.6992881839459162,-0.41200000000000003,0.19922451843264402,0.17950076758948624,0.6994149414941493
pseudo,tabula_sapiens_Small_Intestine,bisquemarker,0.7665940571924776,0.25591255891812653,0.2986660314904297,0.23643828555645935,0.8652457630095747
pseudo,tabula_sapiens_Small_Intestine,baycount,-0.04924283988720771,0.26599999999999996,0.14317783323988462,0.11636199887092431,-0.06104710471047105
pseudo,tabula_sapiens_Small_Intestine,deconf,-0.17980235352093343,-0.49927331171776723,0.340274592559969,0.3155114917310391,-0.14169188827671797
pseudo,tabula_sapiens_Small_Intestine,adroit,0.6985130848850181,0.36199999999999993,0.15516184551301307,0.14470509608181517,0.6918162165354731
pseudo,tabula_sapiens_Small_Intestine,mcpcounter,0.8228021202183091,-0.04,0.14588864313963096,0.11798863908133281,0.8296819681968196
pseudo,tabula_sapiens_Small_Intestine,music,0.7863995997448826,0.73,0.08783702442150527,0.07495093759187403,0.7831503150315031
pseudo,tabula_sapiens_Small_Intestine,ridge,0.5965340275411926,-0.40199999999999997,0.1616573619920289,0.13022058307703605,0.5885028502850285
pseudo,tabula_sapiens_Small_Intestine,mysort,0.6690124991770945,-0.33,0.19446359136564814,0.16323570270746365,0.6706300630063006
pseudo,tabula_sapiens_Small_Intestine,lindeconseq,0.9125176320282934,-0.06800000000000002,0.16887234979193702,0.14306012679180752,0.9115301530153015
pseudo,tabula_sapiens_Small_Intestine,quantiseq,0.5919233962561405,-0.878,0.3132374834678748,0.25800236719576664,0.5944224422442244
pseudo,tabula_sapiens_Small_Intestine,scaden,0.912672333497153,0.596,0.11481383391158408,0.09133216351439338,0.9218331833183318
pseudo,tabula_sapiens_Small_Intestine,mixupvi,0.596536873100697,-0.40199999999999997,0.161657962436208,0.13022055486108544,0.5885028502850285
pseudo,tabula_sapiens_Small_Intestine,autogenes,0.9185657553027542,0.5479999999999999,0.08510581848185894,0.07886887155829715,0.9167356735673566
pseudo,tabula_sapiens_Small_Intestine,tape,0.864093900511937,0.8860000000000001,0.06841311130066911,0.05224505643015981,0.8544824482448243
pseudo,tabula_sapiens_Prostate,recide,0.5191065587395022,0.4331626782890652,0.12786401405220882,0.10920458083072714,0.5207992940369086
pseudo,tabula_sapiens_Prostate,fardeep,0.5142714005482906,0.49088326980486324,0.14854419856785608,0.11088167865425996,0.5296972837036337
pseudo,tabula_sapiens_Prostate,methylresolver,0.40210007365356654,0.28525611740361684,0.19033641885863384,0.15368161531881336,0.39575043640464963
pseudo,tabula_sapiens_Prostate,deconrnaseq,0.4598313797347558,0.27321415942655397,0.17826103135072904,0.14846266045533948,0.4543839438122152
pseudo,tabula_sapiens_Prostate,cibersortx,0.4338308736305412,0.2621284742778253,0.16868937763689787,0.13097145959718645,0.4398556657625694
pseudo,tabula_sapiens_Prostate,scdc,0.5379014587403407,0.4846417479509889,0.14832539105504666,0.11223751117599677,0.5488676020267665
pseudo,tabula_sapiens_Prostate,squid,nan,0.0,0.12279746816814617,0.09980211187871106,nan
pseudo,tabula_sapiens_Prostate,momf,0.38489441612071684,0.3574283504374652,0.20653903793321032,0.1702861786373924,0.3558789673647526
pseudo,tabula_sapiens_Prostate,deconpeaker,0.5497361710795023,0.42642159672237584,0.12493193673542237,0.09924664683769097,0.5666854096977613
pseudo,tabula_sapiens_Prostate,demixsc,0.41687355445612856,0.22390006613224603,0.19516142849082027,0.15403042819608345,0.4150248117211422
pseudo,tabula_sapiens_Prostate,diffformer,0.41687355445612867,0.22390006613224603,0.19516142849082,0.1540304281960837,0.4150248117211422
pseudo,tabula_sapiens_Prostate,refactor,-0.01942674074041482,0.09137759948541202,0.2782183867146541,0.19964873114143392,0.047859048991409324
pseudo,tabula_sapiens_Prostate,cpm,0.2712891298815479,0.5074285714285716,0.10589975668417402,0.08409200523305065,0.24900149291021342
pseudo,tabula_sapiens_Prostate,deconica,-0.04168550428055947,-0.023030343506848218,0.25326573085455883,0.1961257853142884,-0.024724291076646615
pseudo,tabula_sapiens_Prostate,bayice,0.491418018384476,0.6462857142857144,0.15524435718392576,0.11611420478295281,0.4691645661184469
pseudo,tabula_sapiens_Prostate,nnls,0.4168735432358724,0.22390006613224603,0.19516142405131312,0.15403042617618304,0.4150248117211422
pseudo,tabula_sapiens_Prostate,nitumid,0.5922006165625501,0.598857142857143,0.07862016746624456,0.05758082315581961,0.5634121813198895
pseudo,tabula_sapiens_Prostate,linseed,-0.1533222435782398,-0.4417142857142858,0.20886341815544673,0.1759868441271789,-0.12085433003919831
pseudo,tabula_sapiens_Prostate,emeth,0.4315409523083107,0.2567954545508801,0.1546071999593484,0.11958437649159365,0.42974069810142623
pseudo,tabula_sapiens_Prostate,rna-sieve,0.723826628094033,0.5133619223985015,0.12772716355876643,0.08788454430537833,0.7153583689608878
pseudo,tabula_sapiens_Prostate,countbridges,0.6798631634995108,0.46742857142857147,0.13690770552439824,0.09658490932159873,0.6658049854869315
pseudo,tabula_sapiens_Prostate,debcam,-0.13715906307776937,-0.38628571428571434,0.28203880050446933,0.21358022649579375,-0.10861475887068646
pseudo,tabula_sapiens_Prostate,daism,0.4794405411476987,-0.30285714285714294,0.26639929983662264,0.1960279099820308,0.4557138155927281
pseudo,tabula_sapiens_Prostate,immucellai,0.6202268233629208,0.5487779499028301,0.11107948170551354,0.08051735313949096,0.600241142310514
pseudo,tabula_sapiens_Prostate,deseq2,0.6581452649497711,0.549220729494946,0.11228577523584081,0.08643066859236516,0.6550008697629317
pseudo,tabula_sapiens_Prostate,mixture,0.5353869439403304,0.49735684133733216,0.16295955085273725,0.12299552347682702,0.5260954065879646
pseudo,tabula_sapiens_Prostate,hspe,0.4054179056824516,0.1908571428571428,0.3616053705708182,0.25683703997435264,0.41868621036737547
pseudo,tabula_sapiens_Prostate,prede,0.5078392499131736,0.515912141495068,0.13267393628743207,0.11842738311203337,0.4530178088202921
pseudo,tabula_sapiens_Prostate,bisqueref,0.09570383273988559,-0.11428571428571428,0.21117537811975265,0.1757194955206619,0.11980807809042661
pseudo,tabula_sapiens_Prostate,dsa,0.6106740522199127,0.264,0.16293044114662114,0.1294833160356129,0.6052051572854988
pseudo,tabula_sapiens_Prostate,decompress,0.203825042665044,0.2434285714285714,0.183403998361266,0.13500192793308396,0.1888097907425088
pseudo,tabula_sapiens_Prostate,aric,0.44081011213915994,0.6003659071565827,0.10709052759136713,0.07877641327741003,0.44464190536156956
pseudo,tabula_sapiens_Prostate,bayesprism,0.6513085553383209,0.574857142857143,0.15679710126349578,0.1295663228118717,0.6683983859724041
pseudo,tabula_sapiens_Prostate,sweetwater,0.6993545717194506,0.3828571428571429,0.12122189425792393,0.09817728391807405,0.669257759577759
pseudo,tabula_sapiens_Prostate,toast,0.7147382969693091,0.614857142857143,0.08928578080414908,0.07205343676605822,0.6928594924111112
pseudo,tabula_sapiens_Prostate,geneformer/longer,0.38095858332538346,0.5205714285714287,0.10110531068170707,0.07901710220396803,0.34361365281776896
pseudo,tabula_sapiens_Prostate,geneformer/wider,0.25830514730421866,0.43428571428571444,0.0990687747048134,0.08090078252822248,0.22840126872579092
pseudo,tabula_sapiens_Prostate,geneformer/finetune,0.6301604754405967,0.5497142857142858,0.09947088540260307,0.08060713724306597,0.5899415026252004
pseudo,tabula_sapiens_Prostate,geneformer/default,0.19389237721088912,0.3685714285714286,0.10800289941763118,0.08791213021343369,0.19900204509911001
pseudo,tabula_sapiens_Prostate,dtangle,0.6058004518527603,0.5731428571428573,0.09478926500419806,0.07078470785707079,0.5729986392362864
pseudo,tabula_sapiens_Prostate,ols,0.4020990586519208,0.28525611740361684,0.19033746330572515,0.15368211601127665,0.39575043640464963
pseudo,tabula_sapiens_Prostate,epic,0.3780591586450202,0.41542857142857154,0.17754453336948,0.121424380628141,0.37142108138254354
pseudo,tabula_sapiens_Prostate,bisquemarker,0.550500904938344,0.29436998940844894,0.22163537431497254,0.1662629115604499,0.6601829872323962
pseudo,tabula_sapiens_Prostate,deconf,-0.09683831965448202,-0.23373313111990981,0.2066904034519356,0.16747892769419045,-0.10768964994276527
pseudo,tabula_sapiens_Prostate,adroit,0.4768271972599656,0.5469822798205011,0.10620490468226773,0.0796749440492665,0.47407622359086815
pseudo,tabula_sapiens_Prostate,mcpcounter,0.7181167151790714,0.6862857142857142,0.10719314481747012,0.08611686192803025,0.7066887581579658
pseudo,tabula_sapiens_Prostate,music,0.6306252004912799,0.4748842345782521,0.14822884243394915,0.1109113360503422,0.6228882933035523
pseudo,tabula_sapiens_Prostate,ridge,0.4021000720105364,0.28525611740361684,0.1903364163103618,0.1536816140537338,0.39575043640464963
pseudo,tabula_sapiens_Prostate,mysort,0.46803824356266377,0.2795559300335671,0.17124499648046146,0.12852141267692893,0.4946080762791421
pseudo,tabula_sapiens_Prostate,lindeconseq,0.47017546130533056,0.2818597527308511,0.19268439383414473,0.14253467442244525,0.4799954872547691
pseudo,tabula_sapiens_Prostate,quantiseq,0.5151881106486075,0.4626792644765989,0.13803104166566796,0.10535843626718717,0.5188945587407767
pseudo,tabula_sapiens_Prostate,scaden,0.5684678121419944,0.13085714285714287,0.16089237987136534,0.11994666652697451,0.5655897838694389
pseudo,tabula_sapiens_Prostate,mixupvi,0.41687355445612867,0.22390006613224603,0.19516142849082,0.1540304281960837,0.4150248117211422
pseudo,tabula_sapiens_Prostate,autogenes,0.6467930188623522,0.2308217629539589,0.13733873029116503,0.10381366315467466,0.6325226894220294
pseudo,tabula_sapiens_Prostate,tape,0.6158756486067484,-0.42057142857142865,0.18741224164536918,0.1506675914992244,0.5964291306818728
pseudo,cellxgene_Middle_Temporal_Gyrus,recide,0.13213988958292341,0.3459089471114952,0.055532526215058414,0.04170846323103968,0.11799017847646738
pseudo,cellxgene_Middle_Temporal_Gyrus,fardeep,0.8422912629339804,0.8709456715702076,0.017163969344319126,0.013572223257850657,0.8240862005751229
pseudo,cellxgene_Middle_Temporal_Gyrus,methylresolver,0.8711905021844115,0.2616250255957169,0.055112170281542215,0.04092392266612419,0.8785812797002543
pseudo,cellxgene_Middle_Temporal_Gyrus,deconrnaseq,0.8248653099283001,0.4155705847416227,0.058276244120503494,0.045182232798165856,0.8325762433619891
pseudo,cellxgene_Middle_Temporal_Gyrus,cibersortx,0.960378682972126,0.8199886658099902,0.02070008889891976,0.016295085652627005,0.9505330749752995
pseudo,cellxgene_Middle_Temporal_Gyrus,scdc,0.5512405348599912,0.4106959275995944,0.05961334128873078,0.048894833834955,0.5566914991424836
pseudo,cellxgene_Middle_Temporal_Gyrus,squid,0.0,0.0,0.04543666643859987,0.03611796904649786,0.0
pseudo,cellxgene_Middle_Temporal_Gyrus,momf,0.47028152294738695,0.4782079777520356,0.08843333896167817,0.05767156775926147,0.4237705068554461
pseudo,cellxgene_Middle_Temporal_Gyrus,deconpeaker,0.7826948718423196,0.46310644868692863,0.0508783463055565,0.03820414245178647,0.7897514704519107
pseudo,cellxgene_Middle_Temporal_Gyrus,demixsc,0.8713653655653234,0.2601766417578114,0.05586326671078989,0.04148610529196383,0.8716053634125029
pseudo,cellxgene_Middle_Temporal_Gyrus,diffformer,0.8713653655653237,0.2601766417578114,0.05586326671078986,0.04148610529196383,0.8716053634125029
pseudo,cellxgene_Middle_Temporal_Gyrus,refactor,0.0311930642053818,0.15016865803358243,0.10825445776420735,0.06948909318548063,0.08709707562561597
pseudo,cellxgene_Middle_Temporal_Gyrus,cpm,0.8363621237092581,0.24030573786126946,0.04317242409993299,0.033859058393257015,0.8142995051154456
pseudo,cellxgene_Middle_Temporal_Gyrus,dwls,0.9859999734939211,0.954918759335266,0.01135154717063357,0.008320835210480168,0.9797079089066516
pseudo,cellxgene_Middle_Temporal_Gyrus,deconica,-0.013720786575195687,0.017540898028150245,0.10067314058489783,0.07196523929919606,-0.03357279488605009
pseudo,cellxgene_Middle_Temporal_Gyrus,bayice,0.5346225690646724,0.35217899747931464,0.056526864591406364,0.042160416366004864,0.51923799268745
pseudo,cellxgene_Middle_Temporal_Gyrus,nnls,0.8713653610950055,0.2601766417578114,0.055863267204099336,0.041486106202017835,0.8716053634125029
pseudo,cellxgene_Middle_Temporal_Gyrus,nitumid,0.9120246201209649,0.35820872553745664,0.04555314065089284,0.032990462449591765,0.892484523767365
pseudo,cellxgene_Middle_Temporal_Gyrus,linseed,0.024205408993836768,0.14003125550345127,0.0745860993810888,0.0574540517153463,0.034577849335238546
pseudo,cellxgene_Middle_Temporal_Gyrus,emeth,0.9334327033730104,0.8478177461606794,0.01925615835552634,0.0147153073535566,0.9203148599706231
pseudo,cellxgene_Middle_Temporal_Gyrus,rna-sieve,0.9760955215307,0.7431451621860024,0.03713915359685618,0.028031196723127646,0.9675293706460271
pseudo,cellxgene_Middle_Temporal_Gyrus,countbridges,0.9454501046357736,0.6677712119862157,0.038899575552846545,0.030597905792925963,0.940547809051337
pseudo,cellxgene_Middle_Temporal_Gyrus,scgpt/da,0.6763983077703921,0.8390424223998394,0.022508971312867516,0.016956775030399357,0.6768655267133797
pseudo,cellxgene_Middle_Temporal_Gyrus,scgpt/mmd,0.6435543278834955,0.8046744294410041,0.022576183166424457,0.017339142115221754,0.638515690446454
pseudo,cellxgene_Middle_Temporal_Gyrus,scgpt/lr_7e5,0.6573330797019148,0.8332853098395419,0.022036447364393565,0.017137673632258835,0.6434629688419444
pseudo,cellxgene_Middle_Temporal_Gyrus,scgpt/finetune,0.6691723904914886,0.836621692306418,0.022741060986310412,0.01737765182298108,0.6604970685336204
pseudo,cellxgene_Middle_Temporal_Gyrus,scgpt/frozen,0.06979018750356215,0.29388284427346884,0.044752858727465455,0.03533776516286487,0.059553760464864304
pseudo,cellxgene_Middle_Temporal_Gyrus,nusvr,0.9554356442422529,0.7718675275227453,0.023282733255363,0.018552157553326117,0.9478910604064433
pseudo,cellxgene_Middle_Temporal_Gyrus,daism,0.7255677850657788,0.35435013594741427,0.04717155097926003,0.03831007290940504,0.7121884805610732
pseudo,cellxgene_Middle_Temporal_Gyrus,immucellai,0.846371505547693,0.8657236009496936,0.02092382207695856,0.016498753430172573,0.8222711842227456
pseudo,cellxgene_Middle_Temporal_Gyrus,deseq2,0.9732646652794926,0.9486250081545454,0.010574943446883192,0.008171485082649288,0.963856398723634
pseudo,cellxgene_Middle_Temporal_Gyrus,mixture,0.9573271509877453,0.8083097783801564,0.021634975261000493,0.016887390502280466,0.9485892226671578
pseudo,cellxgene_Middle_Temporal_Gyrus,hspe,0.5536059865351308,-0.025535877661148666,0.14952341654942156,0.09324277085445652,0.6203901205515746
pseudo,cellxgene_Middle_Temporal_Gyrus,prede,0.7780692924335166,0.6901622749261206,0.037511165855342816,0.028579159079290553,0.7699884913990379
pseudo,cellxgene_Middle_Temporal_Gyrus,bisqueref,0.8703568737203602,0.7842832786984404,0.031200499470859327,0.02284031576436404,0.8503690406378344
pseudo,cellxgene_Middle_Temporal_Gyrus,dsa,0.5887816027445245,0.012863338581720358,0.07638169881124514,0.06299485410239924,0.5697171698584971
pseudo,cellxgene_Middle_Temporal_Gyrus,demixt,0.1338605513198025,0.18926846213783893,0.06706398381055109,0.04913776720519025,0.1806018135144943
pseudo,cellxgene_Middle_Temporal_Gyrus,decompress,0.006491892131263566,-0.020840757955332072,0.07988395828002326,0.06098078531310924,0.014850704433840916
pseudo,cellxgene_Middle_Temporal_Gyrus,aric,0.9184166470288339,0.8408924325941451,0.020207447090873392,0.01571560534886631,0.9052114942025776
pseudo,cellxgene_Middle_Temporal_Gyrus,deconvseq,0.14209377430859185,0.23118292292953896,0.045436639177590124,0.036117951881206166,0.14727565125190384
pseudo,cellxgene_Middle_Temporal_Gyrus,scgpt_lora/default,0.649232417345047,0.8950917881321696,0.015000397339463234,0.01092283520847559,0.6475299226538564
pseudo,cellxgene_Middle_Temporal_Gyrus,bayesprism,0.7789929491487954,0.6451090368601196,0.045599915966626874,0.033645106174654674,0.7931645028886578
pseudo,cellxgene_Middle_Temporal_Gyrus,sweetwater,0.04566201239251189,0.301637729787529,0.0446501256200581,0.03534871303088233,0.06602453863889744
pseudo,cellxgene_Middle_Temporal_Gyrus,toast,0.7534979921560663,-0.1826134825682427,0.15567213128601043,0.10204201179460637,0.7250208229422876
pseudo,cellxgene_Middle_Temporal_Gyrus,geneformer/longer,0.17328421975079236,0.28081661655776086,0.04300247297150137,0.0338027847314938,0.1630377733426298
pseudo,cellxgene_Middle_Temporal_Gyrus,geneformer/wider,0.12993653649022385,0.22357403148020707,0.04406419342844266,0.034692061804426494,0.13062206578395094
pseudo,cellxgene_Middle_Temporal_Gyrus,geneformer/finetune_pb5k,0.7517439360570367,0.907321503134044,0.018490152539766685,0.01396981216893016,0.7488957843419927
pseudo,cellxgene_Middle_Temporal_Gyrus,geneformer/realbulk,0.2035904794556437,0.42502665584771016,0.04162160415915732,0.0327376081750909,0.20509936542001886
pseudo,cellxgene_Middle_Temporal_Gyrus,geneformer/finetune,0.660379598992432,0.8237578546897215,0.023073329281528592,0.017627271658314396,0.6618340935257956
pseudo,cellxgene_Middle_Temporal_Gyrus,geneformer/default,0.06812905666186074,0.03853918147668341,0.04573510165258472,0.03627510215495256,0.06650556573170999
pseudo,cellxgene_Middle_Temporal_Gyrus,dtangle,0.8797024322674151,0.6546785198230196,0.034761813582204086,0.027289065470910902,0.8559999199380678
pseudo,cellxgene_Middle_Temporal_Gyrus,transcriptformer/progressive4,0.34255091756868106,0.2679205230035763,0.14001440884147986,0.07787554732727735,0.3562705307490911
pseudo,cellxgene_Middle_Temporal_Gyrus,transcriptformer/longer,0.3311236817640461,0.33427376555815314,0.09802099524087816,0.07348120418737238,0.34327899000399137
pseudo,cellxgene_Middle_Temporal_Gyrus,transcriptformer/progressive3,0.3964609121332995,0.22777307317790882,0.16759792416434668,0.0919751716407843,0.407267902413943
pseudo,cellxgene_Middle_Temporal_Gyrus,transcriptformer/finetune,0.3763895061890883,0.3346698050725122,0.09148394749535857,0.06396923597224156,0.3839758991117781
pseudo,cellxgene_Middle_Temporal_Gyrus,transcriptformer/default,0.3376348425447985,0.2724694012196861,0.123229773547079,0.08018219831361793,0.3522937775859674
pseudo,cellxgene_Middle_Temporal_Gyrus,ols,0.8711854670591967,0.2616250255957169,0.05512489894942892,0.040928476228941094,0.8785749150544543
pseudo,cellxgene_Middle_Temporal_Gyrus,epic,0.15831121449388522,0.014968983520027363,0.04955041798981725,0.039110323423940024,0.18151408367417268
pseudo,cellxgene_Middle_Temporal_Gyrus,bisquemarker,0.6190120107970967,0.3878265207690419,0.079277171642806,0.05582195389346591,0.745127245600525
pseudo,cellxgene_Middle_Temporal_Gyrus,deconf,0.041471168143750195,0.25688585536367886,0.11916911059049132,0.08305294281535584,0.04090129366716951
pseudo,cellxgene_Middle_Temporal_Gyrus,adroit,0.9588220496651911,0.852456043580498,0.01833921897154282,0.01390861604817803,0.9507830314970335
pseudo,cellxgene_Middle_Temporal_Gyrus,mcpcounter,0.7726707715015948,0.5460565823459443,0.0416734112378816,0.032686311892677164,0.7391894167221831
pseudo,cellxgene_Middle_Temporal_Gyrus,music,0.9772251048068699,0.8993356956314574,0.015370974835697852,0.012394133366938238,0.967002688808967
pseudo,cellxgene_Middle_Temporal_Gyrus,stack/progressive4,0.2519917998369657,-0.007111169315923863,0.18804661414514334,0.09539655151168837,0.3257933500453042
pseudo,cellxgene_Middle_Temporal_Gyrus,stack/longer,0.23233488762374754,-0.09517505512116015,0.20517459290488727,0.09741961393480836,0.3161333519170798
pseudo,cellxgene_Middle_Temporal_Gyrus,stack/wider,0.20494421129882387,-0.028958359520342866,0.20001117847124278,0.09669686014628893,0.2920895150322356
pseudo,cellxgene_Middle_Temporal_Gyrus,stack/progressive3,0.22477921505032777,-0.06628986726022665,0.20586980721404471,0.09810224529052394,0.3033384436942657
pseudo,cellxgene_Middle_Temporal_Gyrus,stack/default,0.24490305126622278,-0.11066455251854174,0.17721645277600953,0.08917552818725355,0.3011398918012187
pseudo,cellxgene_Middle_Temporal_Gyrus,ridge,0.8711904994672108,0.2616250255957169,0.055112170707591675,0.04092392347391395,0.8785812797002543
pseudo,cellxgene_Middle_Temporal_Gyrus,mysort,0.9187955262992632,0.7934324198060371,0.022706016303611146,0.017533112773213462,0.9045170971589148
pseudo,cellxgene_Middle_Temporal_Gyrus,lindeconseq,0.9594017236214853,0.7303093834806141,0.02570700923203734,0.020358783030548347,0.9544050038985316
pseudo,cellxgene_Middle_Temporal_Gyrus,quantiseq,0.7873280729914525,0.3876309013292796,0.055466747703017766,0.04405830249217471,0.7960995120314995
pseudo,cellxgene_Middle_Temporal_Gyrus,scaden,0.6983433863235744,0.8029243289816351,0.026921757198012784,0.021403870627120836,0.6988419582999251
pseudo,cellxgene_Middle_Temporal_Gyrus,mixupvi,0.8713653655653238,0.2601766417578114,0.05586326671078986,0.04148610529196383,0.8716053634125029
pseudo,cellxgene_Middle_Temporal_Gyrus,scfoundation/default,0.44616702094896654,0.6415542925691227,0.03979708234045188,0.030538343825195158,0.4415344071173743
pseudo,cellxgene_Middle_Temporal_Gyrus,autogenes,0.7177071641434377,0.6647438233422772,0.037035010003053544,0.02919866316340327,0.7127062544549068
pseudo,cellxgene_Middle_Temporal_Gyrus,tape,0.21518093143070002,-0.16656504915415182,0.07773575093961382,0.06506554491517008,0.18831774035497362
pseudo,tabula_sapiens_Lymph_Node,recide,0.5860343132255745,0.7079924881033324,0.18223010480265972,0.11748214607149382,0.6583706333342355
pseudo,tabula_sapiens_Lymph_Node,fardeep,0.6331305233842657,0.7547091222414833,0.05868795003973453,0.03613409715955637,0.6274006376647886
pseudo,tabula_sapiens_Lymph_Node,methylresolver,0.4831857253290419,0.18474328121808015,0.17349403803224295,0.11561563466673447,0.47585366061252327
pseudo,tabula_sapiens_Lymph_Node,deconrnaseq,0.2268776710464695,0.39123027660142695,0.22270872398830854,0.13988473796942424,0.24860311935971302
pseudo,tabula_sapiens_Lymph_Node,cibersortx,0.7365031342484798,0.9999999999999999,0.096926497507344,0.08444675164768052,0.6819681968196819
pseudo,tabula_sapiens_Lymph_Node,scdc,0.36240156419015823,0.37344499563215977,0.19937327094591975,0.11479042403825075,0.3927468909254244
pseudo,tabula_sapiens_Lymph_Node,squid,0.0,0.0,0.10573857176059494,0.08668449696541297,0.0
pseudo,tabula_sapiens_Lymph_Node,momf,0.5566447763719959,0.4842952363418538,0.14855999651197613,0.10571998455093916,0.5637545563303205
pseudo,tabula_sapiens_Lymph_Node,deconpeaker,0.5047277310654885,0.5861803900007121,0.11273799361800421,0.08659093161919301,0.5604343888799115
pseudo,tabula_sapiens_Lymph_Node,demixsc,0.353937024355583,0.39502970934211823,0.1982259432485328,0.11219756799261806,0.34790890847496164
pseudo,tabula_sapiens_Lymph_Node,diffformer,0.35393702435558255,0.39502970934211823,0.19822594324853282,0.11219756799261808,0.3479089084749617
pseudo,tabula_sapiens_Lymph_Node,refactor,0.025723788180231626,0.11514399378929659,0.236950041473662,0.1488545216839804,0.1515301384155725
pseudo,tabula_sapiens_Lymph_Node,cpm,0.35551688468383613,0.39199999999999996,0.09719602232077185,0.0752551543688324,0.3613831074690474
pseudo,tabula_sapiens_Lymph_Node,dwls,0.7805101989983826,0.8048333333333333,0.0524434630132094,0.039220604803006855,0.7881925212775392
pseudo,tabula_sapiens_Lymph_Node,deconica,-0.02565900491687332,-0.03536076879440464,0.26100099512532693,0.17853270132963753,-0.0032249436352522246
pseudo,tabula_sapiens_Lymph_Node,bayice,0.4905630124193608,0.32549999999999996,0.13720666317118818,0.09618091155914586,0.48459813759897596
pseudo,tabula_sapiens_Lymph_Node,nnls,0.3539370253381973,0.39502970934211823,0.19822594410819488,0.11219756833014803,0.3479089084749617
pseudo,tabula_sapiens_Lymph_Node,nitumid,0.34706456087950127,0.2275,0.16730785627625094,0.1146475159528069,0.39397601985294595
pseudo,tabula_sapiens_Lymph_Node,linseed,0.11272333543281185,-0.05221088977880241,0.2279408385783478,0.18537941697391222,0.1313286892074954
pseudo,tabula_sapiens_Lymph_Node,emeth,0.5513031745577772,0.7464441438357429,0.07547796755083859,0.05193811415602404,0.5481691850575103
pseudo,tabula_sapiens_Lymph_Node,rna-sieve,0.6586687674661584,0.6422665986857097,0.16785736351224684,0.10628737096718921,0.7192024278670651
pseudo,tabula_sapiens_Lymph_Node,countbridges,0.7622984357433377,0.7886666666666666,0.09486036370791276,0.06673655788727503,0.7590261813065459
pseudo,tabula_sapiens_Lymph_Node,daism,0.7120965340824892,0.050333333333333334,0.10446139911819792,0.08868483442628937,0.7329547919942835
pseudo,tabula_sapiens_Lymph_Node,immucellai,0.5771400397438384,0.6708176107249141,0.14642667357013286,0.1185267646571092,0.5878721672207555
pseudo,tabula_sapiens_Lymph_Node,deseq2,0.8129216813503168,0.8387262439420343,0.04013133986761561,0.03156866407080634,0.8231353665195856
pseudo,tabula_sapiens_Lymph_Node,mixture,0.6082890458353348,0.8163767618930797,0.051427982768183444,0.037774978620413124,0.5894929664417428
pseudo,tabula_sapiens_Lymph_Node,hspe,0.6608046579640359,0.5099999999999999,0.14627227838288823,0.09449452481911551,0.6956203633449045
pseudo,tabula_sapiens_Lymph_Node,prede,0.6094343760022792,0.5607783020109214,0.11827043327571005,0.09808829396150216,0.5010907147420426
pseudo,tabula_sapiens_Lymph_Node,bisqueref,0.46708604878688054,0.7721666666666667,0.07295815381118055,0.049972795193542294,0.45622372766339747
pseudo,tabula_sapiens_Lymph_Node,dsa,0.2903435076551568,-0.09939834155070346,0.22170705129228452,0.14490926614369437,0.277913898790509
pseudo,tabula_sapiens_Lymph_Node,demixt,0.1525283777139798,0.5379198113345468,0.11087489117318029,0.0795906598357202,0.1686394303536831
pseudo,tabula_sapiens_Lymph_Node,decompress,-0.10623965942059639,0.01643167672515499,0.1840196354224305,0.13650391016782265,-0.08831581605817125
pseudo,tabula_sapiens_Lymph_Node,aric,0.702551976560096,0.7678757714868637,0.06496505473020377,0.045548066591418655,0.6732454493320691
pseudo,tabula_sapiens_Lymph_Node,deconvseq,0.31576088235746136,0.006333333333333331,0.21494122581753766,0.15718862192596436,0.22574054787214315
pseudo,tabula_sapiens_Lymph_Node,bayesprism,0.6569965423355596,0.6254999999999998,0.12331182723288667,0.0873883969081847,0.6570486826967288
pseudo,tabula_sapiens_Lymph_Node,sweetwater,0.24960787466739282,0.08883333333333333,0.10417447314673448,0.08499099249803156,0.2786861792484511
pseudo,tabula_sapiens_Lymph_Node,toast,0.6070574846780772,0.4728333333333334,0.19316924344043432,0.12310010656977968,0.575206177632032
pseudo,tabula_sapiens_Lymph_Node,geneformer/longer,0.1995017770730364,0.6036666666666666,0.0923535048106002,0.07092407932422122,0.19117717222018069
pseudo,tabula_sapiens_Lymph_Node,geneformer/wider,0.1400245072146583,0.42983333333333335,0.09873524570434916,0.07580046177956005,0.14128664854206252
pseudo,tabula_sapiens_Lymph_Node,geneformer/finetune,0.5866878463407019,0.829333333333333,0.05127155929141343,0.0374846937796076,0.5546584919767086
pseudo,tabula_sapiens_Lymph_Node,geneformer/default,0.09993909852175076,0.17633333333333334,0.10357999302155312,0.08333395331495036,0.0999510708788094
pseudo,tabula_sapiens_Lymph_Node,dtangle,0.8602994845917548,0.7188333333333334,0.06147499080120784,0.046994152883659074,0.834926737527315
pseudo,tabula_sapiens_Lymph_Node,ols,0.48316046646579774,0.18474328121808015,0.17351147032975023,0.11562528831588387,0.4759310102598671
pseudo,tabula_sapiens_Lymph_Node,epic,0.2931519419400083,0.486,0.13482383777305348,0.09601759499861338,0.2785669742581844
pseudo,tabula_sapiens_Lymph_Node,bisquemarker,0.5871406583711716,0.3210944992936085,0.15283420810773393,0.10935380110367404,0.6992057720546669
pseudo,tabula_sapiens_Lymph_Node,deconf,0.0836617014261763,0.16502761572652233,0.14360519401375466,0.10810548280916543,0.04820477459266482
pseudo,tabula_sapiens_Lymph_Node,adroit,0.7896934026122917,0.7511890216034935,0.06953125851235396,0.05179309738134296,0.7851365362898449
pseudo,tabula_sapiens_Lymph_Node,mcpcounter,0.29453512028034545,0.4635,3.5902244412973596,3.553661844005429,0.2937783884273289
pseudo,tabula_sapiens_Lymph_Node,music,0.7801825664909049,0.8172052780275372,0.04719353353210915,0.03523872480926709,0.7669755545391205
pseudo,tabula_sapiens_Lymph_Node,ridge,0.4831857183169789,0.18474328121808015,0.17349404182215647,0.11561563696333337,0.47585366061252327
pseudo,tabula_sapiens_Lymph_Node,mysort,0.5884182329235922,0.7697318344627102,15.057730278410451,11.011294885407738,0.6050178042942862
pseudo,tabula_sapiens_Lymph_Node,lindeconseq,0.6847832054694504,0.6781310818806187,0.11397324539870689,0.07123638207451984,0.6968683025731095
pseudo,tabula_sapiens_Lymph_Node,quantiseq,0.31756484022356035,0.4702805270573313,0.12251937160085169,0.07799742397976885,0.3101383334449128
pseudo,tabula_sapiens_Lymph_Node,scaden,0.6984586803905611,0.699,0.07452772711204236,0.05459796140940263,0.7099422689487631
pseudo,tabula_sapiens_Lymph_Node,mixupvi,0.3539370243555825,0.39502970934211823,0.19822594324853282,0.11219756799261806,0.3479089084749617
pseudo,tabula_sapiens_Lymph_Node,autogenes,0.6611097628401883,0.4595872949976336,0.10143864005710324,0.07899215457534764,0.6923882160831302
pseudo,tabula_sapiens_Lymph_Node,tape,0.3796552119361305,0.5606562665692633,0.08354467781075495,0.06672266934431581,0.33906422954510546
pseudo,tabula_sapiens_Tongue,recide,0.8171108479402797,0.5249999999999999,0.11782013263465523,0.09529074401825259,0.7879953746817808
pseudo,tabula_sapiens_Tongue,fardeep,0.9109031813356527,0.613,0.06745642362870549,0.05201356263968078,0.881622144447542
pseudo,tabula_sapiens_Tongue,methylresolver,0.812755021037113,0.7290924232298039,0.10940852397753124,0.09367682622038295,0.8160156570961391
pseudo,tabula_sapiens_Tongue,deconrnaseq,0.7751786646741132,0.398928642809405,0.12710479839246525,0.1073644640352192,0.7863136554717844
pseudo,tabula_sapiens_Tongue,cibersortx,0.9418571495187917,0.8269999999999998,0.05715302598652088,0.04130826870171754,0.9338727634649399
pseudo,tabula_sapiens_Tongue,scdc,0.7622925694009988,0.7100592007909444,0.10281596606520813,0.0803664157572179,0.725373904844093
pseudo,tabula_sapiens_Tongue,squid,nan,0.0,0.12914249123709637,0.10126774701881287,nan
pseudo,tabula_sapiens_Tongue,momf,0.7584801335851973,0.07344820985110811,0.20391421486989475,0.1672761461245907,0.7664333065873423
pseudo,tabula_sapiens_Tongue,deconpeaker,0.8879861676491163,0.6076428809364682,0.07499184311768779,0.06264446897209633,0.8723531339350343
pseudo,tabula_sapiens_Tongue,demixsc,0.7951171939995529,0.7485797671643181,0.10407987017833127,0.08580252621533979,0.8037589917585011
pseudo,tabula_sapiens_Tongue,diffformer,0.795117193999552,0.7485797671643181,0.10407987017833147,0.08580252621534011,0.8037589917585011
pseudo,tabula_sapiens_Tongue,refactor,-0.3926456409304627,-0.33799999999999997,0.18125780507182657,0.1458564481717901,-0.3886162389083508
pseudo,tabula_sapiens_Tongue,cpm,0.7783669359785617,0.21,0.1287418546726907,0.10008250218656986,0.7641636758403089
pseudo,tabula_sapiens_Tongue,bayice,0.6640791745778485,0.5379999999999999,0.11746211480741764,0.09654905040324042,0.6340087926621905
pseudo,tabula_sapiens_Tongue,nnls,0.7951171853667033,0.7485797671643181,0.10407987225413487,0.08580252781090805,0.8037589917585011
pseudo,tabula_sapiens_Tongue,nitumid,0.9217293318185449,0.689,0.06405376921419995,0.05388531378659508,0.9064075743358522
pseudo,tabula_sapiens_Tongue,linseed,0.5441322018366421,0.6579999999999998,0.08152051674908549,0.049797817169033864,0.5453668325225107
pseudo,tabula_sapiens_Tongue,emeth,0.931724069762987,0.8119999999999997,0.05948167565361505,0.04376042062007314,0.9231720479199332
pseudo,tabula_sapiens_Tongue,rna-sieve,0.9657325999246679,0.743,0.07073990884689804,0.05944114242291172,0.9536798127113911
pseudo,tabula_sapiens_Tongue,countbridges,0.9411691793963829,0.8460000000000001,0.05222634534117075,0.04203843528000189,0.9270246886908824
pseudo,tabula_sapiens_Tongue,nusvr,0.9352031436902637,0.725,0.04745149685131191,0.04235100632148545,0.9294035671310725
pseudo,tabula_sapiens_Tongue,immucellai,0.8885525329669649,0.8126688592885535,0.05334596972568483,0.04126481678852777,0.8722657105633405
pseudo,tabula_sapiens_Tongue,deseq2,0.9679722386356404,0.7629999999999997,0.051861224327816306,0.03981152722066537,0.9520125225341571
pseudo,tabula_sapiens_Tongue,mixture,0.9192119772713696,0.627,0.06548158794263723,0.05009817868100773,0.8978789747160623
pseudo,tabula_sapiens_Tongue,hspe,0.762660277233377,0.56,0.16948874070919792,0.15121147379659047,0.8201918488395341
pseudo,tabula_sapiens_Tongue,prede,0.9007030785939758,0.587,0.0694708397002884,0.05475951038515838,0.8850173286338137
pseudo,tabula_sapiens_Tongue,bisqueref,0.8662005686183271,0.5479999999999999,0.2465865589938623,0.18785701327149845,0.8210312435333208
pseudo,tabula_sapiens_Tongue,dsa,0.683788276950155,0.20700000000000002,0.19423991078092157,0.1450775020837852,0.6733910990325792
pseudo,tabula_sapiens_Tongue,decompress,-0.102839646402207,-0.513,0.3087179082788187,0.2469585040822313,-0.09520481083800027
pseudo,tabula_sapiens_Tongue,deconvseq,0.22179327649559671,0.47100000000000003,0.12914029768577828,0.1012659603767642,0.2731331391251649
pseudo,tabula_sapiens_Tongue,bayesprism,0.8448990408161047,0.6969999999999997,0.09391978709094831,0.07312314388443075,0.8543498817886814
pseudo,tabula_sapiens_Tongue,toast,0.7830508616925986,0.25499999999999995,0.1645287813942021,0.13442966215120972,0.765170653490296
pseudo,tabula_sapiens_Tongue,geneformer/longer,0.4426546677371033,0.4279999999999999,0.09840242185667948,0.07823792575794822,0.4602859636604116
pseudo,tabula_sapiens_Tongue,geneformer/wider,0.38765040663019745,0.42499999999999993,0.10745050989486489,0.08688508304738154,0.4055833855368448
pseudo,tabula_sapiens_Tongue,geneformer/finetune,0.8987733207377152,0.8409999999999997,0.04513543093752613,0.03702182642501236,0.8800802483217358
pseudo,tabula_sapiens_Tongue,geneformer/default,0.24362571376395334,0.283,0.12172720018962724,0.09769515951405947,0.24095959367648376
pseudo,tabula_sapiens_Tongue,dtangle,0.9076642097898926,0.608,0.10181396461540218,0.08015652395426812,0.8841323569130519
pseudo,tabula_sapiens_Tongue,ols,0.8127415757908171,0.7290924232298039,0.10941201434979075,0.09368010944913005,0.8160156570961391
pseudo,tabula_sapiens_Tongue,epic,0.8103423218874566,0.5939999999999999,0.09184186050248412,0.07369632523667567,0.7912285902703715
pseudo,tabula_sapiens_Tongue,bisquemarker,0.6766161157847392,0.5097336687476632,0.20465858803514161,0.152760310642646,0.822987278410111
pseudo,tabula_sapiens_Tongue,baycount,-0.07619865221215485,-0.055,0.14175111120927367,0.10899964036548863,-0.07541137019906571
pseudo,tabula_sapiens_Tongue,deconf,-0.075766621741266,-0.18668825977497808,0.21463116169677363,0.17871799539814023,-0.06208416439216208
pseudo,tabula_sapiens_Tongue,adroit,0.9432553254521772,0.8519999999999999,0.04270512898826665,0.03368966471135159,0.9323478358282753
pseudo,tabula_sapiens_Tongue,mcpcounter,0.8433810120801668,0.023999999999999994,0.12650294654005206,0.09967693968758876,0.8195526460882657
pseudo,tabula_sapiens_Tongue,music,0.9579886843895651,0.7939999999999998,0.06017795341928721,0.04458502784991157,0.9478300753798719
pseudo,tabula_sapiens_Tongue,ridge,0.8127550136347359,0.7290924232298039,0.10940852839938177,0.09367683059977916,0.8160156570961391
pseudo,tabula_sapiens_Tongue,mysort,0.9242723728751319,0.6309999999999999,0.06571635407176561,0.050517952876754466,0.9063192454570415
pseudo,tabula_sapiens_Tongue,lindeconseq,0.9283967139551716,0.629,0.06596874336697361,0.05029116256673891,0.9076459723288763
pseudo,tabula_sapiens_Tongue,quantiseq,0.8019317430114714,0.42672081599272377,0.11472186409026043,0.09812993028972485,0.7845440977439537
pseudo,tabula_sapiens_Tongue,scaden,0.9014359315449859,0.7299999999999999,0.06060063985506934,0.047293902662459045,0.9101680178576135
pseudo,tabula_sapiens_Tongue,mixupvi,0.7951171939995517,0.7485797671643181,0.10407987017833145,0.08580252621534014,0.8037589917585011
pseudo,tabula_sapiens_Tongue,autogenes,0.9143747288315097,0.8729999999999998,0.04787459695359323,0.036778219612946396,0.8929055726007922
pseudo,tabula_sapiens_Tongue,tape,0.8041114484244986,0.49699999999999983,0.10631213885677836,0.08431192465693373,0.7930092409048368
pseudo,cellxgene_Primary_Somatosensory_Cortex,recide,0.12177815657390806,0.5235217540515587,0.05244506897726908,0.03914129930768888,0.10898003474117539
pseudo,cellxgene_Primary_Somatosensory_Cortex,fardeep,0.8215068556451232,0.881667993724035,0.019779718028541646,0.014571526606098418,0.8180790297585183
pseudo,cellxgene_Primary_Somatosensory_Cortex,methylresolver,0.8685280204089891,0.7805846325114125,0.028339237619571543,0.01843824632531041,0.8675144307587108
pseudo,cellxgene_Primary_Somatosensory_Cortex,deconrnaseq,0.756034326544884,0.6828121224029142,0.04644063721402156,0.03494505570461333,0.764077893212148
pseudo,cellxgene_Primary_Somatosensory_Cortex,cibersortx,0.8756558084917849,0.8823802969937974,0.018905685324976405,0.013263229393773323,0.8736618260597893
pseudo,cellxgene_Primary_Somatosensory_Cortex,scdc,0.5548274231790729,0.48281421087044535,0.05546151710853605,0.04514195422317656,0.558959693249873
pseudo,cellxgene_Primary_Somatosensory_Cortex,squid,0.0,0.0,0.04292103937897133,0.03495082885694133,0.0
pseudo,cellxgene_Primary_Somatosensory_Cortex,momf,0.32436278431468385,0.1591903416792568,0.11035144426720432,0.06927599919908832,0.35001369330301424
pseudo,cellxgene_Primary_Somatosensory_Cortex,deconpeaker,0.807000873883008,0.8169988192325546,0.02594901912674874,0.017551770085543022,0.7985262879193162
pseudo,cellxgene_Primary_Somatosensory_Cortex,demixsc,0.8276051909566338,0.791263533918973,0.0324354605221355,0.02005391292726794,0.8416805479239642
pseudo,cellxgene_Primary_Somatosensory_Cortex,diffformer,0.8276051909566347,0.791263533918973,0.03243546052213556,0.020053912927267936,0.8416805479239642
pseudo,cellxgene_Primary_Somatosensory_Cortex,refactor,0.03927366249940586,0.13069162049306057,0.11737194983878246,0.07336827649579719,0.0884832179533691
pseudo,cellxgene_Primary_Somatosensory_Cortex,cpm,0.7582699879156924,0.2866228136378553,0.04068266022857023,0.03299894447286061,0.7445980283137349
pseudo,cellxgene_Primary_Somatosensory_Cortex,dwls,0.9699861043653871,0.9496370841279148,0.010429222687991898,0.007164489470886987,0.958696110537016
pseudo,cellxgene_Primary_Somatosensory_Cortex,deconica,-0.026550076699889492,-0.054438018958584265,0.09788418675231189,0.07164186683792935,-0.004714854310316268
pseudo,cellxgene_Primary_Somatosensory_Cortex,bayice,0.5208008500895095,0.3700375214015188,0.05644506001710886,0.04082029688061266,0.5159206653663635
pseudo,cellxgene_Primary_Somatosensory_Cortex,nnls,0.8276051638185409,0.791263533918973,0.032435466409416816,0.020053916180206365,0.8416805479239642
pseudo,cellxgene_Primary_Somatosensory_Cortex,nitumid,0.8522790209750751,0.39297058426037085,0.044581135116863846,0.03361089884239168,0.8278624099538247
pseudo,cellxgene_Primary_Somatosensory_Cortex,linseed,-0.05520949503670399,-0.09898549687447,0.07563214483742672,0.06005235399164386,-0.04652495499780327
pseudo,cellxgene_Primary_Somatosensory_Cortex,emeth,0.7582153361660965,0.8709182861583413,0.019697129512986983,0.014460092731238404,0.7594521531771173
pseudo,cellxgene_Primary_Somatosensory_Cortex,rna-sieve,0.9663225034475204,0.76132808394883,0.040431849944796566,0.030667684218839697,0.9556897221628037
pseudo,cellxgene_Primary_Somatosensory_Cortex,countbridges,0.9269212895495051,0.7052994747675584,0.0364116139151452,0.02794437161520337,0.9179626110175688
pseudo,cellxgene_Primary_Somatosensory_Cortex,scgpt/da,0.7110956215947916,0.8986251089761135,0.019869158274264026,0.014604581411238738,0.709240945043145
pseudo,cellxgene_Primary_Somatosensory_Cortex,scgpt/mmd,0.6986496728556535,0.8489748925723626,0.022055199327422774,0.017356243357576767,0.6967580752656786
pseudo,cellxgene_Primary_Somatosensory_Cortex,scgpt/lr_7e5,0.6784056891337327,0.829745111176979,0.02245343378936736,0.01751113091675452,0.6720416958617115
pseudo,cellxgene_Primary_Somatosensory_Cortex,scgpt/finetune,0.6981797310623866,0.8628237597178869,0.022191853432117395,0.016640829355058933,0.7049511718990243
pseudo,cellxgene_Primary_Somatosensory_Cortex,scgpt/frozen,0.05946918548445548,0.21002551113467557,0.042370164740076696,0.03441357827738686,0.07079945664011164
pseudo,cellxgene_Primary_Somatosensory_Cortex,nusvr,0.8852486913114921,0.8575682679603,0.02134048506592434,0.014032379261030991,0.884111926730121
pseudo,cellxgene_Primary_Somatosensory_Cortex,immucellai,0.8153113499496557,0.8023856456083435,0.02860528610852139,0.02034719414797448,0.8061259060834272
pseudo,cellxgene_Primary_Somatosensory_Cortex,deseq2,0.9657253874133565,0.9440885934616462,0.010821325128828073,0.00736496166064967,0.9522114370920822
pseudo,cellxgene_Primary_Somatosensory_Cortex,mixture,0.8220339586808415,0.866241515549907,0.022526856536670962,0.01635910536903833,0.8252196422946726
pseudo,cellxgene_Primary_Somatosensory_Cortex,hspe,0.5234679817044005,-0.016520406587486988,0.1437732443266057,0.09058590299389235,0.635147916138131
pseudo,cellxgene_Primary_Somatosensory_Cortex,prede,0.5768743242629211,0.4726943398096744,0.05720453108156032,0.04432352256102411,0.6025868799638966
pseudo,cellxgene_Primary_Somatosensory_Cortex,bisqueref,0.8075588147894569,0.7634064813694752,0.030439011355669097,0.022103238413644234,0.7846638172807028
pseudo,cellxgene_Primary_Somatosensory_Cortex,dsa,0.46333335522043334,-0.0472164717611234,0.07233657568925257,0.06132455731666952,0.45279658835854114
pseudo,cellxgene_Primary_Somatosensory_Cortex,demixt,0.09300625894525688,-0.012128379302605718,0.09619340602303941,0.06359547038725659,0.18783618036787397
pseudo,cellxgene_Primary_Somatosensory_Cortex,decompress,0.00804479342169966,0.09124602831206063,0.10698922593593295,0.061464664805379036,0.0008802077446249848
pseudo,cellxgene_Primary_Somatosensory_Cortex,aric,0.9275682886011576,0.9093382638026264,0.015005013350404876,0.011019401422938363,0.9112425145382259
pseudo,cellxgene_Primary_Somatosensory_Cortex,deconvseq,0.22054051433535138,0.2508516767859312,0.04292100111260858,0.034950805635591255,0.20332052684289015
pseudo,cellxgene_Primary_Somatosensory_Cortex,scgpt_lora/default,0.6707820870420512,0.9071453048872595,0.01507189217954874,0.011109644547104836,0.672256917827757
pseudo,cellxgene_Primary_Somatosensory_Cortex,bayesprism,0.7798281117179218,0.6801061645682037,0.040790444610439826,0.03084531726765094,0.7872960940976076
pseudo,cellxgene_Primary_Somatosensory_Cortex,sweetwater,-0.007406422962878728,0.13674262264877507,0.042836544118624025,0.035140216552350396,-0.013258225644533769
pseudo,cellxgene_Primary_Somatosensory_Cortex,toast,0.5456203151053892,0.23760927564485762,0.17234457287274943,0.09410202040534996,0.5268870783729993
pseudo,cellxgene_Primary_Somatosensory_Cortex,geneformer/longer,0.21379707618098032,0.2877560971616788,0.03999728769113838,0.03242946661350086,0.21059660417367682
pseudo,cellxgene_Primary_Somatosensory_Cortex,geneformer/wider,0.158462261986211,0.24877196461772016,0.04055315449886652,0.03258123555440687,0.1706956283223202
pseudo,cellxgene_Primary_Somatosensory_Cortex,geneformer/finetune_pb5k,0.760698407563754,0.8756733969452949,0.018905123995583833,0.015225247844044746,0.7611660503687225
pseudo,cellxgene_Primary_Somatosensory_Cortex,geneformer/realbulk,0.1815780842097738,0.3100865471863527,0.04045472722762935,0.032704797742587256,0.1693333531933059
pseudo,cellxgene_Primary_Somatosensory_Cortex,geneformer/finetune,0.700848772136548,0.8083696964781498,0.022232748788277988,0.018011961100025523,0.709353598250393
pseudo,cellxgene_Primary_Somatosensory_Cortex,geneformer/default,-0.02031096957723011,0.02472572712570134,0.0443298019206517,0.0358265014309421,-0.009318426119571349
pseudo,cellxgene_Primary_Somatosensory_Cortex,dtangle,0.8661356990889534,0.5643578372302538,0.03651942005275008,0.030046513626618893,0.8454505120938728
pseudo,cellxgene_Primary_Somatosensory_Cortex,transcriptformer/progressive4,0.3825940770776108,0.28693099421951596,0.16569713085182416,0.08603551895204081,0.41790400190330196
pseudo,cellxgene_Primary_Somatosensory_Cortex,transcriptformer/longer,0.4406272874898397,0.3686837694650048,0.11851113838854088,0.07153750853121882,0.4563418832146852
pseudo,cellxgene_Primary_Somatosensory_Cortex,transcriptformer/progressive3,0.39622715243957296,0.17709630837936746,0.1365399550331714,0.08266442463345691,0.4079411480722213
pseudo,cellxgene_Primary_Somatosensory_Cortex,transcriptformer/finetune,0.4170843022915103,0.23996293121499704,0.1434351005437902,0.08533504606921645,0.4425479651781378
pseudo,cellxgene_Primary_Somatosensory_Cortex,transcriptformer/default,0.3898933147907521,0.3988622097516471,0.13385552494272335,0.08260569661256627,0.40538788763644557
pseudo,cellxgene_Primary_Somatosensory_Cortex,ols,0.8685255268435853,0.7805845571475416,0.028361705818543442,0.018449268588077532,0.8675024169104492
pseudo,cellxgene_Primary_Somatosensory_Cortex,epic,0.8211265696689691,0.7745337428826936,0.03895156181048862,0.02947117142063008,0.8256123224048982
pseudo,cellxgene_Primary_Somatosensory_Cortex,bisquemarker,0.6159203541901234,0.4393808714774917,0.07726138356591919,0.054024002046656715,0.7564424674850488
pseudo,cellxgene_Primary_Somatosensory_Cortex,deconf,-0.01785648325068455,-0.2998214294904813,0.1312036459148359,0.09608620673896211,-0.01953074170580128
pseudo,cellxgene_Primary_Somatosensory_Cortex,adroit,0.9434193921370633,0.8828592292341108,0.016687930065349,0.012922535738555601,0.9293899572608815
pseudo,cellxgene_Primary_Somatosensory_Cortex,mcpcounter,0.741812940747176,0.4305711753584409,0.04055963715992821,0.032878313002078434,0.7219418217609553
pseudo,cellxgene_Primary_Somatosensory_Cortex,music,0.9670855565701423,0.8795035001450506,0.018577080114196586,0.011027881276093391,0.9592090303766669
pseudo,cellxgene_Primary_Somatosensory_Cortex,stack/progressive4,0.21203238912912176,-0.05609968042993313,0.11077986930488216,0.07690692676610886,0.2595174372238547
pseudo,cellxgene_Primary_Somatosensory_Cortex,stack/longer,0.1438355463066222,-0.1703611049963537,0.13090675122552217,0.08559577164153837,0.15082850063318576
pseudo,cellxgene_Primary_Somatosensory_Cortex,stack/wider,0.11875555681675459,-0.1214724897272211,0.12179039804961472,0.08066980886512538,0.14845475656802534
pseudo,cellxgene_Primary_Somatosensory_Cortex,stack/progressive3,0.23478139209247456,-0.09549041602074512,0.1154369544487651,0.07372911013125914,0.26751953873929246
pseudo,cellxgene_Primary_Somatosensory_Cortex,stack/default,0.18935125231242106,-0.22444284182542049,0.10077546743559482,0.07822816034693854,0.19527895880976878
pseudo,cellxgene_Primary_Somatosensory_Cortex,ridge,0.868528017103148,0.7805846325114125,0.028339240933598873,0.018438247411821623,0.8675144307587108
pseudo,cellxgene_Primary_Somatosensory_Cortex,mysort,0.8104432042624288,0.8515642236289331,0.02148706454389634,0.01572461987097651,0.804931235391008
pseudo,cellxgene_Primary_Somatosensory_Cortex,lindeconseq,0.8786695240183395,0.8555197115603561,0.021725165649480613,0.01417443363911369,0.8811541834988587
pseudo,cellxgene_Primary_Somatosensory_Cortex,quantiseq,0.8193967635146837,0.7769439451925356,0.038899316092972626,0.029458339214306118,0.8336745912836826
pseudo,cellxgene_Primary_Somatosensory_Cortex,scaden,0.6762969410585704,0.7145059238552324,0.030800993794876018,0.024082061551416154,0.6545511998821532
pseudo,cellxgene_Primary_Somatosensory_Cortex,mixupvi,0.8276051909566347,0.791263533918973,0.03243546052213556,0.020053912927267936,0.8416805479239642
pseudo,cellxgene_Primary_Somatosensory_Cortex,scfoundation/default,0.49369006920311886,0.5306661178779621,0.04679057191635793,0.036166340726519086,0.5070640459893291
pseudo,cellxgene_Primary_Somatosensory_Cortex,autogenes,0.7388876509434299,0.6161071749231669,0.041555915104441975,0.03402551034639875,0.7358857013891533
pseudo,cellxgene_Primary_Somatosensory_Cortex,tape,0.21444360442846797,-0.09456300575030109,0.07663086008716223,0.06339993989754328,0.19366154830762383
pseudo,tabula_sapiens_Fat,recide,0.961111319901085,0.278,0.10189779848676205,0.08501941488977495,0.9610351035103509
pseudo,tabula_sapiens_Fat,fardeep,0.895979046010615,0.09599999999999997,0.12138797911325827,0.095688811817877,0.9016771677167716
pseudo,tabula_sapiens_Fat,methylresolver,0.8351379842530744,-0.06702633403898975,0.2087909940476455,0.1865343623632224,0.8326392451678403
pseudo,tabula_sapiens_Fat,deconrnaseq,0.8907058056956736,0.3299999999999999,0.11787299392309541,0.09781771250727657,0.8933393339333932
pseudo,tabula_sapiens_Fat,cibersortx,0.9768504191980469,0.6719999999999997,0.0695212228986065,0.06562838104741256,0.9747614761476147
pseudo,tabula_sapiens_Fat,scdc,0.8183412204889918,0.03348683298050513,0.18318590019886088,0.1658824521823154,0.8120160299887484
pseudo,tabula_sapiens_Fat,squid,0.0,0.0,0.10193729662493849,0.08677288660569087,0.0
pseudo,tabula_sapiens_Fat,momf,0.9741959273870331,0.06799999999999999,0.13109664350850575,0.105457729466548,0.9825322532253224
pseudo,tabula_sapiens_Fat,deconpeaker,0.7907868160109383,0.30000000000000004,0.1179051786629775,0.09449702837439633,0.7959735973597358
pseudo,tabula_sapiens_Fat,demixsc,0.8455716092845675,-0.06753950105848461,0.21032040311192118,0.18800833353256227,0.8428659140639096
pseudo,tabula_sapiens_Fat,diffformer,0.8455716092845671,-0.06753950105848461,0.21032040311192088,0.18800833353256177,0.8428659140639096
pseudo,tabula_sapiens_Fat,refactor,-0.2783513314942535,-0.23458683421208795,0.37488790191237137,0.31099227021776166,-0.2247542262636201
pseudo,tabula_sapiens_Fat,cpm,0.9244433688969353,0.20199999999999996,0.09532513066402042,0.08203292909247131,0.9258955895589559
pseudo,tabula_sapiens_Fat,dwls,0.9816146934452192,0.6739999999999999,0.06860881599725108,0.057342645692512365,0.9784908490849084
pseudo,tabula_sapiens_Fat,deconica,0.025895467881492357,-0.1650187270914525,0.3438264859188947,0.2890297717740417,0.046072947400716185
pseudo,tabula_sapiens_Fat,bayice,0.9030227235610562,0.42,0.11162403260815053,0.09872683938339978,0.9008880888088807
pseudo,tabula_sapiens_Fat,nnls,0.8455715952390466,-0.06753950105848461,0.2103204182295393,0.18800833964281696,0.8428659140639096
pseudo,tabula_sapiens_Fat,nitumid,0.8927352092925365,0.098,0.12087080753359235,0.10038306893376991,0.8974827482748273
pseudo,tabula_sapiens_Fat,linseed,-0.037156982440875896,-0.1,0.15906111866574277,0.12157255707116149,-0.03099009900990099
pseudo,tabula_sapiens_Fat,emeth,0.9683211202105619,0.6579999999999999,0.07044469031694436,0.06392813306992147,0.9662826282628261
pseudo,tabula_sapiens_Fat,rna-sieve,0.9782619038219673,0.8959999999999999,0.025653444946259565,0.021756459443337338,0.9778667866786677
pseudo,tabula_sapiens_Fat,countbridges,0.986014664163503,0.8399999999999999,0.034948587231257947,0.02887696997584062,0.9840054005400539
pseudo,tabula_sapiens_Fat,debcam,-0.2012085945968124,0.312,0.13579132839625782,0.10782271256335736,-0.1823162316231623
pseudo,tabula_sapiens_Fat,nusvr,0.9766259070205296,0.6919999999999997,0.06435192003264063,0.05993165959281937,0.9738673867386738
pseudo,tabula_sapiens_Fat,daism,0.9448880087304952,0.7559999999999999,0.4721456499598438,0.43840729874327167,0.9454725472547254
pseudo,tabula_sapiens_Fat,immucellai,0.8888288437310082,0.5258113883008418,0.10309042406595928,0.07847580905522038,0.8937405139230915
pseudo,tabula_sapiens_Fat,deseq2,0.986436350858177,0.8499999999999999,0.03644186540533324,0.030975519767816127,0.9840324032403238
pseudo,tabula_sapiens_Fat,mixture,0.9109402150024004,0.06599999999999999,0.1264255915984976,0.1037926578068144,0.9116441644164416
pseudo,tabula_sapiens_Fat,hspe,0.6654571896831024,0.6819999999999999,0.4100120024500226,0.3452519005844745,0.7616801680168016
pseudo,tabula_sapiens_Fat,prede,0.978914243711398,0.5059999999999999,0.09489216417642918,0.088184445190835,0.9783738373837383
pseudo,tabula_sapiens_Fat,bisqueref,0.8149908388253702,0.608,0.08415152826067245,0.0693864182039077,0.8089828982898288
pseudo,tabula_sapiens_Fat,dsa,0.24489829510375494,-0.1749793638626504,0.4161454148811859,0.3544097907127695,0.2299549954995499
pseudo,tabula_sapiens_Fat,demixt,0.13500827723807415,-0.33799999999999997,0.16464792572833012,0.12897545500647542,0.10356435643564357
pseudo,tabula_sapiens_Fat,decompress,0.13621599917234878,0.14,0.24722802107047415,0.2191598854025567,0.1338073807380738
pseudo,tabula_sapiens_Fat,aric,0.9489078184972278,0.7539999999999999,0.05396557848901881,0.048486526859279996,0.9498829882988298
pseudo,tabula_sapiens_Fat,deconvseq,0.0,0.0,0.10193729662493849,0.08677288660569088,0.0
pseudo,tabula_sapiens_Fat,bayesprism,0.9795651087819685,0.92,0.02756847944448443,0.021089794721795126,0.9776897689768976
pseudo,tabula_sapiens_Fat,sweetwater,0.860501943762842,-0.6419999999999999,0.10538693432552239,0.09049937383186862,0.8568676867686769
pseudo,tabula_sapiens_Fat,toast,0.8632189882385789,0.3559999999999999,0.07997253344809728,0.06464603396671224,0.8529102910291029
pseudo,tabula_sapiens_Fat,geneformer/longer,0.4593836937924029,-0.066,0.13410426589040006,0.10855742803953214,0.4560786078607861
pseudo,tabula_sapiens_Fat,geneformer/wider,0.4195485530543234,0.13199999999999995,0.12465674961517163,0.10174266099095686,0.4205190519051905
pseudo,tabula_sapiens_Fat,geneformer/finetune,0.8484131218720163,0.15599999999999997,0.11056807370738841,0.09193414508115788,0.8465406540654064
pseudo,tabula_sapiens_Fat,geneformer/default,0.30217114794225186,-0.132,0.12993163804938854,0.10701195632153755,0.30304830483048306
pseudo,tabula_sapiens_Fat,dtangle,0.9747158546769701,0.9179999999999999,0.057194407935339114,0.047170024199534685,0.9728112811281128
pseudo,tabula_sapiens_Fat,ols,0.8351357670434437,-0.06702633403898975,0.2087922523886635,0.18653575393914468,0.8326392451678404
pseudo,tabula_sapiens_Fat,epic,0.8050351780735676,0.4779999999999998,0.09679367393439124,0.07594509332005,0.8624302430243023
pseudo,tabula_sapiens_Fat,bisquemarker,0.7355888994302862,0.42827677369628697,0.3031161319382757,0.2487236816456238,0.7761848748514355
pseudo,tabula_sapiens_Fat,baycount,0.09227530928588296,0.20999999999999994,0.10020065574488612,0.08442627794240583,0.08719171917191715
pseudo,tabula_sapiens_Fat,deconf,0.28527085386717,0.30800000000000005,0.11871356540096763,0.09556985281878598,0.2972186666098866
pseudo,tabula_sapiens_Fat,adroit,0.9674959576757874,0.6859999999999998,0.055403245256800994,0.04398700861966343,0.9654785478547854
pseudo,tabula_sapiens_Fat,mcpcounter,0.719599344012873,0.486,2.6900483365487435,2.686427880111242,0.7246444644464446
pseudo,tabula_sapiens_Fat,music,0.9883351704005645,0.7559999999999998,0.044048986889406574,0.04030832526865232,0.9859405940594058
pseudo,tabula_sapiens_Fat,ridge,0.8351379738598883,-0.06702633403898975,0.2087910089972849,0.1865343683903199,0.8326392451678404
pseudo,tabula_sapiens_Fat,mysort,0.8646981255647913,0.08199999999999998,26.79654441613455,24.75,0.8663516351635162
pseudo,tabula_sapiens_Fat,lindeconseq,0.9308142466911127,0.012,0.13332733565695984,0.10776113785783235,0.934110411041104
pseudo,tabula_sapiens_Fat,quantiseq,0.936464099722634,0.43999999999999995,0.22054686440118512,0.2007989697394199,0.9357905790579057
pseudo,tabula_sapiens_Fat,scaden,0.9658660058986417,0.506,0.08132733271981257,0.064231958846256,0.965124512451245
pseudo,tabula_sapiens_Fat,mixupvi,0.8455716092845672,-0.06753950105848461,0.21032040311192085,0.1880083335325618,0.8428659140639096
pseudo,tabula_sapiens_Fat,autogenes,0.9487711593234263,0.37599999999999995,0.09323768592611614,0.07731073016866659,0.9465736573657364
pseudo,tabula_sapiens_Fat,tape,0.8052887366026585,0.7979999999999999,0.06026100764026291,0.05113195314999533,0.7887848784878486
pseudo,tabula_sapiens_Large_Intestine,recide,0.7810710790599795,0.6754935886896177,0.14244960000496557,0.1261210028937177,0.8217251696817953
pseudo,tabula_sapiens_Large_Intestine,fardeep,0.7878630781353241,0.7086754371542141,0.11225125400827428,0.09161962112411584,0.7858976729527913
pseudo,tabula_sapiens_Large_Intestine,methylresolver,0.7801962641948951,0.6795393006386843,0.10406499991691129,0.08861064164306069,0.7917735046159895
pseudo,tabula_sapiens_Large_Intestine,deconrnaseq,0.7953326436211421,0.6901096488041929,0.15043808910027417,0.1286189387866432,0.8155421070006941
pseudo,tabula_sapiens_Large_Intestine,cibersortx,0.8750871557570313,0.7297208159927235,0.08576929707118848,0.06677636201043322,0.8753422083629723
pseudo,tabula_sapiens_Large_Intestine,scdc,0.704324889158939,0.5824492091827786,0.13430320009413926,0.11691605284577063,0.7127452947164092
pseudo,tabula_sapiens_Large_Intestine,squid,nan,0.0,0.10633243816998435,0.08297410788674262,nan
pseudo,tabula_sapiens_Large_Intestine,momf,0.7080303629729262,0.337,0.2503515975581607,0.18763441385668203,0.7560468295476553
pseudo,tabula_sapiens_Large_Intestine,deconpeaker,0.6864784219159292,0.6476757702647709,0.11610087452966711,0.09062376764963007,0.6821512194184037
pseudo,tabula_sapiens_Large_Intestine,demixsc,0.7694736137338147,0.6711821815751527,0.10705607203720169,0.09082374840212373,0.7808521229612143
pseudo,tabula_sapiens_Large_Intestine,diffformer,0.7694736137338146,0.6711821815751527,0.10705607203720162,0.09082374840212366,0.7808521229612142
pseudo,tabula_sapiens_Large_Intestine,refactor,0.216728986220656,0.23239087235035247,0.2905531589523782,0.2184588261925618,0.29376617862748133
pseudo,tabula_sapiens_Large_Intestine,cpm,0.7518074205384593,0.20600000000000002,0.10378467443839247,0.08401287547438803,0.7442720770646665
pseudo,tabula_sapiens_Large_Intestine,dwls,0.9545205715490569,0.815,0.07947153507837187,0.06790157005897668,0.9529121418093197
pseudo,tabula_sapiens_Large_Intestine,deconica,0.030529871050185037,0.2888269922097978,0.18086023659518105,0.14600134983731836,0.025937229371164085
pseudo,tabula_sapiens_Large_Intestine,bayice,0.8044480367972184,0.6569999999999999,0.0922043542376648,0.0700050831432236,0.8132078475205791
pseudo,tabula_sapiens_Large_Intestine,nnls,0.769473606649887,0.6711821815751527,0.10705607374779476,0.09082374965825996,0.7808521229612142
pseudo,tabula_sapiens_Large_Intestine,nitumid,0.8982574704447686,0.6289999999999999,0.08361918709895928,0.06692747705800703,0.9047220268986902
pseudo,tabula_sapiens_Large_Intestine,linseed,-0.1049337043869546,-0.3919999999999999,0.40480031375100334,0.31156811288515956,-0.26456062596225033
pseudo,tabula_sapiens_Large_Intestine,emeth,0.9023491869342462,0.7319999999999998,0.08337848002221097,0.06462282910153246,0.8948546802333155
pseudo,tabula_sapiens_Large_Intestine,rna-sieve,0.9244427980335568,0.768,0.12713978645565263,0.10962321964500091,0.9180327138268354
pseudo,tabula_sapiens_Large_Intestine,countbridges,0.9077811580138333,0.7789999999999998,0.12449771526788878,0.10918156326859385,0.9132150434645011
pseudo,tabula_sapiens_Large_Intestine,nusvr,0.8796264248232386,0.7197208159927235,0.08841490574140835,0.0686400244417869,0.8806586894815377
pseudo,tabula_sapiens_Large_Intestine,daism,0.6545816244235297,0.262,0.5069306414007855,0.4722211230671185,0.6349471203605608
pseudo,tabula_sapiens_Large_Intestine,immucellai,0.8649031066709165,0.7153377185771067,0.2855488607002299,0.22274045286105823,0.8747803510188892
pseudo,tabula_sapiens_Large_Intestine,deseq2,0.9444949211868385,0.768,0.08379545770572609,0.06769852101867159,0.9363769899512795
pseudo,tabula_sapiens_Large_Intestine,mixture,0.8296962052778211,0.7348378851323853,0.12163683879410216,0.10058790628622039,0.8343915505507861
pseudo,tabula_sapiens_Large_Intestine,hspe,0.5102763599391418,0.09100000000000001,0.3815636002979297,0.2952820207145853,0.686982830835908
pseudo,tabula_sapiens_Large_Intestine,prede,0.6786472143593827,0.6875652789907698,0.1780705197437995,0.1585550443444709,0.7440105249729356
pseudo,tabula_sapiens_Large_Intestine,bisqueref,0.7984922103997234,0.3779999999999999,0.124051364085808,0.09842200846557293,0.7899849136371249
pseudo,tabula_sapiens_Large_Intestine,dsa,0.3752585210304896,0.13440316412315517,0.40645889699214705,0.31473888848102816,0.3837463701558959
pseudo,tabula_sapiens_Large_Intestine,demixt,0.07477262239406426,-0.10400000000000001,0.1639735225941442,0.1367648485578888,0.04800706775271797
pseudo,tabula_sapiens_Large_Intestine,decompress,-0.13177413239297658,0.3708911742787832,0.2590882503347482,0.20992969751253102,-0.23139512863606587
pseudo,tabula_sapiens_Large_Intestine,aric,0.8882863843940513,0.7589999999999998,0.0740824010705596,0.0565095702097682,0.8730716763991605
pseudo,tabula_sapiens_Large_Intestine,deconvseq,0.41550926367301166,0.483,0.16225536096467358,0.13679229088688669,0.4165024597206627
pseudo,tabula_sapiens_Large_Intestine,bayesprism,0.8491178273238207,0.7569999999999998,0.15611021570999933,0.13178739512045218,0.8991772217564895
pseudo,tabula_sapiens_Large_Intestine,sweetwater,0.48864918946483177,0.472,0.10232912139927239,0.07898817731642022,0.42990685876527535
pseudo,tabula_sapiens_Large_Intestine,toast,0.7349895525800658,0.239,0.1811390393898384,0.14943127859224084,0.7250453271504446
pseudo,tabula_sapiens_Large_Intestine,geneformer/longer,0.385818746472045,0.3379999999999999,0.0981191630726531,0.07867822059265298,0.35766460044470155
pseudo,tabula_sapiens_Large_Intestine,geneformer/wider,0.3275906701213261,0.23799999999999996,0.1148447855170529,0.09334174355120504,0.2796440379268432
pseudo,tabula_sapiens_Large_Intestine,geneformer/realbulk,0.3956380533352641,0.429,0.09609547219132983,0.07696102314331973,0.3829759110224232
pseudo,tabula_sapiens_Large_Intestine,geneformer/finetune,0.8985735724863402,0.6679999999999998,0.0856094299337364,0.06613332351871934,0.8765371655738303
pseudo,tabula_sapiens_Large_Intestine,geneformer/default,0.24017040291676003,0.228,0.10343651603242414,0.08230552280139641,0.2525456053580988
pseudo,tabula_sapiens_Large_Intestine,dtangle,0.9606491361043027,0.76,0.05936438988912228,0.04731248748642875,0.9493985477034821
pseudo,tabula_sapiens_Large_Intestine,ols,0.7801390190115194,0.6795393006386843,0.10406968257542112,0.08861321103708147,0.7917014355472689
pseudo,tabula_sapiens_Large_Intestine,epic,0.6910582499341086,0.6229999999999998,0.15752682795394818,0.13140283471005146,0.7072443814123265
pseudo,tabula_sapiens_Large_Intestine,bisquemarker,0.7059577346798591,0.6990061156615002,0.2090832857625341,0.1587817691752173,0.8611779051219202
pseudo,tabula_sapiens_Large_Intestine,baycount,0.14054669696708186,0.16399999999999995,0.10699587129720578,0.08565296909727971,0.15168172048223555
pseudo,tabula_sapiens_Large_Intestine,deconf,-0.39100142443928787,-0.4096428809364682,0.22613764109917045,0.18530840763805045,-0.4013521191876791
pseudo,tabula_sapiens_Large_Intestine,adroit,0.9376018093128355,0.6679999999999999,0.09374818314172272,0.07408476261456799,0.933322152232102
pseudo,tabula_sapiens_Large_Intestine,mcpcounter,0.3821564692605712,0.5619999999999999,3.329570344195745,3.3168187421664292,0.3535449407767824
pseudo,tabula_sapiens_Large_Intestine,music,0.9478302785949507,0.7659999999999999,0.061866508210525625,0.05040490339965801,0.9395099303564936
pseudo,tabula_sapiens_Large_Intestine,ridge,0.7801962569966996,0.6795393006386843,0.10406500100803029,0.0886106425784613,0.7917735046159895
pseudo,tabula_sapiens_Large_Intestine,mysort,0.8297513319377101,0.7214676103375328,26.87697285947393,19.806338840172508,0.8296029740386264
pseudo,tabula_sapiens_Large_Intestine,lindeconseq,0.8571037040377535,0.7165846794771944,0.1175237923153239,0.09734409815417736,0.8615817192668949
pseudo,tabula_sapiens_Large_Intestine,quantiseq,0.8047791147210928,0.685811696105936,0.12348459047863362,0.09879901671168544,0.8213449130524062
pseudo,tabula_sapiens_Large_Intestine,scaden,0.9153597681856109,0.769,0.08324098473897393,0.06718765665312651,0.93539147435066
pseudo,tabula_sapiens_Large_Intestine,mixupvi,0.7694736137338147,0.6711821815751527,0.10705607203720159,0.09082374840212364,0.7808521229612142
pseudo,tabula_sapiens_Large_Intestine,autogenes,0.6929403648921427,0.637994965023282,0.13580754550742874,0.11296341718308747,0.6644210655185665
pseudo,tabula_sapiens_Large_Intestine,tape,0.7012430482243195,0.4719999999999998,0.09969636690311277,0.07971452795297884,0.7494572369482932
pseudo,cellxgene_Primary_Auditory_Cortex,recide,0.1077535662749604,0.40364469632943734,0.08135289957283093,0.05530728380998657,0.10378028862241505
pseudo,cellxgene_Primary_Auditory_Cortex,fardeep,0.7907342442554247,0.8814905756697291,0.02064311849540751,0.01507902410147522,0.7826984284294184
pseudo,cellxgene_Primary_Auditory_Cortex,methylresolver,0.7403980372949234,0.5173062204631351,0.04842861287007808,0.03804428563813018,0.7517484649717262
pseudo,cellxgene_Primary_Auditory_Cortex,deconrnaseq,0.5196177506235062,0.5390200400520059,0.09225160979210817,0.05518668586125424,0.5453659709955967
pseudo,cellxgene_Primary_Auditory_Cortex,cibersortx,0.786246695618131,0.8168305373638235,0.02501646209285174,0.019616359305811213,0.7884723948408574
pseudo,cellxgene_Primary_Auditory_Cortex,scdc,0.4823242596938112,0.4376153827548555,0.0781650824084712,0.055694228048675354,0.4852519699828155
pseudo,cellxgene_Primary_Auditory_Cortex,squid,0.0,0.0,0.04476744275518097,0.03560362187028539,0.0
pseudo,cellxgene_Primary_Auditory_Cortex,momf,0.2737897968032435,-0.42543203640116134,0.24120896026253344,0.1118932958988823,0.27700348769274497
pseudo,cellxgene_Primary_Auditory_Cortex,deconpeaker,0.678486314397277,0.6458101415204076,0.04001658991723283,0.030870326157681358,0.7035844559416031
pseudo,cellxgene_Primary_Auditory_Cortex,demixsc,0.5313562728522155,0.4985351101699178,0.07402906876390063,0.05161923701497127,0.5538782346466751
pseudo,cellxgene_Primary_Auditory_Cortex,diffformer,0.5313562728522164,0.4985351101699178,0.07402906876390052,0.051619237014971224,0.5538782346466751
pseudo,cellxgene_Primary_Auditory_Cortex,refactor,-0.28175415293101913,-0.0891547866332509,0.1187133677050321,0.07981222732597745,-0.3018655440910173
pseudo,cellxgene_Primary_Auditory_Cortex,cpm,0.7688422089904015,0.28630985994067454,0.042062015585522396,0.03342079008087462,0.7588770146043265
pseudo,cellxgene_Primary_Auditory_Cortex,dwls,0.9583687528719566,0.9269736609623429,0.014620347051960093,0.010814441707594718,0.9513293070289156
pseudo,cellxgene_Primary_Auditory_Cortex,deconica,-0.061633364191204,-0.09478280234084048,0.10710337102675727,0.07339740103798141,-0.03571043986721161
pseudo,cellxgene_Primary_Auditory_Cortex,bayice,0.5678362311003762,0.43091216619398187,0.05334040705049235,0.03950904983962845,0.5797345714856306
pseudo,cellxgene_Primary_Auditory_Cortex,nnls,0.531356252370436,0.4985351101699178,0.07402906771863739,0.05161923634266201,0.5538782346466751
pseudo,cellxgene_Primary_Auditory_Cortex,nitumid,0.8715938263428314,0.39463422719665653,0.0449827285047901,0.033465376403898774,0.8550762564993925
pseudo,cellxgene_Primary_Auditory_Cortex,linseed,0.029920026443779956,-0.05206087787918956,0.07656335576208251,0.05850520999682171,0.026780210423498332
pseudo,cellxgene_Primary_Auditory_Cortex,emeth,0.7585765161562786,0.7542435304948566,0.028932923568793317,0.022424056402251986,0.7639372553866043
pseudo,cellxgene_Primary_Auditory_Cortex,rna-sieve,0.9524206591404218,0.7469176473229754,0.03833845830848944,0.027835723074770807,0.9472141700712672
pseudo,cellxgene_Primary_Auditory_Cortex,countbridges,0.9176477641892254,0.6872710645999774,0.04033578545906051,0.030303428014196193,0.9143126878348669
pseudo,cellxgene_Primary_Auditory_Cortex,scgpt/da,0.6874622838913013,0.8167665456227227,0.02190831381588507,0.017602018551740973,0.6878559755604255
pseudo,cellxgene_Primary_Auditory_Cortex,scgpt/mmd,0.6806749898645749,0.8198117803003724,0.02275036171828887,0.018070442117330884,0.6671735389538068
pseudo,cellxgene_Primary_Auditory_Cortex,scgpt/lr_7e5,0.6722970410080049,0.8309629455506833,0.02230251693138771,0.01735433730996206,0.6551619524054968
pseudo,cellxgene_Primary_Auditory_Cortex,scgpt/finetune,0.6726964937106481,0.8387224158268326,0.021561468581846235,0.016606703649551777,0.6691182888790141
pseudo,cellxgene_Primary_Auditory_Cortex,scgpt/frozen,0.07735131278405162,0.2132188075289111,0.044289534149129596,0.03511685394181397,0.0632980221221576
pseudo,cellxgene_Primary_Auditory_Cortex,nusvr,0.7817622628089168,0.81246188278832,0.024683224634259846,0.019041342406962966,0.7855427595473524
pseudo,cellxgene_Primary_Auditory_Cortex,daism,0.730074685382904,-0.1770991696566658,0.05889379407411166,0.05099868622584281,0.7162348465811157
pseudo,cellxgene_Primary_Auditory_Cortex,immucellai,0.8390424407853552,0.8875558232910511,0.02019871925968696,0.014451197466667641,0.8281846016284686
pseudo,cellxgene_Primary_Auditory_Cortex,deseq2,0.9753260252899071,0.9530753536507519,0.010543584620790742,0.008628242043886444,0.9652581145946515
pseudo,cellxgene_Primary_Auditory_Cortex,mixture,0.7209935464254547,0.8073792899429572,0.029745068704326767,0.023909721806311412,0.7297228568123099
pseudo,cellxgene_Primary_Auditory_Cortex,hspe,0.48289175694784126,-0.06830824225147833,0.16525321608625185,0.09669221693178287,0.5518621624361636
pseudo,cellxgene_Primary_Auditory_Cortex,prede,0.736170813298737,0.7132001930945723,0.036810067628873226,0.03006691306422707,0.7357874569427627
pseudo,cellxgene_Primary_Auditory_Cortex,bisqueref,0.7892205675407695,0.6865810301169405,0.03725292478105195,0.028662028624923053,0.7640781937114102
pseudo,cellxgene_Primary_Auditory_Cortex,dsa,0.528436332681754,0.10763837369989637,0.06746277760279483,0.05066153143476539,0.5232940615911292
pseudo,cellxgene_Primary_Auditory_Cortex,demixt,0.09815880802738544,0.3483500948704173,0.07454412133633428,0.05146681050584445,0.1700281015960662
pseudo,cellxgene_Primary_Auditory_Cortex,decompress,-0.02020371258369278,-0.06120887113308993,0.10998920640026139,0.0826118582956228,-0.016912762690325586
pseudo,cellxgene_Primary_Auditory_Cortex,aric,0.9413341480644323,0.9421719842878983,0.011808124837797921,0.009723435104869428,0.9350765962391703
pseudo,cellxgene_Primary_Auditory_Cortex,deconvseq,0.045670919829193114,0.23173784566164687,0.05103338754911193,0.03733075483078072,0.11970471609747599
pseudo,cellxgene_Primary_Auditory_Cortex,scgpt_lora/default,0.6978558968095219,0.9057145875936804,0.014944919385015965,0.010651029646396637,0.6981939705855981
pseudo,cellxgene_Primary_Auditory_Cortex,bayesprism,0.7383003891146258,0.6159566290445696,0.05248517335357576,0.039366974349604685,0.7629034746553778
pseudo,cellxgene_Primary_Auditory_Cortex,sweetwater,-0.010174901850825556,-0.018083050226301,0.045158147583618975,0.035323124918091024,-4.694616716700279e-05
pseudo,cellxgene_Primary_Auditory_Cortex,toast,0.6979280237723786,0.09763069936146991,0.10569668730820049,0.07868318264722335,0.6706961207179218
pseudo,cellxgene_Primary_Auditory_Cortex,geneformer/longer,0.17209085909685573,0.22092097790223403,0.04421197618827494,0.034779614348168134,0.1615945842821081
pseudo,cellxgene_Primary_Auditory_Cortex,geneformer/wider,0.06774785891750433,0.06846032081623901,0.04583723132363672,0.036679416660741024,0.0663219051003827
pseudo,cellxgene_Primary_Auditory_Cortex,geneformer/finetune_pb5k,0.7449307492128768,0.8127254084897833,0.021881907081285065,0.018076597197146885,0.7516652007552029
pseudo,cellxgene_Primary_Auditory_Cortex,geneformer/realbulk,0.18560244021041833,0.3234179668299702,0.0421539619023719,0.03300953016443557,0.1953876235123243
pseudo,cellxgene_Primary_Auditory_Cortex,geneformer/finetune,0.7009869598634277,0.7070776838589344,0.027973575768279014,0.022696830369551918,0.7049544511473139
pseudo,cellxgene_Primary_Auditory_Cortex,geneformer/default,0.010471844474382411,0.0330392418772569,0.045728308192119586,0.03625013124460625,-0.0042936356630232965
pseudo,cellxgene_Primary_Auditory_Cortex,dtangle,0.8536514329299544,0.6350418962002273,0.037818971889189555,0.030357913517525134,0.8361909945546832
pseudo,cellxgene_Primary_Auditory_Cortex,transcriptformer/progressive4,0.3267899007896033,0.06233897109822362,0.2053719146287024,0.09701689772320876,0.35217974209057235
pseudo,cellxgene_Primary_Auditory_Cortex,transcriptformer/longer,0.4276660923783411,0.23375279155348389,0.15615289661555906,0.07966680728509537,0.42533718945607296
pseudo,cellxgene_Primary_Auditory_Cortex,transcriptformer/progressive3,0.36602389460976725,0.12996905292884026,0.2058472368936198,0.0968401857232626,0.37612973363827557
pseudo,cellxgene_Primary_Auditory_Cortex,transcriptformer/finetune,0.4507668202716871,0.1506892691828248,0.11446933994443573,0.07669127256673566,0.4554682166412612
pseudo,cellxgene_Primary_Auditory_Cortex,transcriptformer/default,0.4385194503007702,0.18135134473567896,0.10262051820236831,0.06774593085606742,0.43383378326927796
pseudo,cellxgene_Primary_Auditory_Cortex,ols,0.740395166897835,0.5173062204631351,0.048428379224341664,0.03804626668091461,0.7517534090905537
pseudo,cellxgene_Primary_Auditory_Cortex,epic,0.5603494826870651,0.5503209558839112,0.07603428663810097,0.05276710627756878,0.5822583336946786
pseudo,cellxgene_Primary_Auditory_Cortex,bisquemarker,0.5988034262271138,0.4200142013708357,0.07816926334149729,0.055174104408527505,0.723046354934879
pseudo,cellxgene_Primary_Auditory_Cortex,deconf,0.03919704355130443,0.23973292816137612,0.0779171247159523,0.06032593540945284,0.04665483346622563
pseudo,cellxgene_Primary_Auditory_Cortex,adroit,0.9033477032955581,0.9444401973006882,0.011455623897493135,0.009584885891927367,0.904143913223977
pseudo,cellxgene_Primary_Auditory_Cortex,mcpcounter,0.7416557469606339,0.5352098676311602,0.04100508513176406,0.032405513866954484,0.721919734558349
pseudo,cellxgene_Primary_Auditory_Cortex,music,0.8948708455632195,0.9063115144249193,0.015432229068450763,0.012292724860844293,0.9167725118075635
pseudo,cellxgene_Primary_Auditory_Cortex,stack/progressive4,0.29526259448549874,0.07412566793919483,0.13317881328191064,0.07538427241999425,0.31864102167597386
pseudo,cellxgene_Primary_Auditory_Cortex,stack/longer,0.23330895534233576,-0.026298061882744903,0.10188051828628873,0.0739070209721916,0.2631946042516137
pseudo,cellxgene_Primary_Auditory_Cortex,stack/wider,0.212838991337556,0.006864994536842826,0.12565760681621124,0.08237556174823195,0.2290232870178731
pseudo,cellxgene_Primary_Auditory_Cortex,stack/progressive3,0.2644279765044689,0.025844715522234107,0.1395621898639392,0.08176657335061294,0.30218424649332093
pseudo,cellxgene_Primary_Auditory_Cortex,stack/default,0.22348705959364948,-0.03233617334459423,0.10890202780693167,0.06723752260781264,0.22929753062727445
pseudo,cellxgene_Primary_Auditory_Cortex,ridge,0.7403980319582353,0.5173062204631351,0.04842861288039497,0.03804428511032353,0.7517484649717262
pseudo,cellxgene_Primary_Auditory_Cortex,mysort,0.7461874360446453,0.8018779440044388,0.026367021023878258,0.020729232840437158,0.7355035816213771
pseudo,cellxgene_Primary_Auditory_Cortex,lindeconseq,0.7896694572809672,0.8196576997835497,0.024093101363719466,0.01867332283064932,0.7926077087114483
pseudo,cellxgene_Primary_Auditory_Cortex,quantiseq,0.5311457636550204,0.5381134899911264,0.08020808863641614,0.05326917054153949,0.5485433251196009
pseudo,cellxgene_Primary_Auditory_Cortex,scaden,0.6766410065981654,0.6819457365535533,0.03038388059540958,0.02397680630243085,0.6862798598991952
pseudo,cellxgene_Primary_Auditory_Cortex,mixupvi,0.5313562728522164,0.4985351101699178,0.07402906876390052,0.051619237014971224,0.5538782346466751
pseudo,cellxgene_Primary_Auditory_Cortex,scfoundation/default,0.46892058822204674,0.5408976038239051,0.047223251969390395,0.036792199645925436,0.4922168301720928
pseudo,cellxgene_Primary_Auditory_Cortex,autogenes,0.6765252683584063,0.585966958670039,0.04305277990337724,0.0344998576942601,0.6691821940284105
pseudo,cellxgene_Primary_Auditory_Cortex,tape,0.23405288474910071,0.009878248013609654,0.05748181150792131,0.04647741686256021,0.22275280802345665
pseudo,tabula_sapiens_Skin,recide,0.6571829735509918,0.3130112258262322,0.13178695089921982,0.08895735207941038,0.6749330831771704
pseudo,tabula_sapiens_Skin,fardeep,0.6796931995508075,0.34048727629805664,0.10634774584136082,0.08550110031886102,0.6976314979001232
pseudo,tabula_sapiens_Skin,methylresolver,0.6435007344727558,0.1974550986932938,0.15136869784910906,0.10511223095701003,0.6621620072577966
pseudo,tabula_sapiens_Skin,deconrnaseq,0.5319366513742103,0.5952224502153325,0.07276672876103502,0.057797907970191215,0.5515189534151519
pseudo,tabula_sapiens_Skin,cibersortx,0.7927636066292932,0.6454465187501064,0.09585344747872958,0.06848767729807914,0.7894531869775738
pseudo,tabula_sapiens_Skin,scdc,0.5110719304786115,-0.07497718791792743,0.20220845633801846,0.14938708048922822,0.5183650027267996
pseudo,tabula_sapiens_Skin,squid,0.0,0.0,0.10904085523061713,0.08226123120355687,0.0
pseudo,tabula_sapiens_Skin,momf,0.7141038493867031,-0.016383882411710193,0.1763986112099411,0.14011861264791348,0.7304931013737986
pseudo,tabula_sapiens_Skin,deconpeaker,0.5795781644534304,0.28459873007172387,0.11011995182364298,0.08276761492123887,0.620593195526989
pseudo,tabula_sapiens_Skin,demixsc,0.5674752381143364,0.19023439687223284,0.1470994526834213,0.10411414967880389,0.5788169820780305
pseudo,tabula_sapiens_Skin,diffformer,0.5674752381143359,0.19023439687223284,0.14709945268342148,0.10411414967880392,0.5788169820780305
pseudo,tabula_sapiens_Skin,refactor,0.30728095863016214,0.26987963903120404,0.17473704056152164,0.12086129573958061,0.26697225086322474
pseudo,tabula_sapiens_Skin,cpm,0.7210866624185479,0.4216666666666668,0.09457192201234699,0.07095222926358032,0.6949645732457126
pseudo,tabula_sapiens_Skin,dwls,0.8958516689515681,0.859047619047619,0.04375071798634812,0.03509204322232635,0.8913003502520989
pseudo,tabula_sapiens_Skin,deconica,-0.014796870861359127,0.09322480844647765,0.1984553788969366,0.14565630057372383,0.014419453723223908
pseudo,tabula_sapiens_Skin,bayice,0.6515424247503976,0.721904761904762,0.08218002594453316,0.056655636949231175,0.6262309254095666
pseudo,tabula_sapiens_Skin,nnls,0.5674752643346451,0.19023439687223284,0.14709945295187848,0.10411414874810296,0.5788169820780305
pseudo,tabula_sapiens_Skin,nitumid,0.8839464707430418,0.9104761904761908,0.05690866770009338,0.03739918870505359,0.8785950652294614
pseudo,tabula_sapiens_Skin,linseed,-0.04918129585218401,-0.1119047619047619,0.15649480993130588,0.12973600529652912,-0.08542188512090687
pseudo,tabula_sapiens_Skin,emeth,0.7484680136324956,0.6947111413954609,0.09170861699048374,0.06511470889700774,0.7303580825854966
pseudo,tabula_sapiens_Skin,rna-sieve,0.9146679472851958,0.844224582245307,0.05109931007028264,0.041482021627581384,0.9259292421820314
pseudo,tabula_sapiens_Skin,countbridges,0.8843619736673737,0.7461904761904762,0.06472434728067426,0.05228459313889477,0.8805758800560821
pseudo,tabula_sapiens_Skin,debcam,0.03688775727908887,0.05785714285714286,0.25055636622252725,0.19559407477575427,0.06217665023629751
pseudo,tabula_sapiens_Skin,nusvr,0.8155048153506784,0.6609670396692066,0.09350389664325519,0.06700711536868753,0.8097447358889397
pseudo,tabula_sapiens_Skin,daism,0.528098552002821,0.22476190476190483,0.12020967678684025,0.08565090055722661,0.5509836492398501
pseudo,tabula_sapiens_Skin,immucellai,0.7602952150743092,0.7263824566789413,0.06058780808584344,0.04505460802330162,0.7519595181398366
pseudo,tabula_sapiens_Skin,deseq2,0.9021596580114911,0.8689864870072117,0.04017446582479175,0.03255249599691687,0.901955590529422
pseudo,tabula_sapiens_Skin,mixture,0.77265429124727,0.5655562755578039,0.08514677989103481,0.06908137295051267,0.7752361515222999
pseudo,tabula_sapiens_Skin,hspe,0.5487117958920728,0.08500000000000002,0.3333775759189415,0.21239229091833012,0.7269457158721273
pseudo,tabula_sapiens_Skin,prede,0.4967466753049005,0.58159538934405,0.09575697596203427,0.08041490373795543,0.547856854219843
pseudo,tabula_sapiens_Skin,bisqueref,0.7238354020375333,0.6397619047619046,0.07450013677163998,0.057545310718473415,0.7017804067062448
pseudo,tabula_sapiens_Skin,dsa,0.3441049192176672,-0.1420569610409155,0.2358413477925413,0.1685679278403962,0.3419401424374119
pseudo,tabula_sapiens_Skin,demixt,-0.1579679657710148,0.013906576039516593,0.19975157234979213,0.1530704611757108,-0.10163391278232266
pseudo,tabula_sapiens_Skin,decompress,-0.09255247444571281,0.06253465937936642,0.158893625132849,0.13103117062439917,-0.08345662556788912
pseudo,tabula_sapiens_Skin,aric,0.7941765109117699,0.8004150584357832,0.07106935338774406,0.05200712859117975,0.771540734192055
pseudo,tabula_sapiens_Skin,deconvseq,0.33227612955666996,0.5126190476190478,0.10903985871459446,0.08226061217052649,0.3318297746945399
pseudo,tabula_sapiens_Skin,bayesprism,0.7976320898110258,0.735952380952381,0.05546079839167303,0.04386548315831564,0.8003702851208836
pseudo,tabula_sapiens_Skin,sweetwater,0.1432548306014757,-0.004523809523809517,0.10876400400421969,0.08224165473859911,0.15423686199761
pseudo,tabula_sapiens_Skin,toast,0.6731584717241614,0.5128571428571429,0.11784602385514412,0.09278461878945216,0.6731668682985135
pseudo,tabula_sapiens_Skin,geneformer/longer,0.33359927241638554,0.5478571428571428,0.08480880663879174,0.06368604986219711,0.31341313083888184
pseudo,tabula_sapiens_Skin,geneformer/wider,0.2893688003264092,0.5366666666666667,0.082340009261137,0.06256494429893811,0.2587961200649175
pseudo,tabula_sapiens_Skin,geneformer/finetune,0.7609160175963608,0.8364285714285714,0.04935982451106054,0.03718430248162148,0.731815259671911
pseudo,tabula_sapiens_Skin,geneformer/default,0.22300868011589808,0.2700000000000001,0.09707547982490267,0.0751378220004607,0.22446336771317513
pseudo,tabula_sapiens_Skin,dtangle,0.9336643294328861,0.8007142857142859,0.07118573753482184,0.05213561824718277,0.913082176696594
pseudo,tabula_sapiens_Skin,ols,0.6435024908364203,0.1974550986932938,0.1513807919681536,0.10511941868015684,0.6621620072577966
pseudo,tabula_sapiens_Skin,epic,0.6309394794922563,0.3792857142857143,0.09924901210979283,0.08539838294155254,0.6443001110523485
pseudo,tabula_sapiens_Skin,bisquemarker,0.6786875480572381,0.42426460852861,0.15872824767411878,0.11356294858147159,0.8243336870439034
pseudo,tabula_sapiens_Skin,baycount,0.05032611505158794,-0.09666666666666668,0.11100504192008705,0.0841857423419057,0.049230106905800326
pseudo,tabula_sapiens_Skin,deconf,-0.08745680951474613,0.22771521422542068,0.14672426902456207,0.1162595117010415,-0.07822271435635389
pseudo,tabula_sapiens_Skin,adroit,0.8073387224692917,0.7853580519628776,0.0768363150116481,0.06286193187613663,0.810958065590861
pseudo,tabula_sapiens_Skin,mcpcounter,0.7714893309141326,0.5804761904761906,0.09415598589607822,0.06887432670662011,0.7594408210369389
pseudo,tabula_sapiens_Skin,music,0.8580040501460178,0.7683333333333334,0.061728167036506555,0.04859000537229019,0.8509918031245698
pseudo,tabula_sapiens_Skin,ridge,0.6435007386593141,0.1974550986932938,0.15136869802203035,0.10511222993987271,0.6621620072577966
pseudo,tabula_sapiens_Skin,mysort,0.7835942836762927,0.5465511983648558,0.0849367557494876,0.06902368725117784,0.7619882160525246
pseudo,tabula_sapiens_Skin,lindeconseq,0.8142337646809494,0.4544691146884547,0.09250690397703787,0.07605107116872525,0.8184332568369543
pseudo,tabula_sapiens_Skin,quantiseq,0.6359747285502216,0.551826302953305,0.08098278279199908,0.06617318679059046,0.6518880747379039
pseudo,tabula_sapiens_Skin,scaden,0.8099859493056092,0.5288095238095238,0.08026006498190201,0.05678483478225071,0.8187624325619249
pseudo,tabula_sapiens_Skin,mixupvi,0.567475238114336,0.19023439687223284,0.14709945268342148,0.10411414967880392,0.5788169820780305
pseudo,tabula_sapiens_Skin,autogenes,0.6941138678009944,0.7259233811297908,0.07064896290644641,0.05769342645728538,0.6866379210930219
pseudo,tabula_sapiens_Skin,tape,0.31414536808427646,0.5085714285714286,0.11274327843009548,0.08286683741474914,0.31430937289019123
pseudo,tabula_sapiens_Muscle,recide,0.8288479977784333,0.5992072369314922,0.061714232056642566,0.04491011830569953,0.857337690667902
pseudo,tabula_sapiens_Muscle,fardeep,0.7872380379027817,0.8123610320984572,0.04261914223352567,0.03339532193595351,0.7794473585678243
pseudo,tabula_sapiens_Muscle,methylresolver,0.7208370684625278,0.4492837339058042,0.08489612667219788,0.06515876126456074,0.7164747749194477
pseudo,tabula_sapiens_Muscle,deconrnaseq,0.7296668682201137,0.7451565336137059,0.07126519136663381,0.046248580447650296,0.7457151952169675
pseudo,tabula_sapiens_Muscle,cibersortx,0.7885780136560615,0.5868945965454013,0.06988985395923486,0.051652708120822656,0.7880604067748571
pseudo,tabula_sapiens_Muscle,scdc,0.6964803384171027,0.5701415969713487,0.06849453747400629,0.05346912297072419,0.6603641190565155
pseudo,tabula_sapiens_Muscle,squid,nan,nan,0.0860977987874221,0.06795410124277461,nan
pseudo,tabula_sapiens_Muscle,momf,0.30331791808009306,0.11373373377481139,0.19189765883674154,0.12861278989771316,0.2802415698741619
pseudo,tabula_sapiens_Muscle,deconpeaker,0.7354058566187832,0.5461030432044874,0.0702768836851586,0.04828838690683596,0.736637722623237
pseudo,tabula_sapiens_Muscle,demixsc,0.6742844701805825,0.3816667637899422,0.09562885246856276,0.0767151601650329,0.6717670676694729
pseudo,tabula_sapiens_Muscle,diffformer,0.6742844701805821,0.3816667637899422,0.09562885246856276,0.0767151601650329,0.6717670676694729
pseudo,tabula_sapiens_Muscle,refactor,-0.5685354095142892,-0.2714421642397348,0.20684513506090377,0.1377348649904642,-0.6321727765694819
pseudo,tabula_sapiens_Muscle,cpm,0.5995491620127366,0.39363776345017887,0.07336979834163343,0.05539197287162977,0.5690244585638483
pseudo,tabula_sapiens_Muscle,dwls,0.9087879071538353,0.7970257084517174,0.03944651102549259,0.027516257195910044,0.8979992972651398
pseudo,tabula_sapiens_Muscle,deconica,-0.021301353034451,-0.038181150761616364,0.1666777606917825,0.12284574032615826,-0.0001901108963355282
pseudo,tabula_sapiens_Muscle,bayice,0.4813656553115027,0.3027187731366568,0.10908037943185349,0.0751502707272416,0.48983646054016794
pseudo,tabula_sapiens_Muscle,nnls,0.6742844828510838,0.3816667637899422,0.09562884933573293,0.07671515833570426,0.6717670676694729
pseudo,tabula_sapiens_Muscle,nitumid,0.7279191485397227,0.23296169841872402,0.08933713894251682,0.07062019216720704,0.7021282364132555
pseudo,tabula_sapiens_Muscle,linseed,0.042384982633928835,-0.5782942888800611,0.18115998862918492,0.14371473637270005,0.0742751708790636
pseudo,tabula_sapiens_Muscle,emeth,0.6608394854934471,0.8468952975011242,0.04025428289460394,0.030055176860365053,0.6258894884358119
pseudo,tabula_sapiens_Muscle,rna-sieve,0.8505432787611652,0.6904982804602944,0.05694274636241991,0.03890458468915598,0.8513669219299881
pseudo,tabula_sapiens_Muscle,countbridges,0.8471332223359653,0.6426132484381754,0.058024122165659164,0.04174551118668737,0.8542331134051426
pseudo,tabula_sapiens_Muscle,nusvr,0.7903186146559686,0.5858122091818795,0.06983447631670874,0.051582246117834345,0.7942615134288847
pseudo,tabula_sapiens_Muscle,daism,0.6187271712305411,0.35323748358186635,0.08385028479532586,0.05877488549240981,0.58134504048847
pseudo,tabula_sapiens_Muscle,immucellai,0.7389984874276775,0.8858581869838127,0.03204213320240773,0.023951273069218862,0.7127925523792393
pseudo,tabula_sapiens_Muscle,deseq2,0.8672329054712854,0.8866769723153274,0.03622065323377336,0.02713414266931726,0.8619248693296174
pseudo,tabula_sapiens_Muscle,mixture,0.8049093934481675,0.820117221492999,0.043744095672446436,0.03434512478500659,0.7993850133162688
pseudo,tabula_sapiens_Muscle,hspe,0.5534811676566288,0.2220764489132601,0.13813545016368342,0.09455892603745367,0.58311159263596
pseudo,tabula_sapiens_Muscle,prede,0.6203307756015813,0.3921070239859468,0.09549209766842442,0.0754999411605473,0.6187120255216544
pseudo,tabula_sapiens_Muscle,bisqueref,0.7833054717751534,0.7307703438171309,0.06683628991830043,0.04617091690082145,0.7736184622451447
pseudo,tabula_sapiens_Muscle,dsa,0.4302437533967027,0.08746463529133505,0.16494109484598685,0.11330615051773683,0.42315429975403906
pseudo,tabula_sapiens_Muscle,demixt,0.15546253028239335,0.00536981265927691,0.10709382973016744,0.08572156791893805,0.16232207301362084
pseudo,tabula_sapiens_Muscle,decompress,0.005237496469908593,0.05053211384382514,0.18826499505885175,0.13193865935535573,0.022455623220905236
pseudo,tabula_sapiens_Muscle,aric,0.6851099722725409,0.7944718587599792,0.048169214111431415,0.037256486065134105,0.6635044892694775
pseudo,tabula_sapiens_Muscle,deconvseq,-0.03022515395817683,0.45678210885289483,0.09929039269562555,0.07048122790410136,-0.019508410140619683
pseudo,tabula_sapiens_Muscle,bayesprism,0.7725356662649052,0.7187758897669508,0.06306642140197971,0.0452905035275222,0.7977393110757096
pseudo,tabula_sapiens_Muscle,sweetwater,0.10880862897797895,0.1480595523287631,0.08613110293517262,0.0670137369286255,0.10050631832805806
pseudo,tabula_sapiens_Muscle,toast,0.5434139292445059,0.3812587855096578,0.24746450920719334,0.15482443344966237,0.550252534567524
pseudo,tabula_sapiens_Muscle,geneformer/longer,0.31457215492060037,0.30756903745017067,0.08396458815244105,0.06515357182053409,0.2812834354864988
pseudo,tabula_sapiens_Muscle,geneformer/wider,0.22467857740375272,0.2600949521579263,0.08147031431488998,0.06401713781522307,0.2097645470835694
pseudo,tabula_sapiens_Muscle,geneformer/finetune,0.7331121613539857,0.7934916045409399,0.04239018024906906,0.03141697547072982,0.7070165095126412
pseudo,tabula_sapiens_Muscle,geneformer/default,0.09410057252931957,0.022091582935411948,0.08668820683283693,0.06885848302794073,0.07061159250720411
pseudo,tabula_sapiens_Muscle,dtangle,0.8280834739228543,0.6710534889088687,0.06254883134496847,0.0485167238697175,0.8050566213356704
pseudo,tabula_sapiens_Muscle,ols,0.7208075987964616,0.4492837339058042,0.08490027415279904,0.06516105779722028,0.7164747749194477
pseudo,tabula_sapiens_Muscle,epic,0.7361364438335145,0.6275024367610373,0.060005405467926105,0.040651852226909486,0.7174245951799298
pseudo,tabula_sapiens_Muscle,bisquemarker,0.6092905915777195,0.3560588833502028,0.12334021496944507,0.09058573867533867,0.7539152776364542
pseudo,tabula_sapiens_Muscle,baycount,-0.04729664443941439,-0.08834383755477399,0.1184969610304917,0.09519053710021687,-0.023881963700198735
pseudo,tabula_sapiens_Muscle,deconf,-0.14104087427647674,-0.057809245830980543,0.13069748934697822,0.10602919680527574,-0.1494756583204065
pseudo,tabula_sapiens_Muscle,adroit,0.7498829546200851,0.5767212963372838,0.06872971080327733,0.05550414427619254,0.7629387796448107
pseudo,tabula_sapiens_Muscle,mcpcounter,0.6370739955213669,0.47672317871607744,0.08000418255003448,0.06274726618608896,0.605825749247706
pseudo,tabula_sapiens_Muscle,music,0.8060298624239537,0.6539873806385826,0.06288895127561171,0.04445402581988792,0.7915705675402717
pseudo,tabula_sapiens_Muscle,ridge,0.720837076556354,0.4492837339058042,0.08489612474240237,0.06515876049057069,0.7164747749194477
pseudo,tabula_sapiens_Muscle,mysort,0.8159844107100696,0.8256052290346924,0.04305278844328576,0.033770041833196686,0.8071650954541689
pseudo,tabula_sapiens_Muscle,lindeconseq,0.8688700775079131,0.8532370050037085,0.03892923209511815,0.030701218687341533,0.8653190422349616
pseudo,tabula_sapiens_Muscle,quantiseq,0.8205697659644254,0.6028959312378845,0.0620844554860581,0.044363925753273525,0.8352688161578311
pseudo,tabula_sapiens_Muscle,scaden,0.7297794968663552,0.7819494670931901,0.050841700153845204,0.03901463404828223,0.7232816376701455
pseudo,tabula_sapiens_Muscle,mixupvi,0.674284470180582,0.3816667637899422,0.09562885246856276,0.07671516016503291,0.6717670676694729
pseudo,tabula_sapiens_Muscle,autogenes,0.6491263340583792,0.4728790323522836,0.09968001290344186,0.06831327449089125,0.6530586104161437
pseudo,tabula_sapiens_Muscle,tape,0.4277821859160484,0.3620365401995623,0.10679419839954928,0.07224629688664994,0.38268209685465937
pseudo,tabula_sapiens_Lung,recide,0.9446789504664804,0.6,0.14631924805897759,0.1307810076170727,0.9464826482648264
pseudo,tabula_sapiens_Lung,fardeep,0.8034186839458012,0.74,0.05448019511743641,0.044696114656082926,0.7848053578513084
pseudo,tabula_sapiens_Lung,methylresolver,0.0,0.8660254037844385,0.1533242683803396,0.13706088862189805,0.0
pseudo,tabula_sapiens_Lung,deconrnaseq,0.606544568940295,0.9,0.15256058694306798,0.13642257614836464,0.5862986298629863
pseudo,tabula_sapiens_Lung,cibersortx,0.7365031342484798,0.9999999999999999,0.096926497507344,0.08444675164768052,0.6819681968196819
pseudo,tabula_sapiens_Lung,scdc,0.040896936847801386,0.8639934640057524,0.14795496277861617,0.13119046681489013,0.087068824299754
pseudo,tabula_sapiens_Lung,squid,nan,0.0,0.32965082265131784,0.3073835558225464,nan
pseudo,tabula_sapiens_Lung,momf,0.49004259639681463,-0.35,0.5724224934168984,0.4984856256452404,0.6391982778940938
pseudo,tabula_sapiens_Lung,deconpeaker,0.7757173865997551,0.9,0.21893363592985376,0.1953618386532466,0.7756375637563756
pseudo,tabula_sapiens_Lung,demixsc,0.0,0.8660254037844385,0.15332426838033963,0.13706088862189805,0.0
pseudo,tabula_sapiens_Lung,diffformer,0.0,0.8660254037844385,0.1533242683803396,0.13706088862189802,0.0
pseudo,tabula_sapiens_Lung,refactor,-0.6824452832979392,-0.056243556529821416,0.5212236156685846,0.3884530045962095,-0.6559875957498347
pseudo,tabula_sapiens_Lung,cpm,0.8120657338508623,0.6,0.0828220613377417,0.07110009243903559,0.7806380638063805
pseudo,tabula_sapiens_Lung,dwls,0.9767685004339458,0.945,0.18146664079060856,0.17024676555180085,0.9747814781478148
pseudo,tabula_sapiens_Lung,deconica,0.06558168604705768,0.135,0.40761296055537266,0.30009145258022735,-0.001761922558558666
pseudo,tabula_sapiens_Lung,bayice,0.8387878865692152,0.9,0.1500662668005161,0.1151676276088676,0.8515331533153314
pseudo,tabula_sapiens_Lung,nnls,0.0,0.8660254037844385,0.1533242683803396,0.13706088862189802,0.0
pseudo,tabula_sapiens_Lung,nitumid,0.9847744227669207,0.87,0.1334856583405423,0.12360575298078398,0.9825662566256623
pseudo,tabula_sapiens_Lung,linseed,-0.4666271886094058,-0.51,0.4215498979263492,0.3655351021739255,-0.4664866486648665
pseudo,tabula_sapiens_Lung,emeth,0.6373529227787862,0.9,0.11812358860510963,0.10844993051821812,0.628106810681068
pseudo,tabula_sapiens_Lung,rna-sieve,0.9476924443407001,0.9,0.08099617981975635,0.07036003160307397,0.9455865586558655
pseudo,tabula_sapiens_Lung,countbridges,0.9759823284967027,0.855,0.11122560447413231,0.0988143739670091,0.9723052305230523
pseudo,tabula_sapiens_Lung,debcam,0.07243922492888548,0.6,0.15480292105806814,0.13430988313538797,0.06617061706170617
pseudo,tabula_sapiens_Lung,nusvr,0.6330017719118618,0.9,0.10425077501018086,0.09365228104575564,0.621062106210621
pseudo,tabula_sapiens_Lung,daism,0.44474072063333264,0.7,1.1922383384029347,0.9527690104973203,0.44346434643464344
pseudo,tabula_sapiens_Lung,immucellai,0.971405546590105,0.3086602540378444,0.3966373699025932,0.23898779396281847,0.9777192045870047
pseudo,tabula_sapiens_Lung,deseq2,0.9638487959304807,0.9,0.181265615439815,0.1588374967626562,0.9646244624462444
pseudo,tabula_sapiens_Lung,mixture,0.566829667644999,0.9,0.11710459644687203,0.10490887594892641,0.5599039903990398
pseudo,tabula_sapiens_Lung,hspe,0.5505691553962565,-0.6,0.6868620419433955,0.5852982456628356,0.656037603760376
pseudo,tabula_sapiens_Lung,prede,0.8904049286796972,0.885,0.2477268734000808,0.21819767076209917,0.8903610361036103
pseudo,tabula_sapiens_Lung,bisqueref,0.7301490982945541,0.835,0.120639332256501,0.10465229352763439,0.705958595859586
pseudo,tabula_sapiens_Lung,dsa,0.7103563490408454,-0.6,0.5256104116103797,0.4888345835185155,0.7058705870587058
pseudo,tabula_sapiens_Lung,demixt,0.12255574198361525,-0.19,0.5231217865486872,0.4516145229290221,0.2314071407140714
pseudo,tabula_sapiens_Lung,decompress,-0.776919839110143,-0.59,0.5627938371607752,0.46965973766546415,-0.7576517651765174
pseudo,tabula_sapiens_Lung,aric,0.8840026734669456,0.9,0.13399978763688797,0.11392329054515321,0.8865446544654464
pseudo,tabula_sapiens_Lung,deconvseq,0.8473275234746834,0.9,0.3296393783747304,0.30737274627742267,0.8422282228222823
pseudo,tabula_sapiens_Lung,bayesprism,0.9568968902672271,0.6,0.10967637825869736,0.09562134468184479,0.9533553355335532
pseudo,tabula_sapiens_Lung,sweetwater,0.9475962651071864,0.925,0.31780158021095956,0.29616872239739545,0.9450345034503451
pseudo,tabula_sapiens_Lung,toast,0.9873613087048138,0.965,0.03727035440396465,0.0342382482855412,0.9865786578657865
pseudo,tabula_sapiens_Lung,geneformer/longer,0.25704011838869856,0.36,0.274705955427002,0.23868593465860746,0.27813581358135814
pseudo,tabula_sapiens_Lung,geneformer/wider,0.11862169040473107,0.315,0.2900067098893802,0.250446310516169,0.14003000300030002
pseudo,tabula_sapiens_Lung,geneformer/finetune,0.732740637555862,0.895,0.23941517115642239,0.22269479024888375,0.7436023602360237
pseudo,tabula_sapiens_Lung,geneformer/default,0.19450139948562759,0.425,0.28934567857964344,0.26371804296068435,0.19828382838283823
pseudo,tabula_sapiens_Lung,dtangle,0.9771626318049748,0.9,0.23350621485391065,0.21721461748365004,0.9748254825482547
pseudo,tabula_sapiens_Lung,ols,0.0,0.8660254037844385,0.1533242683803396,0.13706088862189802,0.0
pseudo,tabula_sapiens_Lung,epic,-0.4576504624873358,0.6,0.15056231325455408,0.13665378363018452,-0.39500278090488267
pseudo,tabula_sapiens_Lung,bisquemarker,0.7866465240199935,0.2707883832488648,0.4345417960100389,0.3199860852818868,0.8533561120203758
pseudo,tabula_sapiens_Lung,baycount,-0.163720182392232,-0.54,0.341037452054842,0.31690723519320696,-0.1784298429842984
pseudo,tabula_sapiens_Lung,deconf,0.20232942634567205,0.3,0.44000592640019937,0.36314544135110044,0.19459545954595459
pseudo,tabula_sapiens_Lung,adroit,0.9594104205010776,0.845,0.22932350645407396,0.2059096885258076,0.9468125097850596
pseudo,tabula_sapiens_Lung,mcpcounter,0.7907425453993003,0.6,3.515707356928052,3.4847036023891373,0.7996999699969995
pseudo,tabula_sapiens_Lung,music,0.9430366451942999,0.9,0.10495825002571763,0.08817561370321643,0.9388098809880988
pseudo,tabula_sapiens_Lung,ridge,0.0,0.8660254037844385,0.1533242683803396,0.13706088862189802,0.0
pseudo,tabula_sapiens_Lung,mysort,0.5562752493715212,0.9,54.764242891848475,33.05717526227792,0.5895669566956695
pseudo,tabula_sapiens_Lung,lindeconseq,0.6135008133560712,0.9,0.12658724088147075,0.11427886127271904,0.6044884488448844
pseudo,tabula_sapiens_Lung,quantiseq,0.2925970343021068,0.8660254037844385,0.12041915368078611,0.11183290596692175,0.28908490849084906
pseudo,tabula_sapiens_Lung,scaden,0.9607226377991395,0.9,0.1479620475009764,0.1286946626714353,0.9645324532453244
pseudo,tabula_sapiens_Lung,mixupvi,0.0,0.8660254037844385,0.1533242683803396,0.13706088862189802,0.0
pseudo,tabula_sapiens_Lung,autogenes,0.8850915246171013,0.785,0.18153929468154936,0.16876897234564522,0.8814601460146013
pseudo,tabula_sapiens_Lung,tape,0.9852414451871375,0.53,0.2915803837338574,0.26693272917810196,0.9823262326232624
pseudo,tabula_sapiens_Trachea,recide,0.40235521386036827,-0.05,0.5137041890046056,0.44434227796167325,0.3832103210321032
pseudo,tabula_sapiens_Trachea,fardeep,0.905632545436128,0.87,0.024584950739965555,0.019835345730184143,0.8937493749374936
pseudo,tabula_sapiens_Trachea,methylresolver,0.5711860447176741,-0.05,0.4022620616320661,0.3524529194032446,0.559087908790879
pseudo,tabula_sapiens_Trachea,deconrnaseq,0.4638624698047839,0.8470319397786861,0.12347723009724025,0.11070476563563758,0.47895240269524564
pseudo,tabula_sapiens_Trachea,cibersortx,0.5567104585217518,0.725,0.07712749624431818,0.06818436277264543,0.5384778477847784
pseudo,tabula_sapiens_Trachea,scdc,0.11673462617376291,-0.02,0.41151988616894225,0.35601683741630064,0.14392944077859868
pseudo,tabula_sapiens_Trachea,squid,nan,0.0,0.3537193974867878,0.33132208370630295,nan
pseudo,tabula_sapiens_Trachea,momf,0.9528420553542009,0.735,0.04284024765609632,0.03831790498479695,0.9463746374637462
pseudo,tabula_sapiens_Trachea,deconpeaker,0.9055297684819292,0.775,0.10513078471652151,0.08912737256692049,0.9027462746274626
pseudo,tabula_sapiens_Trachea,demixsc,0.32807761294068466,-0.05,0.5735252236607185,0.4935356229043933,0.3202080208020802
pseudo,tabula_sapiens_Trachea,diffformer,0.3280776129406843,-0.05,0.5735252236607185,0.4935356229043933,0.3202080208020802
pseudo,tabula_sapiens_Trachea,cpm,0.5869746922600522,0.725,0.1856454756678893,0.158020450904935,0.579013901390139
pseudo,tabula_sapiens_Trachea,dwls,0.9484487217025669,0.87,0.05467283613019054,0.04846286973855146,0.9478627862786276
pseudo,tabula_sapiens_Trachea,deconica,0.0035499775544362423,-0.23846787517317597,0.6359248171764417,0.5331354612027595,0.0369026093563073
pseudo,tabula_sapiens_Trachea,bayice,0.9325790924032981,0.79,0.05222753367431492,0.042813186835202306,0.9182558255825581
pseudo,tabula_sapiens_Trachea,nnls,0.3280776212168581,-0.05,0.573525215843778,0.49353561647895505,0.3202080208020802
pseudo,tabula_sapiens_Trachea,nitumid,0.8341009180938083,0.76,0.18504104681623917,0.17140191359386095,0.8271867186718671
pseudo,tabula_sapiens_Trachea,linseed,-0.27339915213650223,0.05,0.6211525779000429,0.524009833764033,-0.27279527952795274
pseudo,tabula_sapiens_Trachea,emeth,0.9414147217996311,0.74,0.02792936040997959,0.023879654560517608,0.9366136613661364
pseudo,tabula_sapiens_Trachea,rna-sieve,0.9546015157323259,0.79,0.06463235775713838,0.0563103581001887,0.9521992199219921
pseudo,tabula_sapiens_Trachea,countbridges,0.9600008165466777,0.79,0.036311328456540316,0.029305898609112424,0.9559595959595959
pseudo,tabula_sapiens_Trachea,nusvr,0.9352031436902637,0.725,0.04745149685131191,0.04235100632148545,0.9294035671310725
pseudo,tabula_sapiens_Trachea,immucellai,0.7043586188317214,-0.36,0.48183380829057065,0.4356170656833718,0.697331958557151
pseudo,tabula_sapiens_Trachea,deseq2,0.948824426428633,0.84,0.04470765900905851,0.03840159496380286,0.9456985698569856
pseudo,tabula_sapiens_Trachea,mixture,0.9031038387667113,0.845,0.06829491268648802,0.06111483737835411,0.9000463106365126
pseudo,tabula_sapiens_Trachea,hspe,0.20705552569396615,-0.05,0.6876908111102293,0.5871695083208218,0.1889268926892689
pseudo,tabula_sapiens_Trachea,prede,0.9460857677328361,0.87,0.05983130168719395,0.05309685278216397,0.9408580858085807
pseudo,tabula_sapiens_Trachea,bisqueref,0.643925588211942,0.755,0.3126189236604975,0.2927867088877421,0.6314551455145513
pseudo,tabula_sapiens_Trachea,dsa,0.5766625331309418,0.725,0.08027477943440756,0.0715042203819498,0.5653565356535654
pseudo,tabula_sapiens_Trachea,demixt,-0.03066014211981012,0.02,0.4459932103095399,0.3755398466944769,-0.2273387338733873
pseudo,tabula_sapiens_Trachea,decompress,-0.102839646402207,-0.513,0.3087179082788187,0.2469585040822313,-0.09520481083800027
pseudo,tabula_sapiens_Trachea,deconvseq,0.1777890875556255,0.40971143170299745,0.3537193973563,0.331322083587074,0.02876385731332105
pseudo,tabula_sapiens_Trachea,bayesprism,0.8820315366782848,0.895,0.10885035739679884,0.09919851673629355,0.9298089808980897
pseudo,tabula_sapiens_Trachea,toast,0.942743950364545,0.81,0.019862201822176972,0.016136108258498125,0.94028602860286
pseudo,tabula_sapiens_Trachea,geneformer/longer,0.19375585372841,0.805,0.17030665840272396,0.1484603224782274,0.20797279727972795
pseudo,tabula_sapiens_Trachea,geneformer/wider,0.20903510913711035,0.705,0.27585658041190625,0.24993096852614402,0.20651265126512652
pseudo,tabula_sapiens_Trachea,geneformer/finetune,0.6272432816294007,0.88,0.09233289293445374,0.08072521280223088,0.6438563856385637
pseudo,tabula_sapiens_Trachea,geneformer/default,0.03575675447718634,0.67,0.24644815031166836,0.21869685658697435,0.029274927492749275
pseudo,tabula_sapiens_Trachea,dtangle,0.9419572813782772,0.925,0.12105092446844416,0.11215339028550558,0.9412621262126212
pseudo,tabula_sapiens_Trachea,ols,0.57118620506214,-0.05,0.40226475414188184,0.35245515776951813,0.559087908790879
pseudo,tabula_sapiens_Trachea,epic,0.15524221371544847,0.76,0.12646537299089955,0.11305221441266362,0.12362673355411245
pseudo,tabula_sapiens_Trachea,baycount,-0.16277372827251194,-0.06,0.3707896626849579,0.3453051450740179,-0.13982998299829988
pseudo,tabula_sapiens_Trachea,deconf,-0.5033847799292025,-0.57,0.5829511322855678,0.49041178741842834,-0.5219201920192019
pseudo,tabula_sapiens_Trachea,adroit,0.9510772657878929,0.775,0.03172594636238437,0.027852391651764775,0.9443624362436243
pseudo,tabula_sapiens_Trachea,mcpcounter,0.8571039123844569,0.895,0.25381837614640146,0.23813417534350312,0.8595939593959395
pseudo,tabula_sapiens_Trachea,music,0.9519577972409872,0.925,0.0502463675135746,0.044571496916153606,0.944074407440744
pseudo,tabula_sapiens_Trachea,ridge,0.5711860486007239,-0.05,0.4022620516361953,0.35245291113695415,0.559087908790879
pseudo,tabula_sapiens_Trachea,mysort,0.9093803307041858,0.845,0.06771432422879163,0.06076989873333804,0.9073157673915522
pseudo,tabula_sapiens_Trachea,lindeconseq,0.9451322026962514,0.89,0.03702390475845483,0.03214099285727585,0.9359335933593359
pseudo,tabula_sapiens_Trachea,quantiseq,0.0,0.8660254037844385,0.12656046252418432,0.11312236073814151,0.0
pseudo,tabula_sapiens_Trachea,scaden,0.8480578746523317,0.845,0.09039653351157685,0.08149242731717267,0.8579137913791378
pseudo,tabula_sapiens_Trachea,mixupvi,0.3280776129406843,-0.05,0.5735252236607185,0.4935356229043933,0.3202080208020802
pseudo,tabula_sapiens_Trachea,autogenes,0.9272261708241304,0.775,0.1144805059145489,0.09607239605310282,0.9177997799779978
pseudo,tabula_sapiens_Trachea,tape,0.7400084504742273,0.775,0.266341381808217,0.24021450509519182,0.7356935693569356
pseudo,tabula_sapiens_Vasculature,recide,0.867490821004599,0.9262857142857144,0.06568330029978113,0.0476079055663138,0.8704520804804082
pseudo,tabula_sapiens_Vasculature,fardeep,0.7883665547775585,0.8609676956220627,0.047676859911631404,0.036062724984881465,0.7742012342414243
pseudo,tabula_sapiens_Vasculature,methylresolver,0.8179532992108495,0.6532471379456557,0.07998465408406472,0.06750593305286574,0.8263389087161936
pseudo,tabula_sapiens_Vasculature,deconrnaseq,0.6734616933340652,0.8636482780036124,0.10512484269722688,0.07820498845486844,0.6872553409313816
pseudo,tabula_sapiens_Vasculature,cibersortx,0.8286213758796549,0.7685714285714286,0.06647361267115444,0.056362597659653145,0.8168597806441303
pseudo,tabula_sapiens_Vasculature,scdc,0.6670588455313737,0.5024243358045457,0.12670280963822064,0.10029503893190607,0.6811442775345071
pseudo,tabula_sapiens_Vasculature,squid,nan,0.0,0.12934526290231158,0.11058761828544673,nan
pseudo,tabula_sapiens_Vasculature,momf,0.6152576281113243,0.19109698843580614,0.30416047275871344,0.22086826204533228,0.6237049428890994
pseudo,tabula_sapiens_Vasculature,deconpeaker,0.7450729240965036,0.6231696579139153,0.0940751515396508,0.0708636059228376,0.771334217008568
pseudo,tabula_sapiens_Vasculature,demixsc,0.7613255892717398,0.6591012052775518,0.07921460909820108,0.06750904644977214,0.7867995806459249
pseudo,tabula_sapiens_Vasculature,diffformer,0.7613255892717398,0.6591012052775518,0.07921460909820113,0.0675090464497722,0.7867995806459248
pseudo,tabula_sapiens_Vasculature,dwls,0.9443826649646315,0.9365714285714284,0.027416527006453598,0.022192484220672867,0.9361348014057786
pseudo,tabula_sapiens_Vasculature,deconica,0.06754679704190991,0.10983079840443724,0.24067685504170533,0.18800670850297777,0.0733729751953238
pseudo,tabula_sapiens_Vasculature,bayice,0.7070766376610758,0.870857142857143,0.04529861608996594,0.03648033582638262,0.6991792961851337
pseudo,tabula_sapiens_Vasculature,nnls,0.7613255976689755,0.6591012052775518,0.07921460614156696,0.0675090434690186,0.7867995806459248
pseudo,tabula_sapiens_Vasculature,nitumid,0.8316654420538225,0.9051428571428572,0.04732399209284548,0.03739054969368183,0.8228078288809851
pseudo,tabula_sapiens_Vasculature,linseed,0.024420004994606323,-0.4028571428571429,0.20189336974230157,0.15878666578017117,0.03406722913853013
pseudo,tabula_sapiens_Vasculature,emeth,0.5889158421334858,0.5496183776036181,0.11670463535775194,0.08488659019719065,0.5702422244967387
pseudo,tabula_sapiens_Vasculature,rna-sieve,0.9199024763345162,0.8634285714285715,0.055135375413585645,0.048233142751774184,0.9296162100520574
pseudo,tabula_sapiens_Vasculature,countbridges,0.8864195805051979,0.9302857142857143,0.05685924463877585,0.04318603371987214,0.896165794472629
pseudo,tabula_sapiens_Vasculature,immucellai,0.6618766542021319,0.7378039823186459,0.0880253552948741,0.06324953861998267,0.6685202218599599
pseudo,tabula_sapiens_Vasculature,deseq2,0.914308668833609,0.7639999999999999,0.0657931987309126,0.05569748899019623,0.9028103120128724
pseudo,tabula_sapiens_Vasculature,mixture,0.8358030161668565,0.8419270487799017,0.048382502373563736,0.03601505873168381,0.844469048195465
pseudo,tabula_sapiens_Vasculature,hspe,0.6555340076945174,0.0068571428571428585,0.4294278496151578,0.3081704991127313,0.6797783735748566
pseudo,tabula_sapiens_Vasculature,prede,0.8795667613302642,0.698857142857143,0.076237741608166,0.06742135758295796,0.8773353353518317
pseudo,tabula_sapiens_Vasculature,bisqueref,0.7593678635946786,0.8434285714285714,0.09148245874686489,0.07216147899179882,0.759579880278653
pseudo,tabula_sapiens_Vasculature,dsa,0.2509114766000184,-0.5841040245715976,0.3682767445530091,0.2961658345481975,0.26672583624319585
pseudo,tabula_sapiens_Vasculature,demixt,-0.009294741541538747,0.11107551366554644,0.22238731462319208,0.16543926527300884,0.04764222495750387
pseudo,tabula_sapiens_Vasculature,decompress,-0.09877112617322321,-0.6403571088781292,0.24937031640852686,0.22241914151794853,-0.047091366778520494
pseudo,tabula_sapiens_Vasculature,aric,0.7463597723824055,0.8584075483353116,0.0548169106732509,0.044057861644351805,0.7140035766175968
pseudo,tabula_sapiens_Vasculature,deconvseq,0.49705344205500984,0.6868571428571428,0.14382351718989392,0.1089470073552994,0.5260919760475272
pseudo,tabula_sapiens_Vasculature,bayesprism,0.7954558664313834,0.8434285714285713,0.10657201762768247,0.08081043788993976,0.8222353252955518
pseudo,tabula_sapiens_Vasculature,toast,0.6996051241153257,0.6668571428571426,0.0953909474162103,0.07308791255421604,0.6903592743500231
pseudo,tabula_sapiens_Vasculature,geneformer/longer,0.376906787148628,0.5074285714285716,0.1030913158320272,0.08765329863383763,0.3407281844009167
pseudo,tabula_sapiens_Vasculature,geneformer/wider,0.3018101887386076,0.3582857142857142,0.1171804429298782,0.09711654015700265,0.2894145509075691
pseudo,tabula_sapiens_Vasculature,geneformer/finetune,0.8702071488383382,0.8399999999999999,0.052048075670874376,0.04261600529286361,0.8544697998861461
pseudo,tabula_sapiens_Vasculature,geneformer/default,0.13662472669733491,0.16114285714285717,0.1260464696909853,0.1056408299294183,0.09121989298044551
pseudo,tabula_sapiens_Vasculature,dtangle,0.8296728439358344,0.7537142857142857,0.08619680771578969,0.06722041725229692,0.8253225737056263
pseudo,tabula_sapiens_Vasculature,ols,0.8179480018223031,0.6532471379456557,0.07998630294783382,0.06750709671217005,0.8263389087161936
pseudo,tabula_sapiens_Vasculature,epic,0.7035113037513262,0.8182857142857145,0.12519410981366777,0.09665579775707395,0.7118851699366675
pseudo,tabula_sapiens_Vasculature,bisquemarker,0.60430670224993,0.36138985237269916,0.21816558456610227,0.16306764019257838,0.7193169115803638
pseudo,tabula_sapiens_Vasculature,baycount,-0.24846085391613762,0.5502857142857143,0.11880893105787532,0.09711321619801581,-0.253758832665753
pseudo,tabula_sapiens_Vasculature,deconf,0.1651282214113952,0.27304484830218007,0.1422874693513092,0.11348112853927245,0.16604849606472996
pseudo,tabula_sapiens_Vasculature,adroit,0.906591659797852,0.7329572524278294,0.08062875577401006,0.0713271439891487,0.9059929906872176
pseudo,tabula_sapiens_Vasculature,mcpcounter,0.8171259262931511,0.3794285714285715,0.1262814955585525,0.10974977490386749,0.8287430141881743
pseudo,tabula_sapiens_Vasculature,music,0.8848944891412566,0.7902857142857143,0.058099317838604836,0.04941560294971562,0.8882393077527476
pseudo,tabula_sapiens_Vasculature,ridge,0.8179532995666722,0.6532471379456557,0.07998465075297544,0.0675059296690559,0.8263389087161936
pseudo,tabula_sapiens_Vasculature,mysort,0.7769009395394181,0.7632763365704391,0.07069375106869023,0.04445269679156231,0.7084931475585501
pseudo,tabula_sapiens_Vasculature,lindeconseq,0.8781563850816555,0.8337142857142856,0.05106222888358697,0.0366134039332108,0.8774625304268163
pseudo,tabula_sapiens_Vasculature,quantiseq,0.7017015612984693,0.8342570690920923,0.12901073323610768,0.09698040685585961,0.6996161025059687
pseudo,tabula_sapiens_Vasculature,scaden,0.8870782404151996,0.7462857142857143,0.06078771138804551,0.052469459590677336,0.9067755642885768
pseudo,tabula_sapiens_Vasculature,mixupvi,0.7613255892717398,0.6591012052775518,0.07921460909820113,0.06750904644977221,0.7867995806459249
pseudo,tabula_sapiens_Vasculature,autogenes,0.8705183411205927,0.8274285714285715,0.058572679970671566,0.04263358609210127,0.8645369246705236
pseudo,tabula_sapiens_Vasculature,tape,0.4492219248755582,-0.1668254525046679,0.22269885376819046,0.2018649199493716,0.436920121269527
pseudo,tabula_sapiens_Bone_Marrow,recide,0.4464234957028749,0.21805132497870297,0.17485198134666088,0.13671351058310316,0.508911130003756
pseudo,tabula_sapiens_Bone_Marrow,fardeep,0.6361271305318466,0.7201207491516377,0.07065149247719647,0.05254466760038043,0.6309984070304409
pseudo,tabula_sapiens_Bone_Marrow,methylresolver,0.5068822988680033,0.458994462989944,0.10804221528917538,0.09153904271569502,0.49156802962917057
pseudo,tabula_sapiens_Bone_Marrow,deconrnaseq,0.28731135050987644,0.12496348984653842,0.20813561692843782,0.16315981507180224,0.3042886387006233
pseudo,tabula_sapiens_Bone_Marrow,cibersortx,0.7228904194789768,0.7348141067056727,0.07737375672570093,0.06117228010896285,0.7041595565851784
pseudo,tabula_sapiens_Bone_Marrow,scdc,0.39104420381251837,0.2640790489515406,0.16999621319122157,0.13925834448939461,0.4029662019864845
pseudo,tabula_sapiens_Bone_Marrow,squid,0.0,0.0,0.06481797099372885,0.05116662451391721,0.0
pseudo,tabula_sapiens_Bone_Marrow,momf,0.47607896225461066,0.438545983687388,0.16304995715355092,0.12298684757994267,0.48859718993047807
pseudo,tabula_sapiens_Bone_Marrow,deconpeaker,0.40366374376279124,0.14556384833901775,0.11982864819631521,0.09459419163251429,0.39774225298514226
pseudo,tabula_sapiens_Bone_Marrow,demixsc,0.3745639079709135,0.25901895129829833,0.16571905741541898,0.14144230926843085,0.3752154887471597
pseudo,tabula_sapiens_Bone_Marrow,diffformer,0.3745639079709135,0.25901895129829833,0.16571905741541892,0.14144230926843082,0.3752154887471597
pseudo,tabula_sapiens_Bone_Marrow,refactor,0.42776750659917306,0.4942994989402557,0.21766849854704604,0.1471241948506134,0.5566844090815855
pseudo,tabula_sapiens_Bone_Marrow,cpm,0.4754242555057895,0.19785714285714287,0.07491580626569591,0.0641781083559139,0.45487311108161826
pseudo,tabula_sapiens_Bone_Marrow,deconica,-0.04260218351042796,-0.010062245061084116,0.23768511820600338,0.16879311221253254,-0.026175149655045103
pseudo,tabula_sapiens_Bone_Marrow,bayice,0.5648177956122729,0.346904761904762,0.1007316480134651,0.07877824794199968,0.5722807307257283
pseudo,tabula_sapiens_Bone_Marrow,nnls,0.3745639179567582,0.25901895129829833,0.1657190518090852,0.1414423049465307,0.3752154887471597
pseudo,tabula_sapiens_Bone_Marrow,nitumid,0.7900454779328822,0.3442857142857143,0.08849413602745873,0.0690127210611885,0.7789058408880901
pseudo,tabula_sapiens_Bone_Marrow,linseed,-0.1164052856611078,-0.23114186854925897,0.3078750474358187,0.20236019420522838,-0.1231748209133865
pseudo,tabula_sapiens_Bone_Marrow,emeth,0.6581000549603389,0.7438073337138827,0.06818818811666391,0.053542778809432603,0.644856638404941
pseudo,tabula_sapiens_Bone_Marrow,rna-sieve,0.8014240809890696,0.5357325049575503,0.10921331269297845,0.08696224644050703,0.8063617479102378
pseudo,tabula_sapiens_Bone_Marrow,countbridges,0.6770407019410453,0.44309523809523826,0.13098703928199726,0.10193969808433659,0.6633420208038263
pseudo,tabula_sapiens_Bone_Marrow,debcam,0.1693023027115197,0.08095238095238097,0.32335987570487973,0.21058671296305193,0.16809212477331553
pseudo,tabula_sapiens_Bone_Marrow,nusvr,0.7303300846771504,0.7248359154939352,0.08236693338051489,0.06417569645614705,0.7166179950719399
pseudo,tabula_sapiens_Bone_Marrow,daism,0.600171143550092,0.24452380952380956,0.47076537394630125,0.38413872900525514,0.5830691184290837
pseudo,tabula_sapiens_Bone_Marrow,immucellai,0.7566203655567687,0.6451715321253859,0.05051913402374272,0.04035870049856699,0.7200831735980051
pseudo,tabula_sapiens_Bone_Marrow,deseq2,0.8948120188317472,0.814799443707329,0.05731123791764987,0.039142183545758366,0.8850566865048715
pseudo,tabula_sapiens_Bone_Marrow,mixture,0.6660918315603372,0.69997274421929,0.10338790066790478,0.0747988343028718,0.6750724586582104
pseudo,tabula_sapiens_Bone_Marrow,hspe,0.1480526234930087,-0.11023809523809527,0.33949521676595684,0.2244853695742744,0.2799439248722751
pseudo,tabula_sapiens_Bone_Marrow,prede,0.4554930054070191,0.34181003951391437,0.156080666270801,0.13608121504751675,0.42488199680199185
pseudo,tabula_sapiens_Bone_Marrow,bisqueref,0.6415028261653817,0.4866666666666667,0.1072382801930864,0.08144664559314693,0.6131343339758288
pseudo,tabula_sapiens_Bone_Marrow,dsa,0.26478230916928813,0.3047247977781795,0.2789104350643098,0.18155062444347883,0.2676001690615584
pseudo,tabula_sapiens_Bone_Marrow,demixt,-0.15257764224853346,-0.24666666666666667,0.11874009208304022,0.0960683704207343,-0.14534631345812257
pseudo,tabula_sapiens_Bone_Marrow,decompress,0.014263739953778345,0.12784290955625788,0.15397057386868263,0.12689950690403348,0.01223367183976036
pseudo,tabula_sapiens_Bone_Marrow,aric,0.6034146039391279,0.7137226557934615,0.05991534561132527,0.04831427453467055,0.5778036671158684
pseudo,tabula_sapiens_Bone_Marrow,deconvseq,0.2715645920076526,0.1719047619047619,0.22600495659661368,0.175451015525452,0.3137433940291796
pseudo,tabula_sapiens_Bone_Marrow,bayesprism,0.6520147906379258,0.4928571428571428,0.11652718644991991,0.08632483923668768,0.6479624326508873
pseudo,tabula_sapiens_Bone_Marrow,sweetwater,0.24964159230641722,0.2814285714285715,0.06309454134099528,0.04990015948204806,0.22676369870162183
pseudo,tabula_sapiens_Bone_Marrow,toast,0.7187254913978778,0.08190476190476191,0.21430260066311327,0.15258561405413787,0.7029707273936403
pseudo,tabula_sapiens_Bone_Marrow,geneformer/longer,0.3075024357570298,0.1530952380952381,0.06977017477684096,0.05446607294201383,0.26143901775589573
pseudo,tabula_sapiens_Bone_Marrow,geneformer/wider,0.23390005774214487,0.3492857142857143,0.06583163286286275,0.05220211592626704,0.2221697351015025
pseudo,tabula_sapiens_Bone_Marrow,geneformer/finetune,0.7270754656327062,0.7100000000000002,0.05143939385689289,0.04044887832943063,0.7014675502072524
pseudo,tabula_sapiens_Bone_Marrow,geneformer/default,0.10108579907262127,0.014523809523809526,0.07146630060336524,0.05610065832783851,0.08175606993657568
pseudo,tabula_sapiens_Bone_Marrow,dtangle,0.9319560992576883,0.5069047619047621,0.05189831531112584,0.042138073318368,0.9233380353262457
pseudo,tabula_sapiens_Bone_Marrow,ols,0.5068475924368079,0.458994462989944,0.10802096129225176,0.09151471505107599,0.4915275187716889
pseudo,tabula_sapiens_Bone_Marrow,epic,0.29390073878866163,0.14452380952380955,0.20575607850551494,0.1584346319568481,0.26320803108355906
pseudo,tabula_sapiens_Bone_Marrow,bisquemarker,0.6764633293652812,0.5307222008973198,0.1485260956268619,0.1128609939572406,0.797745106358656
pseudo,tabula_sapiens_Bone_Marrow,baycount,0.017103880400952835,-0.12976190476190477,0.07462350151201494,0.058549257321746234,0.003029582693325074
pseudo,tabula_sapiens_Bone_Marrow,deconf,-0.06998258348526337,0.38905932549266276,0.16061154326773316,0.12569584766735545,-0.07483742385402367
pseudo,tabula_sapiens_Bone_Marrow,adroit,0.7590463695910139,0.6164335829008549,0.08673052891522837,0.06509977331250653,0.7726127932536795
pseudo,tabula_sapiens_Bone_Marrow,mcpcounter,0.18055455720579572,0.015000000000000005,5.071336294471577,5.058328538491625,0.18855222634216037
pseudo,tabula_sapiens_Bone_Marrow,music,0.7306511407711649,0.6888580368590693,0.07769756227932985,0.061224157559180835,0.723601521514727
pseudo,tabula_sapiens_Bone_Marrow,ridge,0.5068823137613538,0.458994462989944,0.10804222490848508,0.09153905305028207,0.49156802962917057
pseudo,tabula_sapiens_Bone_Marrow,mysort,0.6899870912759352,0.6983888109672978,18.506307101771892,12.388827183950433,0.6844873456671043
pseudo,tabula_sapiens_Bone_Marrow,lindeconseq,0.7799459452552113,0.743166941347727,0.09966135856977265,0.0690515353787852,0.7804823636836173
pseudo,tabula_sapiens_Bone_Marrow,quantiseq,0.34704216219255785,0.16945560846231356,0.13695765485156866,0.12154427089178703,0.3439958634166185
pseudo,tabula_sapiens_Bone_Marrow,scaden,0.7262519539135966,0.24000000000000005,0.07574195112776415,0.06169091611347498,0.7453531777555187
pseudo,tabula_sapiens_Bone_Marrow,mixupvi,0.37456390797091343,0.25901895129829833,0.16571905741541892,0.14144230926843082,0.3752154887471597
pseudo,tabula_sapiens_Bone_Marrow,autogenes,0.6054977423549021,0.4196599517845736,0.08966695182252525,0.06908076972022673,0.5904064075353539
pseudo,tabula_sapiens_Bone_Marrow,tape,0.2948812801965724,0.2516666666666667,0.09162790385687655,0.07188706226082425,0.2908134189988269
real,altman_Arunachalam,pca_ridge,0.7130766635130081,0.9370620755305337,0.04093724480046461,0.025651890262248976,0.7029336827278717
real,altman_Arunachalam,bulkformer/bootstrap,0.6937,,0.0318,,
real,altman_Arunachalam,bulkformer/fstat,0.6608,,0.0331,,
real,altman_Arunachalam,bulkformer/ridge_scaler_loo,0.6848307592892456,0.9580142289727642,0.0406892140076525,0.024981852883025395,0.6771475408460901
real,altman_Arunachalam,bulkformer/ridge_scaler,0.692,0.9603298533574487,0.03199141155418182,0.023635585024562224,0.6871259488856053
real,altman_Arunachalam,bulkformer/mean_pool,0.601,0.9588313585145027,0.034748119490530215,0.026466048649273655,0.5851113050137225
real,altman_Arunachalam,bulkformer/random_mean_pool,0.7237,0.9696005892837335,0.028170085292727187,0.020905363973025608,0.7081690633169083
real,altman_Arunachalam,bulkformer/random,0.7374,0.9684516749071044,0.026610206777317513,0.02030051687519518,0.7336362564287116
real,altman_Arunachalam,bulkformer/ridge,0.6046,0.947432780410346,0.03635444903782632,0.026423479142910617,0.6212377443176197
real,altman_Arunachalam,bulkformer/ridge_loo,0.6429398242622584,0.9543437859882359,0.04775273729947354,0.027882378603757856,0.646488902678137
real,altman_Arunachalam,recide,0.45171117709475406,-0.2795031055900621,0.3688907211512667,0.29379418434388277,0.4346301442836233
real,altman_Arunachalam,fardeep,0.3841171648230523,0.39130434782608686,0.32268655113348843,0.2824271473844744,0.35759323308987495
real,altman_Arunachalam,fardeep/default,0.3841171648230523,0.39130434782608686,0.32268655113348843,0.2824271473844744,0.35759323308987495
real,altman_Arunachalam,deconrnaseq,0.41194863249318076,-0.9937888198757763,0.5963408487628982,0.521645741969756,0.40674710771387373
real,altman_Arunachalam,deconrnaseq/default,0.41194863249318076,-0.9937888198757763,0.5963408487628982,0.521645741969756,0.40674710771387373
real,altman_Arunachalam,cibersortx,0.0,0.0,0.9218361491267351,0.9214912949457542,0.0
real,altman_Arunachalam,cibersortx/default,0.0,0.0,0.9218361491267351,0.9214912949457542,0.0
real,altman_Arunachalam,scdc,-0.11327036611430963,-0.9937888198757763,0.6552055145191639,0.5844915688970211,-0.08036423873125917
real,altman_Arunachalam,scdc/default,-0.11327036611430963,-0.9937888198757763,0.6552055145191639,0.5844915688970211,-0.08036423873125917
real,altman_Arunachalam,squid,0.0,-0.9937888198757763,0.7053612315597774,0.6434359131325782,0.0
real,altman_Arunachalam,squid/default,0.0,-0.9937888198757763,0.7053612315597774,0.6434359131325782,0.0
real,altman_Arunachalam,deconpeaker,0.3839572564141078,-0.16770186335403725,0.3460581775801584,0.2880765033664119,0.37128688421567274
real,altman_Arunachalam,deconpeaker/default,0.3839572564141078,-0.16770186335403725,0.3460581775801584,0.2880765033664119,0.37128688421567274
real,altman_Arunachalam,decode,0.4880953566638837,-0.9937888198757763,0.5968011099291407,0.5237979408868417,0.5022050962340242
real,altman_Arunachalam,demixsc,0.0,-0.9937888198757763,0.7053612315597774,0.6434359131325782,0.0
real,altman_Arunachalam,demixsc/default,0.0,-0.9937888198757763,0.7053612315597774,0.6434359131325782,0.0
real,altman_Arunachalam,pca_ridge_loo,0.7134451746482068,0.9560807734294031,0.041316990871642326,0.024639346681694017,0.6999640591067701
real,altman_Arunachalam,diffformer,0.0,-0.9937888198757763,0.7053612315597774,0.6434359131325782,0.0
real,altman_Arunachalam,diffformer/default,0.0,-0.9937888198757763,0.7053612315597774,0.6434359131325782,0.0
real,altman_Arunachalam,nnls,0.0,-0.9937888198757763,0.7053612315597774,0.6434359131325782,0.0
real,altman_Arunachalam,nnls/default,0.0,-0.9937888198757763,0.7053612315597774,0.6434359131325782,0.0
real,altman_Arunachalam,bulkformer_random_mean_pool_loo,0.7186978537914694,0.9650219761405322,0.03484358681548815,0.022076296438306865,0.7008864696069459
real,altman_Arunachalam,rna-sieve,0.22702363093529207,-0.9875776397515527,0.4665101078141247,0.3752648422492812,0.16265005423580764
real,altman_Arunachalam,rna-sieve/default,0.22702363093529207,-0.9875776397515527,0.4665101078141247,0.3752648422492812,0.16265005423580764
real,altman_Arunachalam,countbridges,0.4725456580875349,-0.9751552795031054,0.4808446086892032,0.3854154263041643,0.45466503853339535
real,altman_Arunachalam,scgpt/da,0.25291668745815654,0.9875776397515527,0.3323763392577316,0.2781353273276411,0.2373174947014604
real,altman_Arunachalam,scgpt/ridge_scaler_loo,0.5301004566404105,0.9478464598798609,0.05245426821527283,0.03362780616019675,0.5223127384268912
real,altman_Arunachalam,scgpt/ridge_scaler,0.4907,0.9465236662068104,0.04870994723017461,0.038038791272521674,0.48651063970753106
real,altman_Arunachalam,scgpt/mmd,0.3362372023158009,0.9627329192546582,0.3864809365861754,0.2910912278304157,0.39802366114073306
real,altman_Arunachalam,scgpt/lr_7e5,0.244314945931423,0.9689440993788818,0.4081267568734043,0.3029900604296036,0.3299886078408374
real,altman_Arunachalam,scgpt/ridge,0.3119,0.955714468742064,0.057724884955327585,0.04361832738398366,0.32106837977332986
real,altman_Arunachalam,scgpt/search/ridge_cv,0.0,-0.4198879052970833,0.5593579473121566,0.45918719737455554,0.0
real,altman_Arunachalam,scgpt/search/nusvr,0.0,0.4219898624667735,0.41163746195978224,0.31575128424197735,0.0
real,altman_Arunachalam,scgpt/search/centroid_ridge,0.00032267689638383905,-0.1791468763262804,0.482079605682403,0.38784373071816497,-0.0010895641525943021
real,altman_Arunachalam,scgpt/search/elasticnet,-0.014215335840667686,0.3302639364616672,0.399353339522914,0.30704528660934466,0.005154748523524553
real,altman_Arunachalam,scgpt/search/centroid_nusvr,0.0,-0.4198879052970833,0.5593579473121566,0.45918719737455554,0.0
real,altman_Arunachalam,scgpt/search/ensemble,0.0,0.4219898624667735,0.41163746195978224,0.31575128424197735,0.0
real,altman_Arunachalam,scgpt/finetune,0.2822865155060189,0.9627329192546582,0.38820384151146003,0.2910837777899163,0.3164359167070204
real,altman_Arunachalam,scgpt/ridge_loo,0.16674261410707164,0.9352002437330522,0.0711771698940746,0.04517871580815695,0.15602081182389774
real,altman_Arunachalam,scgpt/frozen,0.24295434357015838,0.8881987577639749,0.343362578302082,0.28165191372026716,0.2343834492459262
real,altman_Arunachalam,debcam,-0.3376864556755786,-0.7888198757763973,0.4292518497563436,0.35945026722605095,-0.3191283771159455
real,altman_Arunachalam,debcam/default,-0.3376864556755786,-0.7888198757763973,0.4292518497563436,0.35945026722605095,-0.3191283771159455
real,altman_Arunachalam,daism,0.5147145361667239,0.9937888198757763,0.29245676654213365,0.2786239543245389,0.5108372704163324
real,altman_Arunachalam,daism/default,0.5147145361667239,0.9937888198757763,0.29245676654213365,0.2786239543245389,0.5108372704163324
real,altman_Arunachalam,deseq2,0.5453911431933905,-0.05590062111801241,0.32940640788786796,0.280844285921094,0.5391838521244814
real,altman_Arunachalam,deseq2/default,0.5453911431933905,-0.05590062111801241,0.32940640788786796,0.280844285921094,0.5391838521244814
real,altman_Arunachalam,bisqueref,0.17696378524361484,0.1366459627329192,0.3741596253292037,0.3116762566595953,0.157245173552029
real,altman_Arunachalam,bisqueref/default,0.17696378524361484,0.1366459627329192,0.3741596253292037,0.3116762566595953,0.157245173552029
real,altman_Arunachalam,dsa,0.4009595109843097,0.6894409937888197,0.3102529559394836,0.2785386789957486,0.3932074803616461
real,altman_Arunachalam,dsa/default,0.4009595109843097,0.6894409937888197,0.3102529559394836,0.2785386789957486,0.3932074803616461
real,altman_Arunachalam,demixt,0.3370612657506574,0.012422360248447211,0.32640944086469065,0.2821851119646209,0.3573938286715396
real,altman_Arunachalam,demixt/default,0.3370612657506574,0.012422360248447211,0.32640944086469065,0.2821851119646209,0.3573938286715396
real,altman_Arunachalam,scgpt_lora,0.4174794416544658,0.8855053395061974,0.0673860410107314,0.04741746022511818,0.38659759767809393
real,altman_Arunachalam,scgpt_lora/default,0.39969398975372317,0.9400098744237222,0.05798036977648735,0.03699634224176407,0.3699824081035924
real,altman_Arunachalam,bayesprism,0.4636751713562251,-0.950310559006211,0.4764395667986758,0.3794874723817313,0.4460358269823439
real,altman_Arunachalam,bayesprism/default,0.4636751713562251,-0.950310559006211,0.4764395667986758,0.3794874723817313,0.4460358269823439
real,altman_Arunachalam,toast,0.3975203605418343,0.5776397515527949,0.31406560204690576,0.27977841761072164,0.38297850995399874
real,altman_Arunachalam,toast/default,0.3975203605418343,0.5776397515527949,0.31406560204690576,0.27977841761072164,0.38297850995399874
real,altman_Arunachalam,geneformer/ridge_scaler_loo,0.488854961249274,0.9417219828634871,0.051750856627484916,0.03406917034918757,0.46979903428807585
real,altman_Arunachalam,geneformer/ridge_scaler,0.4758,0.9496005892837336,0.04367072516671918,0.034033134712156854,0.4347087387441607
real,altman_Arunachalam,geneformer/ridge,0.503,0.9542159738991182,0.04376897097067652,0.03398736457106373,0.4603233673725084
real,altman_Arunachalam,geneformer/ridge_loo,0.5111485886624554,0.9416977794298675,0.0519979824068605,0.03419138424066509,0.4784092549494379
real,altman_Arunachalam,geneformer/default,0.2236781585445842,0.8944099378881986,0.3089286019516465,0.2787573875500213,0.15638908541768
real,altman_Arunachalam,dtangle,0.5359408621726516,-0.09937888198757759,0.3287600889110987,0.2807448819188911,0.5239939701560496
real,altman_Arunachalam,dtangle/default,0.5359408621726516,-0.09937888198757759,0.3287600889110987,0.2807448819188911,0.5239939701560496
real,altman_Arunachalam,transcriptformer/ridge_scaler_loo,0.5721844971200876,0.9547654611243568,0.05192190396256425,0.031215484722304388,0.5811308140295408
real,altman_Arunachalam,transcriptformer/ridge_scaler,0.6469,0.9726375456651409,0.038493221946768005,0.028738170954320984,0.6462517173659645
real,altman_Arunachalam,transcriptformer/ridge,0.6469,0.9726375456651409,0.038493221946768005,0.028738170954320984,0.6462517173659645
real,altman_Arunachalam,transcriptformer/ridge_loo,0.5617242266633603,0.9535232250995119,0.05100899705718317,0.03130722909403031,0.5647051681640198
real,altman_Arunachalam,ols,0.0,-0.9937888198757763,0.7053612315597774,0.6434359131325782,0.0
real,altman_Arunachalam,ols/default,0.0,-0.9937888198757763,0.7053612315597774,0.6434359131325782,0.0
real,altman_Arunachalam,bulkformer_mean_pool,0.608976739147181,0.9542159738991182,0.041897618194380086,0.02729032153260732,0.5785454283050786
real,altman_Arunachalam,epic,0.3897968253510036,-0.3478260869565217,0.401869200555698,0.31727779436429127,0.3908603865057504
real,altman_Arunachalam,epic/default,0.3897968253510036,-0.3478260869565217,0.401869200555698,0.31727779436429127,0.3908603865057504
real,altman_Arunachalam,bisquemarker,0.34377765664887816,0.11801242236024842,0.4266197826222691,0.3327749925555843,0.34452225225602207
real,altman_Arunachalam,bisquemarker/default,0.34377765664887816,0.11801242236024842,0.4266197826222691,0.3327749925555843,0.34452225225602207
real,altman_Arunachalam,bulkformer_random,0.6222719105809162,0.9213189009520153,0.04924257454667898,0.03177293857450828,0.612794640649563
real,altman_Arunachalam,deconf,0.3733184978587241,0.055900621118012424,0.40896890608809183,0.32899493757268927,0.35712457008553167
real,altman_Arunachalam,deconf/default,0.3733184978587241,0.055900621118012424,0.40896890608809183,0.32899493757268927,0.35712457008553167
real,altman_Arunachalam,adroit,0.541705562304535,-0.7391304347826086,0.42924917941139645,0.33072810185436363,0.5275002409606205
real,altman_Arunachalam,adroit/default,0.541705562304535,-0.7391304347826086,0.42924917941139645,0.33072810185436363,0.5275002409606205
real,altman_Arunachalam,bulkformer_random_mean_pool,0.7209258165708655,0.9757544354375797,0.029407902142754322,0.019569343980621372,0.6901319316097816
real,altman_Arunachalam,stack/progressive4,0.1546333775408329,0.9378881987577637,0.37384660903529765,0.2897483314277569,0.18577763615907247
real,altman_Arunachalam,stack/longer,0.1630395124455632,0.9937888198757763,0.43744523419093967,0.33016818736347037,0.2063689244707951
real,altman_Arunachalam,stack/wider,0.10795869546790168,0.9937888198757763,0.4527491299178066,0.3488618931951631,0.126118962726967
real,altman_Arunachalam,stack/ridge_scaler_loo,0.6321777753462282,0.9523293959419067,0.04540038312790214,0.02862645218677872,0.6098313678128295
real,altman_Arunachalam,stack/ridge_scaler,0.6468,0.9572928969760413,0.03532419546266965,0.02684658742942455,0.634741951265665
real,altman_Arunachalam,stack/progressive3,0.012390800913497325,0.9937888198757763,0.43553870805161304,0.3285207238729815,0.042649675508663554
real,altman_Arunachalam,stack/ridge,0.5987,0.9572928969760413,0.03856961074301663,0.029813449516869473,0.5970008499727293
real,altman_Arunachalam,stack/ridge_loo,0.5945504801180725,0.9488729078175508,0.047420250466133136,0.0307160757471605,0.5809561645638256
real,altman_Arunachalam,stack/default,0.10474668579766461,0.9937888198757763,0.44448610838037417,0.3379725405853433,0.13281214598606883
real,altman_Arunachalam,ridge,0.0,-0.9937888198757763,0.7053612315597774,0.6434359131325782,0.0
real,altman_Arunachalam,ridge/default,0.0,-0.9937888198757763,0.7053612315597774,0.6434359131325782,0.0
real,altman_Arunachalam,lindeconseq,0.4189601577229946,-0.6583850931677018,0.4303789738075256,0.33329577244749065,0.4041996774667193
real,altman_Arunachalam,lindeconseq/default,0.4189601577229946,-0.6583850931677018,0.4303789738075256,0.33329577244749065,0.4041996774667193
real,altman_Arunachalam,quantiseq,0.42782704591635323,-0.8633540372670806,0.47068266179015106,0.3713427325168531,0.40860022852425615
real,altman_Arunachalam,quantiseq/default,0.42782704591635323,-0.8633540372670806,0.47068266179015106,0.3713427325168531,0.40860022852425615
real,altman_Arunachalam,scaden,0.5138012696715708,-0.2795031055900621,0.34754366271384857,0.28415373406639405,0.5019579213929812
real,altman_Arunachalam,scaden/default,0.5138012696715708,-0.2795031055900621,0.34754366271384857,0.28415373406639405,0.5019579213929812
real,altman_Arunachalam,mixupvi,0.0,-0.9937888198757763,0.7053612315597774,0.6434359131325782,0.0
real,altman_Arunachalam,mixupvi/default,0.0,-0.9937888198757763,0.7053612315597774,0.6434359131325782,0.0
real,altman_Arunachalam,scfoundation/ridge_scaler_loo,0.5323240636882854,0.9476629430375324,0.049356192201747626,0.029762506527763567,0.5496025944083028
real,altman_Arunachalam,scfoundation/ridge_scaler,0.5716,0.9603298533574486,0.03929460294926057,0.030752760949672792,0.5328592392843898
real,altman_Arunachalam,scfoundation/ridge,0.5395,0.9664836995112949,0.0388309029972987,0.030389844940338473,0.49887045029084937
real,altman_Arunachalam,scfoundation/ridge_loo,0.5344527297016637,0.9504579740934331,0.04887474039950844,0.029961712831346472,0.5422167638887352
real,altman_Arunachalam,autogenes,0.4789855838618625,-0.5962732919254656,0.351211698139485,0.2867527274936075,0.45952501686666425
real,altman_Arunachalam,autogenes/default,0.4789855838618625,-0.5962732919254656,0.351211698139485,0.2867527274936075,0.45952501686666425
real,altman_Arunachalam,bulkformer_mean_pool_loo,0.623319862983827,0.9574011787715485,0.04264326113111088,0.026959325654915905,0.6059963807360592
real,altman_Arunachalam,bulkformer_random_loo,0.6142423119792987,0.9386736009517673,0.050908422141331185,0.03226174392429724,0.6045560971188444
real,demixsc_retina,pca_ridge,0.42972352992413215,0.9571428571428573,0.042970732421734506,0.029915068526523453,0.3571428571428571
real,demixsc_retina,bulkformer/bootstrap,0.694,,0.0498,,
real,demixsc_retina,bulkformer/fstat,0.6655221395022426,0.8439030585677305,0.07854543017467697,0.044886892843798216,0.6531545141817687
real,demixsc_retina,bulkformer/ridge_scaler_loo,0.2328461128763932,0.9054314647628626,0.06777960740033408,0.035463220108082845,0.07505432047140193
real,demixsc_retina,bulkformer/ridge_scaler,0.719796571716736,0.9526939648635647,0.0640886812411785,0.029548044039192454,0.6714285714285714
real,demixsc_retina,bulkformer/mean_pool,0.448,0.9571428571428573,0.0212711424564149,0.01868004804281597,0.5142857142857142
real,demixsc_retina,bulkformer/random_mean_pool,0.6097,0.9642857142857142,0.01855141506141517,0.016203487751248247,0.5714285714285714
real,demixsc_retina,bulkformer/random,0.7203,0.8510459157105876,0.05365231921532299,0.04146436002846917,0.6285714285714284
real,demixsc_retina,bulkformer/ridge,0.6426518291562155,0.8081887728534447,0.08723339578830466,0.05336155739020883,0.6849181701428452
real,demixsc_retina,bulkformer/ridge_loo,0.1748400375853123,0.7784709394341761,0.0950112619351417,0.049272647187982174,0.33448575129308733
real,demixsc_retina,recide,0.3561500175179776,0.3836042548029326,0.13273776235969373,0.09891610170634124,0.26303230821248264
real,demixsc_retina,fardeep,0.4266404515183822,0.48753415840000836,0.12829531718262935,0.09437649847627545,0.2603425261681319
real,demixsc_retina,deconrnaseq,0.15003488779490207,0.48436029415167825,0.15069490233564606,0.10546580461704892,0.05567484544691551
real,demixsc_retina,cibersortx,0.4578225691668348,0.38439207818854215,0.12140819086078727,0.0930450014631747,0.2746499331893544
real,demixsc_retina,scdc,0.35904190571517475,0.6288170755645127,0.15595819935512964,0.10522183172831809,0.3061591020918827
real,demixsc_retina,squid,0.0,0.0,0.17027358425456943,0.12940671768707482,0.0
real,demixsc_retina,deconpeaker,0.42925977712690916,0.5534166107970767,0.09640309605483036,0.08140711947773875,0.25646430223876765
real,demixsc_retina,decode,0.12852675089708215,0.03273809523809524,0.17991830343495746,0.14325538394125223,0.07704110398001307
real,demixsc_retina,demixsc,0.15308834804428076,0.6026749396075411,0.19224290079412565,0.128864955768518,0.07090448209113565
real,demixsc_retina,pca_ridge_loo,0.27883972666249385,0.8120507522081096,0.11643707324686797,0.04660190535292384,0.4659961198016152
real,demixsc_retina,diffformer,0.1530883480442806,0.6026749396075411,0.19224290079412557,0.128864955768518,0.07090448209113565
real,demixsc_retina,cpm,0.5176375848037651,0.32589285714285715,0.11628372988030056,0.09846169690186647,0.42170902034824514
real,demixsc_retina,dwls,0.6964518896805867,0.4538690476190477,0.08555873690679451,0.06686290461603786,0.573737764655209
real,demixsc_retina,deconica,0.04068965148728138,-0.08483065962952151,0.2548822167408798,0.18107687447994145,-0.021782181527398886
real,demixsc_retina,bayice,0.16271314607628135,0.06547619047619051,0.18941387433160575,0.14135348661988825,0.122954610703417
real,demixsc_retina,nnls,0.17556493116567776,0.6026749396075411,0.1331820268120797,0.09702846193998657,0.10599659745588734
real,demixsc_retina,bulkformer_random_mean_pool_loo,0.36858357381165696,0.9002976190476192,0.046273095239192714,0.02686159290305746,0.4320957036843515
real,demixsc_retina,emeth,0.34347104382054916,0.3676731801123885,0.11251673273032839,0.08290747270401237,0.30014578156814226
real,demixsc_retina,countbridges,0.5878588100417625,0.31250000000000006,0.10811986466698166,0.08574757993926072,0.4257506110787323
real,demixsc_retina,scgpt/da,0.15131199859532282,0.18750000000000003,0.1665741131371573,0.11102460175295974,0.07904879689371005
real,demixsc_retina,scgpt/ridge_scaler_loo,0.3163095572693485,0.9017857142857144,0.05442569386695845,0.0327081633416489,0.35938710277780467
real,demixsc_retina,scgpt/ridge_scaler,0.06513407664695325,0.9214285714285715,0.04477434599151212,0.029615907049033052,-0.04285714285714286
real,demixsc_retina,scgpt/mmd,0.16296809103200816,0.17261904761904767,0.153227194805354,0.10760929289537365,0.0334057291380626
real,demixsc_retina,scgpt/lr_7e5,0.18116738563772988,0.18750000000000003,0.15491397526242073,0.1059667677977554,0.06347547402592527
real,demixsc_retina,scgpt/ridge,0.1785431535766516,0.9642857142857142,0.03686247925815715,0.02166973310256078,0.09999999999999998
real,demixsc_retina,scgpt/finetune,0.23951485842115736,0.1785714285714286,0.15961824903013272,0.10872786941932074,0.12024756656315445
real,demixsc_retina,scgpt/ridge_loo,-0.4029140180562537,0.9235853040336517,0.0628681977067946,0.03394002178290703,-0.5943711374335585
real,demixsc_retina,scgpt/frozen,0.057230131995358834,0.23809523809523814,0.17400663496050917,0.13490430018094038,0.014216132601074082
real,demixsc_retina,nusvr,0.32796495883227833,0.3335535776349188,0.09854852405300502,0.0746143884535487,0.2194935978087971
real,demixsc_retina,daism,0.1819555035054296,0.6979166666666669,0.13967173269358968,0.10309589770381021,0.04517412301346426
real,demixsc_retina,immucellai,0.4677977216804302,0.23907496170957288,0.13996281266479355,0.10814201277159652,0.272004177194692
real,demixsc_retina,deseq2,0.6076230614596762,0.18123117018609416,0.13479054712239005,0.10286456450935488,0.41608687388798987
real,demixsc_retina,bisqueref,0.3065174344392489,0.1535148295241391,0.1975088759309097,0.14804263908777604,0.3020202183814968
real,demixsc_retina,dsa,0.0397603051899771,-0.37599433964323764,0.30979162348788747,0.23833869047619047,0.017691567684081696
real,demixsc_retina,decompress,0.03479334526862288,-0.23807501855139498,0.2814848343938258,0.2079225315384008,-0.03465149653841983
real,demixsc_retina,aric,0.4103362232875155,0.15029761904761907,0.1102345158077068,0.08544639470977841,0.2794779795145644
real,demixsc_retina,scgpt_lora/default,0.5980022294180733,0.9151785714285715,0.043486446142196655,0.032448455691337585,0.5062008816758843
real,demixsc_retina,bayesprism,0.4933050965455593,0.2008928571428572,0.11865411144765238,0.09419590689946002,0.3049466711233251
real,demixsc_retina,toast,0.4198638420425499,-0.19494047619047625,0.26291641674460925,0.1725437469681452,0.15591566719508004
real,demixsc_retina,geneformer/longer,0.12166435281882151,0.3333333333333333,0.18503269308435638,0.13815231021248864,0.08479700979689937
real,demixsc_retina,geneformer/wider,0.03334990925403074,0.09970238095238097,0.17587293840870882,0.13430606889706634,0.012419749762375783
real,demixsc_retina,geneformer/ridge_scaler_loo,0.09217411894400974,0.918154761904762,0.05479318939494374,0.02921799184640058,0.12465278722028632
real,demixsc_retina,geneformer/ridge_scaler,-0.05490771827782329,0.9785714285714286,0.0358194775799224,0.02318130592735115,-0.19999999999999996
real,demixsc_retina,geneformer/finetune_pb5k,0.3806624897803606,0.21279761904761907,0.20443965694038047,0.141658042102656,0.3357012276918991
real,demixsc_retina,geneformer/ridge,-0.050685068336629654,0.9785714285714286,0.03248212016506917,0.020414345020684337,-0.09999999999999999
real,demixsc_retina,geneformer/finetune,0.40276999582271117,0.18005952380952386,0.1738481960945565,0.1309868657179327,0.3193528537212137
real,demixsc_retina,geneformer/ridge_loo,0.06440705662634073,0.9300595238095238,0.052965225001603694,0.028034516366343545,0.18068129272638073
real,demixsc_retina,geneformer/default,0.10825156557406636,0.26636904761904767,0.1726873721347637,0.13022498351354012,0.06918534164746572
real,demixsc_retina,dtangle,0.5988501441164021,0.22321428571428573,0.11395843917589714,0.09196487514121125,0.4231379159352832
real,demixsc_retina,transcriptformer/pca_ridge_loo,-0.18059144798485563,0.9255952380952381,0.05931502907422537,0.03310699179920618,-0.18962200528650727
real,demixsc_retina,transcriptformer/ridge_scaler_loo,0.23176887400458782,0.8720238095238096,0.059382221786398126,0.0328107056654403,0.26033167775267924
real,demixsc_retina,transcriptformer/ridge_scaler,0.2145719783984657,0.9285714285714288,0.05439838887737444,0.03502061224311099,0.15714285714285717
real,demixsc_retina,transcriptformer/ridge,0.08618431882567609,0.9642857142857142,0.03775986827351023,0.023129377644134964,-0.028571428571428588
real,demixsc_retina,transcriptformer/ridge_loo,-0.18059141936796116,0.9255952380952381,0.05931502652365685,0.03310699003585983,-0.18962200528650727
real,demixsc_retina,ols,0.3631435989372561,0.7504082622187549,0.12788743417756127,0.0978630929687312,0.2991106650976838
real,demixsc_retina,bulkformer_mean_pool,0.4479838198273777,0.9571428571428573,0.028691573937324192,0.01868004612254511,0.5142857142857142
real,demixsc_retina,epic,0.2698634991879881,0.4211309523809524,0.18612188770016,0.12400393659212151,0.20735163479099347
real,demixsc_retina,bisquemarker,-0.05381889070372152,0.09672619047619051,0.20996552004148064,0.1377928850648895,-0.09377232030885976
real,demixsc_retina,bulkformer_random,0.728018233165238,0.8867602014248732,0.0741050685797567,0.038426909585683185,0.6714285714285714
real,demixsc_retina,baycount,0.01673526002760395,0.1547619047619048,0.16845132651866554,0.12337817783788016,0.04888282750460068
real,demixsc_retina,deconf,0.002150057523113252,0.003928213644325745,0.22964473971606159,0.16702774011781463,-0.04218885127711577
real,demixsc_retina,adroit,0.4856690588507474,0.5818452380952382,0.09279865361794247,0.07380050073174434,0.32449640433451277
real,demixsc_retina,music,0.5327703735467384,0.2873639873491493,0.1249034599817977,0.08984194868712643,0.31959111247450567
real,demixsc_retina,bulkformer_random_mean_pool,0.5705748927867218,0.9642857142857144,0.02270318047063312,0.016869788289865153,0.5714285714285714
real,demixsc_retina,stack/progressive4,0.27873826677105396,0.1830357142857143,0.16502179661830496,0.11801783307392201,0.15625215591511227
real,demixsc_retina,stack/longer,0.23678312228537393,-0.06398809523809525,0.1735583552654845,0.13192806735258258,0.15680487999233378
real,demixsc_retina,stack/wider,0.27417478147958485,0.08035714285714286,0.15821471329073603,0.12024277449714946,0.1561289858915575
real,demixsc_retina,stack/ridge_scaler_loo,0.5151990520854578,0.9345238095238096,0.044771265388977896,0.023391003556660954,0.541858538378545
real,demixsc_retina,stack/ridge_scaler,0.46136077783342927,0.9642857142857146,0.03434155442469283,0.019696800928407136,0.4428571428571429
real,demixsc_retina,stack/progressive3,0.2152835143284348,0.15029761904761907,0.1572595337469078,0.1161453524820297,0.09556126412316399
real,demixsc_retina,stack/ridge,0.4839180169355691,0.9571428571428573,0.034729008941856244,0.019229340616797153,0.5
real,demixsc_retina,stack/ridge_loo,0.3620055396642029,0.9270833333333334,0.051173005657149384,0.027418564566708565,0.3691763149876908
real,demixsc_retina,stack/default,0.1850629094424734,-0.08035714285714289,0.1711337202117398,0.13122004722405006,0.07257914256028918
real,demixsc_retina,ridge,0.3631516336241591,0.7504082622187549,0.1278865951009174,0.09786257240028484,0.2991106650976838
real,demixsc_retina,lindeconseq,0.5200932559540944,0.34172574896568125,0.12842795319365805,0.09952558492847512,0.28967637162911825
real,demixsc_retina,scaden,0.5724405817713889,0.12946428571428573,0.09599536295979626,0.07562690589200406,0.47340610258896243
real,demixsc_retina,scfoundation/ridge_scaler_loo,0.3077820475229723,0.8988095238095241,0.05195064374810235,0.029516432066888063,0.38042179221683525
real,demixsc_retina,scfoundation/ridge_scaler,0.1028392514489681,0.95,0.042183292899024685,0.028351965669882403,-0.014285714285714275
real,demixsc_retina,scfoundation/ridge,0.21922455113396205,0.95,0.04147033526669073,0.02764037183586508,0.09999999999999999
real,demixsc_retina,scfoundation/ridge_loo,0.2165847459663372,0.8913690476190478,0.05394315049990335,0.030866140920234764,0.3020757075639668
real,demixsc_retina,scfoundation/default,0.0,-0.2381448361039201,0.4249166364319791,0.27401130952380953,0.0
real,demixsc_retina,autogenes,0.4913154839980209,0.5467982301929185,0.07055160972681349,0.0580066889566196,0.3329992314005549
real,demixsc_retina,bulkformer_mean_pool_loo,0.3407342606372123,0.9345238095238096,0.05176472825689132,0.027229026013592526,0.4112913876724373
real,demixsc_retina,bulkformer_random_loo,0.3144125174754612,0.8355406469844464,0.07075732535160899,0.03554498404457279,0.4740344089410843
real,demixsc_retina,tape,0.34281819613015196,0.13095238095238096,0.17112873562116926,0.135194089558419,0.26463385618864016
real,huuki_myers,pca_ridge,0.5934928649762664,0.7488495374577034,0.14663615655353923,0.11658343173044892,0.4156498667330631
real,huuki_myers,bulkformer/bootstrap,0.1107,,0.1807,,
real,huuki_myers,bulkformer/fstat,-0.1244,,0.1871,,
real,huuki_myers,bulkformer/ridge_scaler_loo,0.10741883602834142,0.5971430824979954,0.2245345512223151,0.1697347675071228,-0.04031116483613296
real,huuki_myers,bulkformer/ridge_scaler,0.0475,0.7264400918444316,0.18178616878839868,0.15389938525259597,0.0012989176042577284
real,huuki_myers,bulkformer/mean_pool,0.0026,0.71501152041586,0.18162033451402446,0.1528300931831624,-0.060281709739719934
real,huuki_myers,bulkformer/random_mean_pool,-0.0702,0.7300149087734661,0.17904360373001535,0.15216231264104071,0.008982792135462233
real,huuki_myers,bulkformer/random,0.5421,0.8441157794397629,0.1636444777036579,0.13935342802492998,0.4924257565631372
real,huuki_myers,bulkformer/ridge,0.3295,0.7078727293021301,0.18045178548765203,0.14811850920177605,0.24381465747100303
real,huuki_myers,bulkformer/ridge_loo,0.31555916787888766,0.7092183209485027,0.21927957924357158,0.16282786638420735,0.24046913413217588
real,huuki_myers,recide,0.10123710801485082,-0.27288228702501743,0.5119811507273997,0.4079090217273255,0.07845653856931457
real,huuki_myers,fardeep,0.09612602036492907,-0.31313853121331797,0.5078063999196266,0.40335569639251384,0.07046063034457213
real,huuki_myers,fardeep/default,0.09612602036492907,-0.31313853121331797,0.5078063999196266,0.40335569639251384,0.07046063034457213
real,huuki_myers,deconrnaseq,0.043972704628058086,-0.4928323790343135,0.4859122149750263,0.3968944045635244,0.038024362641776555
real,huuki_myers,deconrnaseq/default,0.043972704628058086,-0.4928323790343135,0.4859122149750263,0.3968944045635244,0.038024362641776555
real,huuki_myers,cibersortx,-0.14990433772924194,-0.9583333333333331,0.7785959115152724,0.7519807711174611,-0.13590680547716366
real,huuki_myers,cibersortx/default,-0.14990433772924194,-0.9583333333333331,0.7785959115152724,0.7519807711174611,-0.13590680547716366
real,huuki_myers,scdc,-0.04388038417070575,-0.3884050628511835,0.5223138191388091,0.4187799115359387,-0.05232026149766392
real,huuki_myers,scdc/default,-0.04388038417070575,-0.3884050628511835,0.5223138191388091,0.4187799115359387,-0.05232026149766392
real,huuki_myers,squid,0.0,0.07160856801063901,0.28400705271003224,0.20730027037943768,0.0
real,huuki_myers,squid/default,0.0,0.07160856801063901,0.28400705271003224,0.20730027037943768,0.0
real,huuki_myers,deconpeaker,-0.010403694778390898,-0.3770626618172483,0.3695818844063778,0.2944833342891561,0.012820942938863905
real,huuki_myers,deconpeaker/default,-0.010403694778390898,-0.3770626618172483,0.3695818844063778,0.2944833342891561,0.012820942938863905
real,huuki_myers,decode,0.18958164715418177,-0.011602342683867804,0.27681004381912105,0.21320087496504872,0.16639664565360665
real,huuki_myers,demixsc,0.0,0.07160856801063901,0.28400705271003224,0.20730027037943768,0.0
real,huuki_myers,demixsc/default,0.0,0.07160856801063901,0.28400705271003224,0.20730027037943768,0.0
real,huuki_myers,pca_ridge_loo,0.5342168800823308,0.7877820910080061,0.16707975158458763,0.10835814107904491,0.5532537922151903
real,huuki_myers,diffformer,0.0,-0.35529182531742914,0.5223407144829993,0.4188111345914032,0.0
real,huuki_myers,diffformer/default,0.0,-0.35529182531742914,0.5223407144829993,0.4188111345914032,0.0
real,huuki_myers,refactor,-0.08628242349583197,0.029416267222886067,0.35411265731098424,0.26236023594766705,-0.06264390152440584
real,huuki_myers,refactor/default,-0.08628242349583197,0.029416267222886067,0.35411265731098424,0.26236023594766705,-0.06264390152440584
real,huuki_myers,deconica,0.09640553021522913,0.16755270861017635,0.3308055677490139,0.24590392875690417,0.080977131595706
real,huuki_myers,deconica/default,0.09640553021522913,0.16755270861017635,0.3308055677490139,0.24590392875690417,0.080977131595706
real,huuki_myers,nnls,0.0,0.0,0.4742690121729458,0.370700273596665,0.0
real,huuki_myers,nnls/default,0.0,0.0,0.4742690121729458,0.370700273596665,0.0
real,huuki_myers,nitumid,0.1205794956435368,-0.23333107442826273,0.3416363801806128,0.2734563340280346,0.1550780997128561
real,huuki_myers,nitumid/default,0.1205794956435368,-0.23333107442826273,0.3416363801806128,0.2734563340280346,0.1550780997128561
real,huuki_myers,bulkformer_random_mean_pool_loo,0.28211842853606045,0.6937365699930912,0.22233704374314112,0.1641728436852306,0.19687506158276089
real,huuki_myers,emeth,-0.06934514739149632,-0.4273485806013606,0.40081442888570096,0.32366053396311556,-0.04111606165263677
real,huuki_myers,emeth/default,-0.06934514739149632,-0.4273485806013606,0.40081442888570096,0.32366053396311556,-0.04111606165263677
real,huuki_myers,rna-sieve,-0.04034793186706192,-0.21849044804364245,0.3522017706235391,0.2737736241523125,-0.040609361244865555
real,huuki_myers,rna-sieve/default,-0.04034793186706192,-0.21849044804364245,0.3522017706235391,0.2737736241523125,-0.040609361244865555
real,huuki_myers,condecon,0.0,0.07160856801063901,0.28400705271003224,0.20730027037943768,0.0
real,huuki_myers,condecon/default,0.0,0.07160856801063901,0.28400705271003224,0.20730027037943768,0.0
real,huuki_myers,countbridges,0.05771452606210698,-0.23362897583901562,0.37413852893702965,0.3126114696451539,0.09104131711030607
real,huuki_myers,scgpt/da,-0.14577605858444231,-0.23259309761659241,0.2859303456564023,0.2247682684189319,-0.13805201565409758
real,huuki_myers,scgpt/ridge_scaler_loo,0.06914508429139832,0.6299165027299578,0.23025091974093145,0.17048352185881357,0.03657426434702098
real,huuki_myers,scgpt/ridge_scaler,0.0637,0.7643006230591805,0.1798182501801557,0.1536048463377784,0.11969747440993465
real,huuki_myers,scgpt/mmd,-0.07626349697044466,-0.21844955732104268,0.3489986544334747,0.28318749559059403,-0.0500000171674275
real,huuki_myers,scgpt/lr_7e5,-0.10903224828704973,-0.23467388968172131,0.2812195540126408,0.2178279688648748,-0.07787639423881633
real,huuki_myers,scgpt/ridge,0.30948120161945236,0.731552701584028,0.2218332801286194,0.16908449467880637,0.30447741501267683
real,huuki_myers,scgpt/search/ridge_cv,0.2076861816862003,-0.04505313557161434,0.2767401202561953,0.2255564114197745,0.20198651866676895
real,huuki_myers,scgpt/search/nusvr,0.0790294139613968,-0.137267623836461,0.5289899233999322,0.4234711912614467,0.04144542211185001
real,huuki_myers,scgpt/search/centroid_ridge,-0.0788164861989508,0.36217527059893556,0.3297709278386302,0.24191544960163358,-0.06439928539200332
real,huuki_myers,scgpt/search/elasticnet,0.0,-0.34226627474170357,0.5316602281938793,0.42526000559438765,0.0
real,huuki_myers,scgpt/search/centroid_nusvr,0.10828397919775071,0.5780752383398311,0.2308028359758575,0.18138670674907714,0.08055825287966101
real,huuki_myers,scgpt/search/ensemble,0.0770031447767828,-0.001267454351692572,0.5268446710660227,0.42197899351112145,0.05383821505987372
real,huuki_myers,scgpt/finetune,-0.03311939941078869,0.07842925458126397,0.27558616401096103,0.21358483744556456,-0.0333621008938933
real,huuki_myers,scgpt/ridge_loo,-0.29070545646633006,0.7270886982328761,0.22487761488510027,0.17256408444602792,-0.2773209183314999
real,huuki_myers,scgpt/frozen,-0.0777749943656489,-0.17380952380952383,0.283479753083269,0.2141922303660829,-0.11802428272337928
real,huuki_myers,debcam,0.051438996540124626,-0.18704806534746185,0.4333267906271735,0.3406904348520678,0.04884679906227649
real,huuki_myers,debcam/default,0.051438996540124626,-0.18704806534746185,0.4333267906271735,0.3406904348520678,0.04884679906227649
real,huuki_myers,nusvr,0.17130505446786173,-0.9999999999999999,0.34859089495004525,0.3082593917747086,0.07497846047241177
real,huuki_myers,nusvr/default,0.17130505446786173,-0.9999999999999999,0.34859089495004525,0.3082593917747086,0.07497846047241177
real,huuki_myers,daism,0.10084225055153646,-0.44464681022673075,0.3376997153552172,0.2539664538477238,0.10519385706791474
real,huuki_myers,daism/default,0.10084225055153646,-0.44464681022673075,0.3376997153552172,0.2539664538477238,0.10519385706791474
real,huuki_myers,immucellai,0.08405453020253367,0.26193905255584454,0.28705457153764136,0.2127470238222792,0.07879929829066507
real,huuki_myers,immucellai/default,0.08405453020253367,0.26193905255584454,0.28705457153764136,0.2127470238222792,0.07879929829066507
real,huuki_myers,deseq2,0.017028666569112397,-0.3874576150135525,0.4097879514066296,0.3513034632408516,0.034038668633381515
real,huuki_myers,deseq2/default,0.017028666569112397,-0.3874576150135525,0.4097879514066296,0.3513034632408516,0.034038668633381515
real,huuki_myers,mixture,-0.00026570074753915857,-0.44816324839065214,0.5127298452796293,0.415639495966416,-0.007521709641931819
real,huuki_myers,mixture/default,-0.00026570074753915857,-0.44816324839065214,0.5127298452796293,0.415639495966416,-0.007521709641931819
real,huuki_myers,prede,0.038715442652449396,0.10983569099995734,0.36362084416597357,0.28896665093918733,0.0365168520976856
real,huuki_myers,prede/default,0.038715442652449396,0.10983569099995734,0.36362084416597357,0.28896665093918733,0.0365168520976856
real,huuki_myers,bisqueref,-0.08638827216417454,0.08443201260666251,0.34588577187492736,0.2659644051448678,-0.13942987113178382
real,huuki_myers,bisqueref/default,-0.08638827216417454,0.08443201260666251,0.34588577187492736,0.2659644051448678,-0.13942987113178382
real,huuki_myers,dsa,0.08914380117552129,0.31480056261155037,0.4228102616303175,0.33437316300715625,0.09348432257136813
real,huuki_myers,dsa/default,0.08914380117552129,0.31480056261155037,0.4228102616303175,0.33437316300715625,0.09348432257136813
real,huuki_myers,aric,0.034943932814197144,-0.39759984953612765,0.3896298440016353,0.3156619354449758,0.028701372502010696
real,huuki_myers,aric/default,0.034943932814197144,-0.39759984953612765,0.3896298440016353,0.3156619354449758,0.028701372502010696
real,huuki_myers,deconvseq,0.051206161291259544,0.3418257824448609,0.4755647629658113,0.37213322495056,0.08368764023047266
real,huuki_myers,deconvseq/default,0.051206161291259544,0.3418257824448609,0.4755647629658113,0.37213322495056,0.08368764023047266
real,huuki_myers,scgpt_lora,0.25400407736929564,0.718967180247703,0.17384272347169322,0.1396987335709581,0.25796189417566423
real,huuki_myers,scgpt_lora/default,0.12281956772009532,0.7028345812122936,0.21161732077598572,0.1651967465877533,0.1201643509801469
real,huuki_myers,bayesprism,0.0759562907422838,-0.10803204356497458,0.43239938862511823,0.33283576910137264,0.007010679024324007
real,huuki_myers,bayesprism/default,0.0759562907422838,-0.10803204356497458,0.43239938862511823,0.33283576910137264,0.007010679024324007
real,huuki_myers,sweetwater,-0.005202961293823129,0.16353870185376151,0.29445608373803006,0.21376475286747934,-0.005927291345535185
real,huuki_myers,sweetwater/default,-0.005202961293823129,0.16353870185376151,0.29445608373803006,0.21376475286747934,-0.005927291345535185
real,huuki_myers,toast,0.03219072069755217,0.16890092724731323,0.40360855047405403,0.31772953469906784,0.02051859251941642
real,huuki_myers,toast/default,0.03219072069755217,0.16890092724731323,0.40360855047405403,0.31772953469906784,0.02051859251941642
real,huuki_myers,geneformer/longer,0.13404921807756884,-0.014132245770196625,0.2910405988841296,0.21293538394666403,0.115128410024951
real,huuki_myers,geneformer/wider,0.03458045142130056,0.3939065745099897,0.2799229703042291,0.20431819942806115,0.0693222682561407
real,huuki_myers,geneformer/ridge_scaler_loo,-0.15314912901939046,0.6642902320958556,0.22236409612707675,0.1711649706286087,-0.16166364190270519
real,huuki_myers,geneformer/ridge_scaler,-0.3796,0.6657224177725399,0.19489160988487608,0.16769468926962447,-0.32997918414965444
real,huuki_myers,geneformer/ridge,-0.0142,0.6542938463439685,0.19004302675142756,0.16340352010944206,-0.13939494881986927
real,huuki_myers,geneformer/finetune,-0.08104382583195523,0.2528278044970817,0.2799411701737689,0.20508290231081214,-0.07917851184305098
real,huuki_myers,geneformer/ridge_loo,-0.20046862012133818,0.6547664225720461,0.22387808238657883,0.17067594787800264,-0.19459444445391516
real,huuki_myers,geneformer/default,0.1470436321883365,-0.17663506940153492,0.2995857621028059,0.21896617323006115,0.1293921207297973
real,huuki_myers,dtangle,0.12025691177073605,-0.19598284876497743,0.29313254016752116,0.23406541844494175,0.11556277827387834
real,huuki_myers,dtangle/default,0.12025691177073605,-0.19598284876497743,0.29313254016752116,0.23406541844494175,0.11556277827387834
real,huuki_myers,transcriptformer/pca_ridge_loo,-0.47080397145594804,0.7192010875631368,0.22549551612898158,0.17278555018598554,-0.4490903340556966
real,huuki_myers,transcriptformer/progressive4,0.020573065965254822,0.34092981930753163,0.28157563464122215,0.205445127256193,0.026898751102317847
real,huuki_myers,transcriptformer/longer,0.2858861877901779,-0.1447844664067541,0.45472590069631147,0.3529044673509163,0.2760372852518905
real,huuki_myers,transcriptformer/ridge_scaler_loo,0.15410465041592092,0.6830422086377923,0.2216439993302492,0.16500066811891062,0.17269222009545207
real,huuki_myers,transcriptformer/ridge_scaler,0.111,0.6161607839282419,0.19071104765444089,0.16226780642408456,0.010281709739719905
real,huuki_myers,transcriptformer/progressive3,-0.0780700461732003,0.2504536288313412,0.2847553707194934,0.2074393600866479,-0.07920110403981524
real,huuki_myers,transcriptformer/ridge,-0.0286,0.6642924910009261,0.18859791508705667,0.16907279534227193,0.09491396067731095
real,huuki_myers,transcriptformer/finetune,0.24521736231455274,0.26831416004608993,0.47508544695614735,0.3717996801654937,0.21750162662641268
real,huuki_myers,transcriptformer/ridge_loo,-0.4708040251573277,0.7192010875631368,0.22549551755352598,0.17278555115632668,-0.4490903340556966
real,huuki_myers,transcriptformer/default,0.061002287258466015,-0.007876316144386294,0.30996114736485636,0.2370110753851222,0.01936024344004512
real,huuki_myers,ols,-0.24757517069670168,-0.8749999999999999,0.7622693051959443,0.7268236713330707,-0.2281037089380662
real,huuki_myers,ols/default,-0.24757517069670168,-0.8749999999999999,0.7622693051959443,0.7268236713330707,-0.2281037089380662
real,huuki_myers,bulkformer_mean_pool,0.0025915570371247143,0.71501152041586,0.2015427232171169,0.15283009182079196,-0.060281709739719934
real,huuki_myers,epic,0.02966622873188442,-0.26502595000245527,0.3977193137275258,0.32578193620898627,0.07369278078863971
real,huuki_myers,epic/default,0.02966622873188442,-0.26502595000245527,0.3977193137275258,0.32578193620898627,0.07369278078863971
real,huuki_myers,bisquemarker,0.10575889666966282,-0.02027853057079443,0.3536980721498437,0.28041821165109787,0.0829993990676239
real,huuki_myers,bisquemarker/default,0.10575889666966282,-0.02027853057079443,0.3536980721498437,0.28041821165109787,0.0829993990676239
real,huuki_myers,bulkformer_random,0.5402610748726627,0.8468532939695269,0.18327593633082723,0.13446505965311895,0.5014085486985994
real,huuki_myers,baycount,-0.04505391846926238,0.08051004664639287,0.290969756260633,0.21569446418773053,-0.03417438221151115
real,huuki_myers,baycount/default,-0.04505391846926238,0.08051004664639287,0.290969756260633,0.21569446418773053,-0.03417438221151115
real,huuki_myers,adroit,0.003984838858712903,-0.5572690739527362,0.4760234019943074,0.3897746781251615,0.007902036646570127
real,huuki_myers,adroit/default,0.003984838858712903,-0.5572690739527362,0.4760234019943074,0.3897746781251615,0.007902036646570127
real,huuki_myers,mcpcounter,0.007097937846976973,-0.26383660326451436,0.28367652081817196,0.20750846598280068,0.002908195714845116
real,huuki_myers,mcpcounter/default,0.007097937846976973,-0.26383660326451436,0.28367652081817196,0.20750846598280068,0.002908195714845116
real,huuki_myers,music,-0.0054669251279253935,-0.20836959351997655,0.4275445886996094,0.3410725182457777,0.017069606554056514
real,huuki_myers,music/default,-0.0054669251279253935,-0.20836959351997655,0.4275445886996094,0.3410725182457777,0.017069606554056514
real,huuki_myers,bulkformer_random_mean_pool,-0.03221844518054732,0.7400135534304237,0.19874846180187103,0.15122570709826869,0.008116847065957075
real,huuki_myers,stack/progressive4,-0.14768806962287054,0.029916502729957727,0.2844673151631249,0.20750397256782435,-0.14378933801106633
real,huuki_myers,stack/longer,-0.02410935958904585,-0.08199955370015724,0.3991580881201863,0.2990905308486282,0.009988705165531334
real,huuki_myers,stack/wider,0.06556997404588183,0.025596932274041053,0.3602306247934871,0.27153513313366057,0.058513066428713574
real,huuki_myers,stack/ridge_scaler_loo,0.3360347808871124,0.6641435402955497,0.21074614616825263,0.15994179732197814,0.3435234529895462
real,huuki_myers,stack/ridge_scaler,0.3896,0.7193013007307016,0.17450733544891098,0.14791551099297462,0.35865945069505134
real,huuki_myers,stack/progressive3,-0.10243517297993208,-0.02990520820460467,0.28844673282703764,0.21022685499336968,-0.07439004728636686
real,huuki_myers,stack/ridge,0.3131,0.694299267716138,0.1803869147160387,0.15852295988956086,0.4185081879000187
real,huuki_myers,stack/ridge_loo,0.13238136749200707,0.6772376489382524,0.21746515875685424,0.16727255578478542,0.15418573325234225
real,huuki_myers,stack/default,0.0383819772238363,0.1257458829794175,0.3099599113911615,0.22912282976393653,0.045311167276066405
real,huuki_myers,ridge,-0.2270317348409878,-0.8333333333333331,0.7517105864226851,0.7108379834291002,-0.2267125964709535
real,huuki_myers,ridge/default,-0.2270317348409878,-0.8333333333333331,0.7517105864226851,0.7108379834291002,-0.2267125964709535
real,huuki_myers,mysort,0.019150772086605983,-0.48927082025361174,0.4182800790043621,0.34548259883775506,-0.027130219602872475
real,huuki_myers,mysort/default,0.019150772086605983,-0.48927082025361174,0.4182800790043621,0.34548259883775506,-0.027130219602872475
real,huuki_myers,lindeconseq,0.10707083221863554,-0.42389777096263376,0.3823661893410913,0.31052914014582433,0.11503618988808985
real,huuki_myers,lindeconseq/default,0.10707083221863554,-0.42389777096263376,0.3823661893410913,0.31052914014582433,0.11503618988808985
real,huuki_myers,quantiseq,0.03379304644683397,-0.42179261507262306,0.5028769411584217,0.4068930878164551,0.045502606244371906
real,huuki_myers,quantiseq/default,0.03379304644683397,-0.42179261507262306,0.5028769411584217,0.4068930878164551,0.045502606244371906
real,huuki_myers,scaden,-0.005934461246488112,-0.047018726987400665,0.32698826386458213,0.25668674551089454,0.05238962289068314
real,huuki_myers,scaden/default,-0.005934461246488112,-0.047018726987400665,0.32698826386458213,0.25668674551089454,0.05238962289068314
real,huuki_myers,mixupvi,0.0,-0.35529182531742914,0.5223407144829993,0.4188111345914032,0.0
real,huuki_myers,mixupvi/default,0.0,-0.35529182531742914,0.5223407144829993,0.4188111345914032,0.0
real,huuki_myers,scfoundation/full,0.0009492474990080204,0.28735500237849715,0.27860492616452565,0.20442567136666848,0.029056287813536186
real,huuki_myers,scfoundation/longer,0.018601161516451786,-0.17038139868079516,0.29094225865931345,0.2136813275061178,0.02359315618779595
real,huuki_myers,scfoundation/ridge_scaler_loo,0.326682683210711,0.7690356008563795,0.20943870724250313,0.15475919853277806,0.3250925595230791
real,huuki_myers,scfoundation/ridge_scaler,0.4474,0.7778740846451725,0.16682704612215837,0.14473452639694603,0.4248931448269655
real,huuki_myers,scfoundation/mean_pool,0.03098999320747911,0.12187542354470075,0.28564095090836744,0.2056854390743553,0.022422484092007793
real,huuki_myers,scfoundation/ridge,0.4536,0.8350169417880297,0.16798661258778555,0.14615901564744838,0.4505426036290943
real,huuki_myers,scfoundation/ridge_loo,0.28523988266514855,0.7875107297990854,0.21067950241075525,0.15600587540679625,0.270315377513303
real,huuki_myers,scfoundation/default,0.08540339622471332,0.19748139143902424,0.2808350569943911,0.20714461818024352,0.04182996576165086
real,huuki_myers,autogenes,0.12972546771322988,-0.263867813825662,0.3473012642036648,0.28701384115937295,0.07768986734571766
real,huuki_myers,autogenes/default,0.12972546771322988,-0.263867813825662,0.3473012642036648,0.28701384115937295,0.07768986734571766
real,huuki_myers,bulkformer_mean_pool_loo,-0.24821185196767495,0.593159562078037,0.22850148240848012,0.17293809476942854,-0.25836628943540946
real,huuki_myers,bulkformer_random_loo,0.4551594861429802,0.7814050126596984,0.20956248450374032,0.15516490957785004,0.3932312319139895
real,huuki_myers,tape,0.025195342096236927,-0.27812457645529925,0.3127146072216787,0.22981882038473497,0.037016855172133024
real,huuki_myers,tape/default,0.025195342096236927,-0.27812457645529925,0.3127146072216787,0.22981882038473497,0.037016855172133024
real,sdy67,pca_ridge,0.6386313331593593,0.9534416319854475,0.050383520445434996,0.030620869842139888,0.6117603023862872
real,sdy67,bulkformer/random_scaler,0.6569,0.9699999999999999,0.03388884583841255,0.026746933519078815,0.6491263932499242
real,sdy67,bulkformer/bootstrap,0.6376,,0.0345,,
real,sdy67,bulkformer/mean_pool_scaler,0.4678,0.9739999999999999,0.04599047273835818,0.03625378079921136,0.48168520373223106
real,sdy67,bulkformer/fstat_scaler,0.7040935625899373,0.976,0.03993480948016595,0.025598656441255134,0.6846805043996798
real,sdy67,bulkformer/fstat,0.6475,,0.0382,,
real,sdy67,bulkformer/ridge_scaler_loo,0.5990315795671367,0.9663999999999998,0.046605907954747096,0.02928906334880339,0.6068453318944081
real,sdy67,bulkformer/random_mean_pool_scaler,0.6357,0.9699999999999999,0.03724496920442057,0.029941696189398525,0.6344201680672269
real,sdy67,bulkformer/ridge_scaler,0.5977,0.9619999999999999,0.04138779755848052,0.033163380127263185,0.5963905192315713
real,sdy67,bulkformer/mean_pool,0.5227,0.9719999999999999,0.041751933977859076,0.0330155908716511,0.5249750574905521
real,sdy67,bulkformer/random_mean_pool,0.682,0.9739999999999998,0.030464916598341534,0.02339361113243143,0.675724491698532
real,sdy67,bulkformer/random,0.6328,0.9679999999999999,0.03650440775187587,0.02731886550950277,0.5994614178755341
real,sdy67,bulkformer/ridge,0.6069,0.9604156536333622,0.04090336161259398,0.03199795250967198,0.6415649521331948
real,sdy67,bulkformer/ridge_loo,0.5933832603682607,0.9605994631912724,0.04873644348792641,0.03067064153363331,0.6117052140392014
real,sdy67,bulkformer/bootstrap_scaler,0.5978064967244552,0.9699999999999999,0.05120283277463854,0.03286422934479597,0.6195342136854742
real,sdy67,recide,0.5490466806083977,0.6333558701125108,0.1810697121588523,0.13610568679653393,0.49713903391344083
real,sdy67,fardeep/default,0.30576746507190034,0.5602596640468968,0.1546429301545946,0.11581928367822487,0.3091954269108693
real,sdy67,deconrnaseq/default,0.23426735080355207,0.44946582384477546,0.22013093094107394,0.15668112914007515,0.21618214938837693
real,sdy67,cibersortx,0.321369760872679,0.3901533722104695,0.1764067747121642,0.13714806304082772,0.2823197669878387
real,sdy67,cibersortx/default,0.321369760872679,0.3901533722104695,0.1764067747121642,0.13714806304082772,0.2823197669878387
real,sdy67,scdc/default,0.29552203420292883,0.655946723157852,0.12336348554131193,0.08821743720908179,0.26900765691022804
real,sdy67,squid,0.0,0.0,0.23537153953909848,0.18785808759513295,0.0
real,sdy67,squid/default,0.0,0.0,0.23537153953909848,0.18785808759513295,0.0
real,sdy67,momf/default,0.3460968341098674,-0.19027793505625545,0.3031207998453675,0.2394936083048632,0.29101167640337444
real,sdy67,deconpeaker/default,0.5475580359287726,0.5815922398054302,0.2098661757477857,0.16272473297170195,0.5179979210148629
real,sdy67,decode/default,0.14645457356550334,0.48679999999999995,0.1511907472249401,0.11507327961433719,0.14218188451015215
real,sdy67,demixsc,0.0,0.0,0.23537153953909848,0.18785808759513295,0.0
real,sdy67,demixsc/default,0.0,0.0,0.23537153953909848,0.18785808759513295,0.0
real,sdy67,pca_ridge_loo,0.7201079043381188,0.971387044135013,0.03865671306953552,0.024539624634388964,0.705373579567888
real,sdy67,refactor/default,0.05436100035209727,-0.05834501189416213,0.38507627900573804,0.2744180617137975,0.028247528598114302
real,sdy67,cpm/default,0.3097226792961766,0.7563999999999999,0.19863393320710537,0.14940128527167112,0.296271261940191
real,sdy67,dwls/default,0.5273970608382325,0.6427999999999999,0.18452274644028668,0.13887799857074748,0.4847591194011698
real,sdy67,deconica/default,0.009348851249015345,-0.06803660433228037,0.31423075149205304,0.22784546439869557,0.010907208116348197
real,sdy67,bayice/default,0.40504296146682695,0.7315999999999999,0.2452625842555681,0.17098234339538368,0.42159304948879184
real,sdy67,nnls,0.2693941475505096,0.5431464566694064,0.13733443411924148,0.10214862897492336,0.21770855079596427
real,sdy67,nnls/default,0.2693941475505096,0.5431464566694064,0.13733443411924148,0.10214862897492336,0.21770855079596427
real,sdy67,nitumid/default,0.256511211681941,-0.62,0.31600322670318476,0.2361979785362701,0.22406904430470886
real,sdy67,bulkformer_random_mean_pool_loo,0.6777160203472559,0.9772,0.03797868428543522,0.024527932370026373,0.6627500673731302
real,sdy67,linseed,-0.005980564871550801,-0.6964341053954026,0.541442038973458,0.3981295380618029,-0.004411846589545432
real,sdy67,linseed/default,-0.005980564871550801,-0.6964341053954026,0.541442038973458,0.3981295380618029,-0.004411846589545432
real,sdy67,emeth/default,0.1426299885025241,0.4167602252426461,0.2167386118942711,0.14682311140989063,0.17520814294942058
real,sdy67,rna-sieve/default,0.3866580043831035,0.6937454787716768,0.19031232902357806,0.14023939174033165,0.37873780023391207
real,sdy67,condecon,0.0,0.0,0.23537153953909848,0.18785808759513295,0.0
real,sdy67,condecon/default,0.0,0.0,0.23537153953909848,0.18785808759513295,0.0
real,sdy67,countbridges,0.40334331837631465,0.6103999999999999,0.10486301012462286,0.08351942725196945,0.35649955359285745
real,sdy67,scgpt/da,0.49509912351787405,0.6307999999999999,0.10436315153047214,0.07848731679572124,0.40647257716123447
real,sdy67,scgpt/ridge_scaler_loo,0.6382688843136937,0.9711999999999998,0.04612233962899643,0.029223582930844295,0.6532886074764852
real,sdy67,scgpt/ridge_scaler,0.5748,0.9659999999999997,0.043255510847460404,0.035452834468812706,0.5712379927834389
real,sdy67,scgpt/mmd,0.4002553851632261,0.572,0.10999338673544062,0.08732602436322669,0.3234644266308261
real,sdy67,scgpt/lr_7e5,0.5198885972216418,0.6431999999999999,0.14501947427796133,0.10971129712836777,0.3954717227475639
real,sdy67,scgpt/ridge,0.4820121323394931,0.9731999999999998,0.0545168056091655,0.035443078860330414,0.4849895454327268
real,sdy67,scgpt/search/ridge_cv,0.0,-0.14046019602245563,0.5514018630194567,0.4347462370897152,0.0
real,sdy67,scgpt/search/nusvr,0.038071149578863275,-0.6984000000000001,0.4285471521218062,0.37559973940665303,0.014200835213363405
real,sdy67,scgpt/search/centroid_ridge,0.007753269007720109,-0.4808,0.23830256811954498,0.1987126890116817,0.01584658954543272
real,sdy67,scgpt/search/elasticnet,0.0,-0.14046019602245563,0.5514018630194567,0.4347462370897152,0.0
real,sdy67,scgpt/search/centroid_nusvr,0.0,-0.14046019602245563,0.5514018630194567,0.4347462370897152,0.0
real,sdy67,scgpt/search/ensemble,0.02189245881503612,-0.60504912564555,0.5229317590586311,0.41589802476017396,0.004159170546728749
real,sdy67,scgpt/finetune,0.5115435012286695,0.7636,0.12849170569966104,0.09580277027665961,0.438016685066961
real,sdy67,scgpt/ridge_loo,0.3759133149066569,0.9719999999999999,0.057801686011471454,0.03761902520373982,0.3954692651082417
real,sdy67,scgpt/frozen,0.061467603807115176,-0.5483999999999999,0.30644905464311056,0.24414887586428913,0.04812818125090001
real,sdy67,debcam,-0.042852299523251154,-0.7951999999999998,0.3351558346888649,0.2918737227399777,-0.05064188547016749
real,sdy67,debcam/default,-0.042852299523251154,-0.7951999999999998,0.3351558346888649,0.2918737227399777,-0.05064188547016749
real,sdy67,nusvr,0.31866447084502614,0.40025728561881,0.17843973391346168,0.13762645613322894,0.28748906493629545
real,sdy67,nusvr/default,0.31866447084502614,0.40025728561881,0.17843973391346168,0.13762645613322894,0.28748906493629545
real,sdy67,daism/default,0.3060887038846129,-0.024800000000000003,0.2707083001688065,0.21439170480196598,0.309723884117359
real,sdy67,immucellai/default,0.4225046021962141,0.29049615321377076,0.23644579696619025,0.18283909884747693,0.4154954325013918
real,sdy67,deseq2/default,0.5486545204941,0.7451904001876504,0.21621318750533325,0.15127749020932346,0.5016506756030801
real,sdy67,mixture/default,0.28374433410010585,0.5345540384315832,0.16633927995340714,0.11549998830520676,0.2244296339701941
real,sdy67,hspe,0.1180629451235516,0.12359999999999999,0.21118094078157093,0.1494599687260809,0.2949856179283524
real,sdy67,hspe/default,0.1180629451235516,0.12359999999999999,0.21118094078157093,0.1494599687260809,0.2949856179283524
real,sdy67,prede/default,0.19529583065331596,-0.32869004477895225,0.42984858132917275,0.31568551538512335,0.15573780294123946
real,sdy67,bisqueref/default,0.269254833573525,0.45227660654958474,0.2011629569805519,0.14374404886239414,0.2022153351593469
real,sdy67,dsa,0.3196235357705534,-0.7172,0.3298116011624083,0.27864903566611154,0.2663264628234051
real,sdy67,dsa/default,0.3196235357705534,-0.7172,0.3298116011624083,0.27864903566611154,0.2663264628234051
real,sdy67,decompress,-0.13671531960939287,0.5339999999999999,0.17608205499580645,0.12904017193023753,-0.15793043728699657
real,sdy67,decompress/default,-0.13671531960939287,0.5339999999999999,0.17608205499580645,0.12904017193023753,-0.15793043728699657
real,sdy67,aric/default,-0.014932276672962902,0.5540994857398278,0.20898777454456258,0.1499264674244971,-0.01342835767996442
real,sdy67,deconvseq,0.13030005795592564,0.33679999999999993,0.407325519391088,0.2879687859335206,0.2160010752172034
real,sdy67,deconvseq/default,0.13030005795592564,0.33679999999999993,0.407325519391088,0.2879687859335206,0.2160010752172034
real,sdy67,scgpt_lora,0.5495505192969213,0.9408,0.05188731236032027,0.037381382751749875,0.5325466327461239
real,sdy67,scgpt_lora/default,0.5495505192969213,0.9408,0.05188731236032027,0.037381382751749875,0.5325466327461239
real,sdy67,bayesprism/default,0.3459345540904895,0.6496,0.11333536410764873,0.0865597940838975,0.3186073633178131
real,sdy67,sweetwater,0.24582688211964668,0.254,0.2340509946198203,0.18650609461978168,0.2360305284884558
real,sdy67,sweetwater/default,0.24582688211964668,0.254,0.2340509946198203,0.18650609461978168,0.2360305284884558
real,sdy67,toast/default,0.3612250326156562,0.1544,0.23263478758865544,0.20090527681513531,0.3172091201459223
real,sdy67,geneformer/longer,0.05441146271968665,-0.43359999999999993,0.2939378743830727,0.22865351505313888,0.07389330389286228
real,sdy67,geneformer/wider,-0.009700238958613433,-0.06479999999999998,0.27952653112071274,0.21681563660647923,-0.03258791340661451
real,sdy67,geneformer/ridge_scaler_loo,0.29127268857300054,0.9675999999999999,0.056352508741932705,0.03650899469419407,0.3138568269474723
real,sdy67,geneformer/ridge_scaler,0.3196,0.9699999999999999,0.046036908595385895,0.03697341144654901,0.3600768307322929
real,sdy67,geneformer/ridge,0.2731,0.9699999999999999,0.04705069234786037,0.03777964957815089,0.28339975990396155
real,sdy67,geneformer/finetune,0.009988674915959509,-0.49439999999999995,0.3371345374232628,0.27143086761962676,0.0167820669130706
real,sdy67,geneformer/ridge_loo,0.22935146476355675,0.9708,0.055636693123702875,0.036124036674220206,0.25864050304804875
real,sdy67,geneformer/default,0.027494613079779927,-0.024399999999999998,0.24525795566770567,0.19583524501781832,0.047471530744491904
real,sdy67,dtangle/default,0.45741177333028754,-0.045599999999999995,0.21849697426809672,0.16449530790821085,0.4104012672202755
real,sdy67,transcriptformer/pca_ridge_loo,0.6822069148188289,0.9728,0.04260546781109036,0.027049937473069285,0.6717760288089546
real,sdy67,transcriptformer/progressive4,0.1613037773658147,0.042,0.5287272983240455,0.3842550139199976,0.24072415878654052
real,sdy67,transcriptformer/ridge_scaler_loo,0.7337838950639444,0.9699999999999999,0.037660996237314975,0.023596788766968527,0.7185917626706655
real,sdy67,transcriptformer/ridge_scaler,0.7271,0.9799999999999999,0.033830532389426834,0.026807306461680135,0.724888347275087
real,sdy67,transcriptformer/progressive3,0.19842210049200185,-0.11159999999999999,0.5290958681411577,0.3845698373052464,0.2734311908990543
real,sdy67,transcriptformer/ridge,0.7271,0.9799999999999999,0.03383053151257387,0.026807306381217876,0.724888347275087
real,sdy67,transcriptformer/ridge_loo,0.6822069418379951,0.9728,0.04260546997825002,0.027049938664599954,0.6717760288089546
real,sdy67,transcriptformer/default,0.34942001297627456,0.24520000000000003,0.2398548092107275,0.18718034236640818,0.3900933326933231
real,sdy67,ols,0.25634321870899285,0.5095362200067362,0.13053189514595123,0.09947402714130191,0.20542269205951452
real,sdy67,ols/default,0.25634321870899285,0.5095362200067362,0.13053189514595123,0.09947402714130191,0.20542269205951452
real,sdy67,bulkformer_mean_pool,0.47922574376980587,0.9739999999999999,0.05727415973846655,0.03673067693503143,0.4847650652782239
real,sdy67,epic/default,0.23126850936209853,0.5624,0.15980484452352564,0.10956984733145805,0.20323809340949453
real,sdy67,bisquemarker,0.440860617200393,0.16342180610665055,0.3333423802903707,0.22781052735841784,0.4226674867886463
real,sdy67,bisquemarker/default,0.440860617200393,0.16342180610665055,0.3333423802903707,0.22781052735841784,0.4226674867886463
real,sdy67,bulkformer_random,0.6489836772414223,0.9639999999999997,0.05009935236990207,0.03082683152181383,0.6172212003517812
real,sdy67,baycount,-0.20482749970047193,-0.158,0.25854218426407133,0.2073182998281537,-0.22395752892046272
real,sdy67,baycount/default,-0.20482749970047193,-0.158,0.25854218426407133,0.2073182998281537,-0.22395752892046272
real,sdy67,deconf,0.024878472025490456,0.8064037106881947,0.1489764130283622,0.10693616512015014,0.011563245304370594
real,sdy67,deconf/default,0.024878472025490456,0.8064037106881947,0.1489764130283622,0.10693616512015014,0.011563245304370594
real,sdy67,adroit/default,0.47492628286962246,0.12329089092124235,0.23958124307697165,0.1855926157233248,0.4445523170578413
real,sdy67,music,0.3398454005032893,0.4300311740225021,0.174145687059539,0.13570258639146277,0.3003581684305699
real,sdy67,music/default,0.3398454005032893,0.4300311740225021,0.174145687059539,0.13570258639146277,0.3003581684305699
real,sdy67,bulkformer_random_mean_pool,0.6045392424162341,0.9739999999999999,0.04660479029436845,0.030029626334194936,0.5811380552220887
real,sdy67,stack/progressive4,0.17536033901290676,0.15319999999999998,0.3003292300937945,0.2283727888093443,0.16086670186722987
real,sdy67,stack/longer,0.18691413805063198,0.28,0.2633445101870815,0.21343492672896117,0.19350660970575526
real,sdy67,stack/wider,0.1762392485726687,0.2536,0.24427686981287006,0.20410137312426818,0.1884638410214563
real,sdy67,stack/ridge_scaler_loo,0.6796790132830812,0.9730987177379234,0.04248325583424274,0.02694180956330546,0.6836440328298602
real,sdy67,stack/ridge_scaler,0.6346,0.9759999999999998,0.03803466571612028,0.030342343952774055,0.6149681677192074
real,sdy67,stack/progressive3,0.19627738803551925,0.023600000000000003,0.3316209369089314,0.2522954682747594,0.1696782604521672
real,sdy67,stack/ridge,0.5968,0.9779999999999996,0.03945585461193855,0.030863738570140842,0.5592477772038332
real,sdy67,stack/ridge_loo,0.6226043275788259,0.9683999999999998,0.04661929152897172,0.029519292754706015,0.6260686251396935
real,sdy67,stack/default,0.33870443716586474,0.15839999999999999,0.28099707230764465,0.21340243481222823,0.30636417222675566
real,sdy67,ridge,0.2563432040543948,0.5095362200067362,0.13053190936767342,0.09947403087720763,0.20542269205951452
real,sdy67,ridge/default,0.2563432040543948,0.5095362200067362,0.13053190936767342,0.09947403087720763,0.20542269205951452
real,sdy67,mysort/default,0.27869408204475105,0.5414630808882295,0.16108309459103323,0.11088028027592778,0.230840697239252
real,sdy67,lindeconseq,0.28244167979828905,0.5371930392707666,0.16223203446546644,0.11116552230992241,0.24183989917658044
real,sdy67,lindeconseq/default,0.28244167979828905,0.5371930392707666,0.16223203446546644,0.11116552230992241,0.24183989917658044
real,sdy67,quantiseq/default,0.21108609160472866,0.5746918688189719,0.15284370639958597,0.10407250823193467,0.1945582071179075
real,sdy67,scaden/default,0.48351103612890806,-0.1592,0.3398392839994943,0.25199956986257976,0.46758577257236117
real,sdy67,mixupvi/default,0.26939414755050956,0.5431464566694064,0.13733443411924148,0.10214862897492338,0.21770855079596432
real,sdy67,scfoundation/full,0.10039184718823946,0.4455999999999999,0.3084691532809688,0.21340066893256865,0.10137109393750299
real,sdy67,scfoundation/longer,-0.030699083283122253,0.22319999999999998,0.29666115322582315,0.23070218631625541,-0.03882248355973696
real,sdy67,scfoundation/ridge_scaler_loo,0.6798459985351759,0.9739999999999999,0.038364150915728375,0.025157376734586612,0.6734734547412544
real,sdy67,scfoundation/ridge_scaler,0.6531,0.9659999999999997,0.03638013011547376,0.028900818049737605,0.6361882030457238
real,sdy67,scfoundation/mean_pool,-0.03858870637453734,0.8123999999999999,0.20482856082117312,0.1444855970624954,-0.05170757932126914
real,sdy67,scfoundation/ridge,0.6402,0.9739999999999998,0.03802972982473074,0.03008324286063411,0.6226276779509001
real,sdy67,scfoundation/ridge_loo,0.6503505852960112,0.9775999999999999,0.040898091621825707,0.026340961149714785,0.6558438559709344
real,sdy67,scfoundation/default,-0.03141394925576936,0.5119999999999999,0.2769320978876471,0.20894203081985507,-0.05708904142466277
real,sdy67,autogenes/default,0.2996449832680103,0.45682381356060053,0.24074461292536323,0.19065844477197422,0.2785164137946314
real,sdy67,bulkformer_mean_pool_loo,0.4875437467662945,0.9699999999999999,0.054266972375895804,0.03378130032234274,0.49508015397312566
real,sdy67,bulkformer_random_loo,0.715042563317743,0.968770853692923,0.037065343459272114,0.02317395077945201,0.7088458463695745
real,sdy67,tape,0.3900522366649207,0.2072,0.2398973974401067,0.19013488215267535,0.4150313061008976
real,sdy67,tape/default,0.3900522366649207,0.2072,0.2398973974401067,0.19013488215267535,0.4150313061008976
real,altman_TabulaSapiens,pca_ridge,0.713820624121234,0.9355236139920721,0.04082712073845309,0.025605743790468503,0.7026016314440231
real,altman_TabulaSapiens,bulkformer/bootstrap,0.5969,,0.0382,,
real,altman_TabulaSapiens,bulkformer/fstat,0.5213604027896374,0.9243158906379073,0.0568602583124601,0.03422142776005624,0.5923784749690222
real,altman_TabulaSapiens,bulkformer/ridge_scaler_loo,0.6844678628919286,0.957393110960342,0.04073705686414764,0.025012273511107175,0.6758427907056362
real,altman_TabulaSapiens,bulkformer/ridge_scaler,0.6906,0.9594607058494289,0.0318255857996816,0.023572222707130712,0.6844286006611306
real,altman_TabulaSapiens,bulkformer/mean_pool,0.6067,0.954215973899118,0.035816899495356005,0.027374132456425993,0.5753917135286394
real,altman_TabulaSapiens,bulkformer/random_mean_pool,0.6988,0.9742159738991181,0.03039452738036138,0.023043921108922373,0.6680906487649045
real,altman_TabulaSapiens,bulkformer/random,0.6056,0.9337989192684234,0.044729742304331535,0.03373020717329004,0.5470552917407598
real,altman_TabulaSapiens,bulkformer/ridge,0.8700232849162132,0.944403963389296,0.05169932844365443,0.03669947010736713,0.8575963877701182
real,altman_TabulaSapiens,bulkformer/ridge_loo,0.6362463407767353,0.9520670342144947,0.04953729669012207,0.028464911222720334,0.6452820859056907
real,altman_TabulaSapiens,recide,-0.028900490767068365,0.15039814667787427,0.4400418162723891,0.36305804811317427,0.025074850379728186
real,altman_TabulaSapiens,squid,nan,0.273610373846099,0.3597126083397251,0.2896368381635272,nan
real,altman_TabulaSapiens,squid/default,nan,0.273610373846099,0.3597126083397251,0.2896368381635272,nan
real,altman_TabulaSapiens,decode,-0.05658785954855125,0.6571368826439544,0.32007796091496216,0.25894152098694984,-0.04941084570209811
real,altman_TabulaSapiens,demixsc,nan,0.273610373846099,0.3597126083397251,0.2896368381635272,nan
real,altman_TabulaSapiens,demixsc/default,nan,0.273610373846099,0.3597126083397251,0.2896368381635272,nan
real,altman_TabulaSapiens,pca_ridge_loo,0.7137616045358565,0.9557702144231921,0.04138171983778474,0.024655908307510244,0.7001779582137543
real,altman_TabulaSapiens,diffformer,0.5096100990233775,0.34529178910373226,0.34866815298965237,0.2833088928520379,0.4930237259724624
real,altman_TabulaSapiens,diffformer/default,0.5096100990233775,0.34529178910373226,0.34866815298965237,0.2833088928520379,0.4930237259724624
real,altman_TabulaSapiens,nnls,0.3861487881823803,0.11801242236024842,0.38300659357015604,0.30078201373803004,0.3689669887757573
real,altman_TabulaSapiens,nnls/default,0.3861487844561209,0.11801242236024842,0.38300656780410675,0.30078199429959274,0.3689669887757573
real,altman_TabulaSapiens,bulkformer_random_mean_pool_loo,0.7146207188908106,0.96534060295795,0.03413689881712423,0.02126203850321017,0.6970728134678293
real,altman_TabulaSapiens,countbridges,0.646412826751642,0.05703734597448584,0.2608052467618571,0.23691219762746682,0.6255045951695708
real,altman_TabulaSapiens,scgpt/da,0.41582997990818554,0.6571368826439544,0.3108859608307702,0.2612103963001282,0.42912042714592097
real,altman_TabulaSapiens,scgpt/ridge_scaler_loo,0.5415487693610397,0.944843708548012,0.052431913320009994,0.03387466231406748,0.5245768809730305
real,altman_TabulaSapiens,scgpt/ridge_scaler,0.5189,0.9572928969760413,0.04348910529544966,0.0344174510750314,0.5203612405863302
real,altman_TabulaSapiens,scgpt/mmd,0.39251763608804,0.6571368826439544,0.30420966889662804,0.2552209978817575,0.39134886028460497
real,altman_TabulaSapiens,scgpt/lr_7e5,0.4556505987377673,0.6571368826439544,0.29116561978166133,0.24359002687332384,0.45823742387584376
real,altman_TabulaSapiens,scgpt/ridge,0.6199,0.9076923076923077,0.06315284328711795,0.04918333762611294,0.589253013183656
real,altman_TabulaSapiens,scgpt/finetune,0.42541500991444403,0.6586896776750103,0.25660912500833305,0.21450319218867228,0.42143161695880876
real,altman_TabulaSapiens,scgpt/ridge_loo,0.4004166514461095,0.9448195051143922,0.062316102711506824,0.03970029943494161,0.3908103805309775
real,altman_TabulaSapiens,scgpt/frozen,0.10340363547752433,0.6571368826439544,0.29189711264513624,0.23036868998143412,0.09336538269209577
real,altman_TabulaSapiens,bisqueref,0.44158879735840156,0.4368848277522975,0.25010007394696726,0.19954110664643124,0.42266333305886344
real,altman_TabulaSapiens,bisqueref/default,0.44158879735840156,0.4368848277522975,0.25010007394696726,0.19954110664643124,0.42266333305886344
real,altman_TabulaSapiens,scgpt_lora,0.014185461867513535,0.8726548277441706,0.0875539440161057,0.06080963368398519,0.015587021806530307
real,altman_TabulaSapiens,scgpt_lora/default,-0.0012071721255779266,0.9355108027392635,0.07858732342720032,0.05058710649609566,-0.00246898739880774
real,altman_TabulaSapiens,bayesprism,0.5909267072528838,0.13933548262044856,0.2669274109858481,0.23655861548392268,0.5661483873706773
real,altman_TabulaSapiens,bayesprism/default,0.5909267072528838,0.13933548262044856,0.2669274109858481,0.23655861548392268,0.5661483873706773
real,altman_TabulaSapiens,geneformer/ridge_scaler_loo,0.5028532897582031,0.9424862786622051,0.05069528615690022,0.03295014470179062,0.46223966191426447
real,altman_TabulaSapiens,geneformer/ridge_scaler,0.4521,0.9542159738991182,0.04335297860125672,0.03385303868994173,0.4235489424251416
real,altman_TabulaSapiens,geneformer/ridge,0.6466,0.9230769230769231,0.061886742150951336,0.04894467428636375,0.6106979189395422
real,altman_TabulaSapiens,geneformer/ridge_loo,0.5284573486617546,0.9431073966746276,0.05049497483367864,0.0329008841897494,0.4895453441569065
real,altman_TabulaSapiens,dtangle,0.6518262704213064,-0.17391304347826086,0.324714829104784,0.2869088240509262,0.6463330020722144
real,altman_TabulaSapiens,dtangle/default,0.6518262704213064,-0.17391304347826086,0.324714829104784,0.2869088240509262,0.6463330020722144
real,altman_TabulaSapiens,transcriptformer/pca_ridge_loo,0.5641149530379969,0.9504176350374,0.0510999889736372,0.031903713788897045,0.5681305358925894
real,altman_TabulaSapiens,transcriptformer/ridge_scaler_loo,0.5998328857964838,0.9541524109231408,0.04747570327994615,0.030094223789167575,0.6073169348586035
real,altman_TabulaSapiens,transcriptformer/ridge_scaler,0.5912,0.9634067764343718,0.04030911038089878,0.0301309706596821,0.5727995169930381
real,altman_TabulaSapiens,transcriptformer/ridge,0.7095,0.9230769230769231,0.06112317513155437,0.046443797273361655,0.7025591781269903
real,altman_TabulaSapiens,transcriptformer/ridge_loo,0.5641149901005487,0.9504176350374,0.05109998744345775,0.03190371311782821,0.5681305358925894
real,altman_TabulaSapiens,ols,0.24786805958114871,0.8633540372670806,0.3615416039721666,0.2819988147217128,0.11597478248348955
real,altman_TabulaSapiens,ols/default,0.24786805958114871,0.8633540372670806,0.3615416039721666,0.2819988147217128,0.11597478248348955
real,altman_TabulaSapiens,epic,0.47356093153613116,0.2852982155397032,0.207030735259893,0.16702909667812027,0.48904996087252955
real,altman_TabulaSapiens,epic/default,0.47356093153613116,0.2852982155397032,0.207030735259893,0.16702909667812027,0.48904996087252955
real,altman_TabulaSapiens,bisquemarker,0.437338081916604,0.1562967379840086,0.3908854504265401,0.32821377772517796,0.4558018552757295
real,altman_TabulaSapiens,bisquemarker/default,0.437338081916604,0.1562967379840086,0.3908854504265401,0.32821377772517796,0.4558018552757295
real,altman_TabulaSapiens,music,0.6026609154521924,0.17039138324156658,0.2444462596522228,0.21610909154741817,0.5802375848755762
real,altman_TabulaSapiens,music/default,0.6026609154521924,0.17039138324156658,0.2444462596522228,0.21610909154741817,0.5802375848755762
real,altman_TabulaSapiens,stack/progressive4,0.1617611514419859,0.7440934043830848,0.17171864097128375,0.1328317636093206,0.17244930321028187
real,altman_TabulaSapiens,stack/longer,-0.12567648966481892,0.7425406093520289,0.17028401814709723,0.1325738838570256,-0.08462671095365937
real,altman_TabulaSapiens,stack/wider,-0.20151583478772692,0.7052735286066873,0.17709404347012997,0.13788672673101895,-0.13197895678653093
real,altman_TabulaSapiens,stack/ridge_scaler_loo,0.6188041842115801,0.9552387818259622,0.04577343630222085,0.02856616054457738,0.6043741270336771
real,altman_TabulaSapiens,stack/ridge_scaler,0.6308,0.968062127745272,0.03398849978159643,0.025475952349896153,0.6180846244986092
real,altman_TabulaSapiens,stack/progressive3,0.0028038892679891924,0.8279443360601034,0.22113788123920158,0.17380455586977175,0.002923658216593815
real,altman_TabulaSapiens,stack/ridge,0.7893,0.9461538461538461,0.051458121392992974,0.04014591298393692,0.7651175384549799
real,altman_TabulaSapiens,stack/ridge_loo,0.5863168411929903,0.9532207339045073,0.04671713532881689,0.02997018228093447,0.5716517053389436
real,altman_TabulaSapiens,stack/default,0.2826980074383497,0.8509316770186334,0.3393301500439138,0.282682665764321,0.2795801722183548
real,altman_TabulaSapiens,ridge,0.2478471818834947,0.8633540372670806,0.3615510876687728,0.28200924360182067,0.11597478248348955
real,altman_TabulaSapiens,ridge/default,0.2478471818834947,0.8633540372670806,0.3615510876687728,0.28200924360182067,0.11597478248348955
real,altman_TabulaSapiens,mixupvi,0.5096100990233775,0.34529178910373226,0.34866815298965237,0.283308892852038,0.4930237259724624
real,altman_TabulaSapiens,mixupvi/default,0.5096100990233775,0.34529178910373226,0.34866815298965237,0.283308892852038,0.4930237259724624
real,altman_TabulaSapiens,scfoundation/ridge_scaler_loo,0.5617429597183603,0.9487377978424618,0.04737376569402391,0.030206506878823546,0.557277822418172
real,altman_TabulaSapiens,scfoundation/ridge_scaler,0.592,0.9641560238558448,0.03981606311824657,0.03129090884861467,0.5672399727809493
real,altman_TabulaSapiens,scfoundation/ridge,0.7155,,0.0551,,
real,altman_TabulaSapiens,scfoundation/ridge_loo,0.5531504035184929,0.9465638847989833,0.046700711443995076,0.03034777542050946,0.5472450053412741
real,altman_TabulaSapiens,bulkformer_mean_pool_loo,0.629404560161104,0.956469501752915,0.042393784188827055,0.026741675137603133,0.6120932382844116
real,altman_TabulaSapiens,bulkformer_random_loo,0.6332858679031819,0.9415594738153411,0.055339912553240944,0.03380230544922409,0.6196725324122829
real,sweetwater,pca_ridge,0.8802558785009372,0.8203815848882064,0.06188405355171706,0.0428358312199513,1.0
real,sweetwater,bulkformer/bootstrap,0.9912,0.6495610993501714,2.1219885597077152e-05,2.028215651094899e-05,0.7165063509461097
real,sweetwater,bulkformer/fstat,0.9536,,0.0563,,
real,sweetwater,bulkformer/ridge_scaler_loo,0.8347771225086212,0.6629617293382407,0.07316939837317753,0.05138197185037566,0.7793108364854158
real,sweetwater,bulkformer/ridge_scaler,0.9293264672928212,0.6650817065235052,0.05173241712485731,0.03313477428658002,0.846800440968656
real,sweetwater,bulkformer/mean_pool,0.8477,0.4495610993501713,0.0866087530620227,0.07663738871571565,0.5915063509461097
real,sweetwater,bulkformer/random_mean_pool,0.9604,0.4495610993501713,0.05179297594161965,0.04291626611815222,0.5915063509461097
real,sweetwater,bulkformer/random,0.9675,0.6495610993501714,0.032170555105913955,0.029659121474376063,0.5915063509461097
real,sweetwater,bulkformer/ridge,0.9834792385658514,0.7951986366203467,0.022761848662138658,0.008424815736739859,0.9491344865863953
real,sweetwater,bulkformer/ridge_loo,0.7082616193491232,0.6710654375223024,0.09584710367887025,0.059665105736756596,0.6709332724470833
real,sweetwater,fardeep,0.8734952270106673,0.6297416523707523,0.2056981093610321,0.15146455739123302,0.792790242677633
real,sweetwater,fardeep/default,0.8734952270106673,0.6297416523707523,0.2056981093610321,0.15146455739123302,0.792790242677633
real,sweetwater,deconrnaseq,0.8819683571111294,0.6057393768118702,0.1793594183956369,0.13131113008570958,0.7989956547812185
real,sweetwater,deconrnaseq/default,0.8819683571111294,0.6057393768118702,0.1793594183956369,0.13131113008570958,0.7989956547812185
real,sweetwater,cibersortx,0.8757988720421491,0.5470333509702826,0.22679929453876324,0.17682711691593983,0.8118827758449623
real,sweetwater,cibersortx/default,0.8757988720421491,0.5470333509702826,0.22679929453876324,0.17682711691593983,0.8118827758449623
real,sweetwater,scdc,0.7126767184716581,0.06592405074491825,0.27855019034188794,0.23916724973281497,0.5920316337580445
real,sweetwater,scdc/default,0.7126767184716581,0.06592405074491825,0.27855019034188794,0.23916724973281497,0.5920316337580445
real,sweetwater,squid,0.8604968731627078,0.6507959922377908,0.18923897202830745,0.1455801250800844,0.7251174977058269
real,sweetwater,squid/default,0.8604968731627078,0.6507959922377908,0.18923897202830745,0.1455801250800844,0.7251174977058269
real,sweetwater,deconpeaker,0.8892856853304414,0.5426249324900361,0.1964961166943111,0.15424253466200782,0.7869796496635483
real,sweetwater,deconpeaker/default,0.8892856853304414,0.5426249324900361,0.1964961166943111,0.15424253466200782,0.7869796496635483
real,sweetwater,decode,-0.22927485735868586,-0.4092977582075728,0.25433523279710263,0.22367605497718573,-0.19055133016631223
real,sweetwater,demixsc,0.5501765139398762,-0.12291249116682712,0.3362226366178492,0.29484579296864455,0.5221703220416073
real,sweetwater,demixsc/default,0.5501765139398762,-0.12291249116682712,0.3362226366178492,0.29484579296864455,0.5221703220416073
real,sweetwater,pca_ridge_loo,0.7626627248131028,0.705046121432677,0.08075933964989046,0.05716826658163751,0.7154475804451164
real,sweetwater,diffformer,0.5501765139398753,-0.12291249116682712,0.33622263661785,0.29484579296864477,0.5221703220416073
real,sweetwater,diffformer/default,0.5501765139398753,-0.12291249116682712,0.33622263661785,0.29484579296864477,0.5221703220416073
real,sweetwater,refactor,-0.08038395029226324,0.12495091433590076,0.3496365820917427,0.2864486001785367,-0.06560784684552973
real,sweetwater,refactor/default,-0.08038395029226324,0.12495091433590076,0.3496365820917427,0.2864486001785367,-0.06560784684552973
real,sweetwater,cpm,0.6914314669003537,0.1558077745401196,0.16716232602493164,0.14030000663426676,0.6020560147764665
real,sweetwater,cpm/default,0.6914314669003537,0.1558077745401196,0.16716232602493164,0.14030000663426676,0.6020560147764665
real,sweetwater,deconica,0.02699039098529965,0.00735214732287333,0.3747988414070734,0.30493246769334104,0.02970830356253022
real,sweetwater,deconica/default,0.02699039098529965,0.00735214732287333,0.3747988414070734,0.30493246769334104,0.02970830356253022
real,sweetwater,bayice,0.5917504179144113,-0.1846965697832979,0.35229865472020816,0.29404719902804616,0.5497581588998423
real,sweetwater,bayice/default,0.5917504179144113,-0.1846965697832979,0.35229865472020816,0.29404719902804616,0.5497581588998423
real,sweetwater,nnls,0.5501765139398753,-0.12291249116682712,0.33622263661785,0.2948457929686447,0.5221703220416073
real,sweetwater,nnls/default,0.5501765139398753,-0.12291249116682712,0.33622263661785,0.2948457929686447,0.5221703220416073
real,sweetwater,nitumid,0.8355830928388134,0.3656076069040751,0.16773468856600707,0.1402198451011053,0.795537924248109
real,sweetwater,nitumid/default,0.8355830928388134,0.3656076069040751,0.16773468856600707,0.1402198451011053,0.795537924248109
real,sweetwater,bulkformer_random_mean_pool_loo,0.8977287564069554,0.6951986366203469,0.05676761271555343,0.041687698399201625,0.7781744638168365
real,sweetwater,emeth,0.8066133708533161,0.33485500863455925,0.2735043373485527,0.2230229588092148,0.7661127887110439
real,sweetwater,emeth/default,0.8066133708533161,0.33485500863455925,0.2735043373485527,0.2230229588092148,0.7661127887110439
real,sweetwater,rna-sieve,0.9014474294720879,0.6507959922377908,0.18939787052449328,0.14276416910481154,0.8246849504622684
real,sweetwater,rna-sieve/default,0.9014474294720879,0.6507959922377908,0.18939787052449328,0.14276416910481154,0.8246849504622684
real,sweetwater,condecon,0.0,0.0,0.16866069065264902,0.1310714285714286,0.0
real,sweetwater,condecon/default,0.0,0.0,0.16866069065264902,0.1310714285714286,0.0
real,sweetwater,countbridges,0.899531899390217,0.5074348900104099,0.23177110871749032,0.1888743582872316,0.8213198123986652
real,sweetwater,scgpt/da,0.46815352269422084,0.5837935064627832,0.2751744027877884,0.21711349638924088,0.4928906214540978
real,sweetwater,scgpt/ridge_scaler_loo,0.6918312227769261,0.686111758750903,0.0791946403389069,0.06081733474284276,0.6739899936866547
real,sweetwater,scgpt/ridge_scaler,0.904663099389651,0.7809129223346325,0.05153289629919536,0.03748308967944544,0.8546557973336226
real,sweetwater,scgpt/mmd,0.5646749292604555,0.46717739606912884,0.2945854830626917,0.23651599371155946,0.6522040567266707
real,sweetwater,scgpt/lr_7e5,0.34110829670316345,0.5326343803187232,0.2932511895872012,0.23412058921464396,0.532304274911685
real,sweetwater,scgpt/ridge,-0.342,0.2387425886722793,0.12029715292852111,0.09903932305935056,-0.09150635094610968
real,sweetwater,scgpt/search/ridge_cv,-0.4200169996494294,0.4094322005406341,0.36178790058207705,0.2525327454390566,-0.37750495559779784
real,sweetwater,scgpt/search/nusvr,0.5407418383977931,0.4094322005406341,0.4298082117321589,0.32255076780892683,0.5125767564227548
real,sweetwater,scgpt/search/centroid_ridge,-0.45926994464445975,0.19514648625491984,0.2073795577371412,0.17540950843707784,-0.38187754643133004
real,sweetwater,scgpt/search/elasticnet,0.11664970763983123,0.4094322005406341,0.3756218993652822,0.26886744405573476,0.09466164718616009
real,sweetwater,scgpt/search/centroid_nusvr,-0.13096666778129015,-0.061858957413174216,0.48467114201365163,0.37848593665304614,-0.05488487308280774
real,sweetwater,scgpt/search/ensemble,0.5166736389492831,0.4094322005406341,0.4239927245512046,0.31693898522573494,0.49292868185744476
real,sweetwater,scgpt/finetune,0.39585094243016083,0.575491523175866,0.2723529121478683,0.21661062531296604,0.5188159455629119
real,sweetwater,scgpt/ridge_loo,0.5835135641428826,0.6326465241385436,0.08924561952266062,0.06963498509573644,0.5050997128038939
real,sweetwater,scgpt/frozen,0.25960215122269825,0.20985962863215044,0.2622604734804197,0.21595850221857488,0.19278672411579137
real,sweetwater,nusvr,0.8310477920160139,0.40927347056793223,0.17662409456912606,0.14462927238150786,0.7628669928430909
real,sweetwater,nusvr/default,0.8310477920160139,0.40927347056793223,0.17662409456912606,0.14462927238150786,0.7628669928430909
real,sweetwater,daism,0.8149910860999464,0.2588870951865788,0.15915464933655474,0.13317961607579254,0.7479010188455195
real,sweetwater,daism/default,0.8149910860999464,0.2588870951865788,0.15915464933655474,0.13317961607579254,0.7479010188455195
real,sweetwater,immucellai,0.8256630428784557,0.2061464974730982,0.2329534126578389,0.20783305556701334,0.7848437186661544
real,sweetwater,immucellai/default,0.8256630428784557,0.2061464974730982,0.2329534126578389,0.20783305556701334,0.7848437186661544
real,sweetwater,deseq2,0.9103511138899009,0.6229973144290687,0.14449432997022196,0.10852364108021995,0.8286969707972686
real,sweetwater,deseq2/default,0.9103511138899009,0.6229973144290687,0.14449432997022196,0.10852364108021995,0.8286969707972686
real,sweetwater,mixture,0.891584202791204,0.5997677896328931,0.21954583900751895,0.16187474454814094,0.8082631590793382
real,sweetwater,mixture/default,0.891584202791204,0.5997677896328931,0.21954583900751895,0.16187474454814094,0.8082631590793382
real,sweetwater,prede,0.7365970868776188,-0.0641574102754112,0.3217233699313089,0.2704606717809766,0.6340067225895579
real,sweetwater,prede/default,0.7365970868776188,-0.0641574102754112,0.3217233699313089,0.2704606717809766,0.6340067225895579
real,sweetwater,bisqueref,0.6614641093645759,0.4645476896878436,0.1868664344352137,0.13700884511142356,0.5842805176029818
real,sweetwater,bisqueref/default,0.6614641093645759,0.4645476896878436,0.1868664344352137,0.13700884511142356,0.5842805176029818
real,sweetwater,dsa,0.8902700338253469,0.4988398276913837,0.18453015358542954,0.14449851440007316,0.8103314494871335
real,sweetwater,dsa/default,0.8902700338253469,0.4988398276913837,0.18453015358542954,0.14449851440007316,0.8103314494871335
real,sweetwater,aric,0.7320383918282377,0.4116548843643378,0.24678176759156367,0.19675844288455835,0.6268178343932485
real,sweetwater,aric/default,0.7320383918282377,0.4116548843643378,0.24678176759156367,0.19675844288455835,0.6268178343932485
real,sweetwater,deconvseq,0.7226619666489631,0.6237700651917752,0.2820385286560119,0.21676726397213558,0.7712673357068474
real,sweetwater,deconvseq/default,0.7226619666489631,0.6237700651917752,0.2820385286560119,0.21676726397213558,0.7712673357068474
real,sweetwater,scgpt_lora/default,0.7797031253576279,0.5936531350949336,0.08181484788656235,0.05970879644155502,0.7117363688469653
real,sweetwater,bayesprism,0.9060603188853261,0.577024880881459,0.21206534044787556,0.16601289071806877,0.8220386925371156
real,sweetwater,bayesprism/default,0.9060603188853261,0.577024880881459,0.21206534044787556,0.16601289071806877,0.8220386925371156
real,sweetwater,sweetwater,0.7434572801977444,-0.1563943940197912,0.1816870629703983,0.15034033349178183,0.6893691472170519
real,sweetwater,sweetwater/default,0.7434572801977444,-0.1563943940197912,0.1816870629703983,0.15034033349178183,0.6893691472170519
real,sweetwater,toast,0.8878672679284726,0.5868845095136095,0.1349677896054092,0.10701707791817043,0.8065303730343125
real,sweetwater,toast/default,0.8878672679284726,0.5868845095136095,0.1349677896054092,0.10701707791817043,0.8065303730343125
real,sweetwater,geneformer/longer,-0.21505216501296556,-0.32905156171747935,0.201916092018614,0.16285001571916,-0.26475090485435854
real,sweetwater,geneformer/wider,-0.14947627141097217,-0.15534070804479577,0.18656990994270842,0.15418806069579863,-0.09463951123611089
real,sweetwater,geneformer/ridge_scaler_loo,0.6001616168385913,0.6650817065235052,0.08707378767259273,0.06888526618010789,0.5486426981725168
real,sweetwater,geneformer/ridge_scaler,0.7954,0.4495610993501713,0.09820804033442579,0.08783525971905834,0.5915063509461097
real,sweetwater,geneformer/ridge,0.8656,0.4495610993501713,0.09203122891808188,0.08181945047736111,0.5915063509461097
real,sweetwater,geneformer/finetune,0.24755572151895167,0.37889897006753553,0.16168064032364193,0.13069926362673343,0.1578430037328619
real,sweetwater,geneformer/ridge_loo,0.5039608734017902,0.6650817065235052,0.09058093820744224,0.07322272469157588,0.43847626728079125
real,sweetwater,geneformer/default,-0.4319426265142062,-0.6048478463298216,0.20752853539643115,0.16870782845348467,-0.4732928544121565
real,sweetwater,dtangle,0.898507000804438,0.6380557794774896,0.14833343116795097,0.118570040549006,0.8202950327787379
real,sweetwater,dtangle/default,0.898507000804438,0.6380557794774896,0.14833343116795097,0.118570040549006,0.8202950327787379
real,sweetwater,transcriptformer/pca_ridge_loo,0.34720771710836773,0.7087116001433545,0.08060858652045688,0.06504624327311305,0.2589553937840615
real,sweetwater,transcriptformer/progressive4,-0.342083792168962,-0.05035086675279895,0.16993970022889396,0.13357766436944396,-0.4057672084204483
real,sweetwater,transcriptformer/longer,0.37986110823544916,0.34072594468296463,0.32339823856263394,0.2585186582289207,0.35326747932882846
real,sweetwater,transcriptformer/ridge_scaler_loo,0.5862838277274256,0.7087116001433545,0.08236431099558915,0.06366156958355722,0.4948121699921609
real,sweetwater,transcriptformer/ridge_scaler,0.4285,0.24956109935017132,0.12035945403238728,0.09642040938912613,0.4665063509461097
real,sweetwater,transcriptformer/progressive3,0.3890318453845308,-0.061018754776210306,0.17421832167698212,0.14178955224867562,0.36256122230091004
real,sweetwater,transcriptformer/ridge,0.2526,0.4495610993501713,0.12036529958624002,0.09578873703619967,0.21650635094610968
real,sweetwater,transcriptformer/finetune,0.23440047859835247,0.34072594468296463,0.20024134369031507,0.15261246687078223,0.21483683536186038
real,sweetwater,transcriptformer/ridge_loo,0.3472077227743413,0.7087116001433545,0.08060858139714581,0.06504623510303026,0.2589553937840615
real,sweetwater,ols,0.5969988427707076,-0.15071116897554915,0.3221883220812911,0.3012231989002482,0.556522048643299
real,sweetwater,ols/default,0.5969988427707076,-0.15071116897554915,0.3221883220812911,0.3012231989002482,0.556522048643299
real,sweetwater,bulkformer_mean_pool,0.6357501747963307,0.4495610993501713,0.09251344085642761,0.076637383121585,0.5915063509461097
real,sweetwater,epic,0.8694348569100986,0.41909712915607494,0.20488785957746805,0.161346930688736,0.7667210095681414
real,sweetwater,epic/default,0.8694348569100986,0.41909712915607494,0.20488785957746805,0.161346930688736,0.7667210095681414
real,sweetwater,bisquemarker,0.6879336205146727,0.34843664669628466,0.297065071660806,0.23314192988520832,0.7012081872153675
real,sweetwater,bisquemarker/default,0.6879336205146727,0.34843664669628466,0.297065071660806,0.23314192988520832,0.7012081872153675
real,sweetwater,bulkformer_random,0.7300729092322207,0.6495610993501714,0.03276699211847334,0.026420979761918414,0.5915063509461097
real,sweetwater,adroit,0.8093343344308173,0.19667814627137875,0.3277737526235244,0.2705587165826272,0.72271955878348
real,sweetwater,adroit/default,0.8093343344308173,0.19667814627137875,0.3277737526235244,0.2705587165826272,0.72271955878348
real,sweetwater,mcpcounter,0.8054423626736558,0.6237700651917754,0.12374018281653369,0.10198893616236035,0.752261840325347
real,sweetwater,mcpcounter/default,0.8054423626736558,0.6237700651917754,0.12374018281653369,0.10198893616236035,0.752261840325347
real,sweetwater,music,0.8363769216650283,0.3702072066071323,0.23304911612420243,0.18499215891225834,0.7796073723590778
real,sweetwater,music/default,0.8363769216650283,0.3702072066071323,0.23304911612420243,0.18499215891225834,0.7796073723590778
real,sweetwater,bulkformer_random_mean_pool,0.7237678056331822,0.5828944326835046,0.056441995160197794,0.039077862609588614,0.5915063509461097
real,sweetwater,stack/progressive4,0.15729373269974212,-0.2895780395278185,0.17707018830040003,0.1412507100177292,0.1405460862834157
real,sweetwater,stack/longer,0.25189206601461633,0.18078516352139043,0.177052176198927,0.1498373022718367,0.1977781050967512
real,sweetwater,stack/wider,0.4090167981123817,0.36564403836353604,0.17789557471292416,0.1458410415470438,0.3624100735174399
real,sweetwater,stack/ridge_scaler_loo,0.8305021692419488,0.652341493763204,0.06832677497282347,0.05097352940974511,0.7274642211348172
real,sweetwater,stack/ridge_scaler,0.9872098805938918,0.7951986366203467,0.01861749315295708,0.010026122724255137,0.9521866304764011
real,sweetwater,stack/progressive3,0.3303343810608723,-0.41190908952780164,0.20999146002815813,0.17570920773290846,0.292413602762165
real,sweetwater,stack/ridge,0.8809,0.6495610993501714,0.045011506829805877,0.04094145571243816,0.5915063509461097
real,sweetwater,stack/ridge_loo,0.7629279702562646,0.7052133216802308,0.0732302569170167,0.058825609305275015,0.7158239257484975
real,sweetwater,stack/default,0.4211985572854086,-0.06469591589125488,0.3031034707772418,0.2638440309394479,0.29652941984873776
real,sweetwater,ridge,0.597066185509294,-0.15071116897554915,0.3221832570822445,0.3012255128622983,0.556522048643299
real,sweetwater,ridge/default,0.597066185509294,-0.15071116897554915,0.3221832570822445,0.3012255128622983,0.556522048643299
real,sweetwater,mysort,0.8899341842487964,0.5997677896328931,0.21618274843533783,0.15948066512037024,0.8021535925127845
real,sweetwater,mysort/default,0.8899341842487964,0.5997677896328931,0.21618274843533783,0.15948066512037024,0.8021535925127845
real,sweetwater,lindeconseq,0.8894974436259278,0.5928560966925864,0.2271723409951709,0.17240640510721897,0.7871668724853499
real,sweetwater,lindeconseq/default,0.8894974436259278,0.5928560966925864,0.2271723409951709,0.17240640510721897,0.7871668724853499
real,sweetwater,quantiseq,0.8844002624914175,0.548596519669013,0.13797608635869393,0.11151744377776604,0.8117827991508219
real,sweetwater,quantiseq/default,0.8844002624914175,0.548596519669013,0.13797608635869393,0.11151744377776604,0.8117827991508219
real,sweetwater,scaden,0.7420916101712532,0.03843105720357902,0.28494135172776763,0.21884317783535306,0.7279410836380958
real,sweetwater,scaden/default,0.7420916101712532,0.03843105720357902,0.28494135172776763,0.21884317783535306,0.7279410836380958
real,sweetwater,mixupvi,0.5501765139398753,-0.12291249116682712,0.33622263661785,0.29484579296864477,0.5221703220416073
real,sweetwater,mixupvi/default,0.5501765139398753,-0.12291249116682712,0.33622263661785,0.29484579296864477,0.5221703220416073
real,sweetwater,scfoundation/full,0.18468379399369517,0.2835830875401076,0.3421037934122537,0.27062856943853975,0.1247735085661795
real,sweetwater,scfoundation/longer,0.07192323847214435,0.2835830875401076,0.19407106694061074,0.1513091685891994,-0.003299768703978842
real,sweetwater,scfoundation/ridge_scaler_loo,0.5096622159389268,0.6104121580965012,0.10095472233689959,0.07902239793275656,0.42588555278840057
real,sweetwater,scfoundation/ridge_scaler,-0.0337,0.4495610993501713,0.11616497178582615,0.10290258471606364,0.09150635094610968
real,sweetwater,scfoundation/mean_pool,-0.2764052199439287,0.07217749596709068,0.3867065689297615,0.3080281528842006,-0.2639144113209887
real,sweetwater,scfoundation/ridge,0.0813,0.4495610993501713,0.10731434168609932,0.09499219571716916,0.09150635094610968
real,sweetwater,scfoundation/ridge_loo,0.4555644408497037,0.6365102779520766,0.09769240828851279,0.0754809803871852,0.4033661671653498
real,sweetwater,scfoundation/default,0.17117715291507313,0.2835830875401076,0.19445071135956907,0.15839537431316428,0.07191839700601418
real,sweetwater,autogenes,0.8832725963881379,0.6365102779520766,0.17386916045948644,0.13735708987449205,0.7311341736957051
real,sweetwater,autogenes/default,0.8832725963881379,0.6365102779520766,0.17386916045948644,0.13735708987449205,0.7311341736957051
real,sweetwater,bulkformer_mean_pool_loo,0.6556461487728107,0.5777976316441656,0.0964486454773529,0.07419384891598091,0.6992472834816554
real,sweetwater,bulkformer_random_loo,0.8903576323884819,0.7193318357183912,0.059471665215877385,0.03980732086631423,0.8223026823244177
real,sweetwater,tape,0.8114069518036413,0.26225949486514727,0.17590990955634617,0.1515975107675505,0.7414949817472798
real,sweetwater,tape/default,0.8114069518036413,0.26225949486514727,0.17590990955634617,0.1515975107675505,0.7414949817472798
